{
  "0.005": [
    [
      0.6931387186050415,
      0.6915658712387085,
      0.6853837370872498,
      0.6706512570381165,
      0.6532160639762878,
      0.6263929009437561,
      0.5815209150314331,
      0.5691843032836914,
      0.521099865436554,
      0.5017590522766113
    ],
    [
      0.693122386932373,
      0.6911988258361816,
      0.6835335493087769,
      0.6716139912605286,
      0.6460236310958862,
      0.6160677075386047,
      0.5656235814094543,
      0.5504772067070007,
      0.5072506666183472,
      0.5067898035049438
    ]
  ],
  "0.05": [
    [
      0.7450448274612427,
      0.639403760433197,
      0.6125264167785645,
      0.5716468095779419,
      0.5336613655090332,
      0.48693448305130005,
      0.4510909914970398,
      0.5128389596939087,
      0.4841281771659851,
      0.5061420202255249
    ],
    [
      0.6871472597122192,
      0.5850455164909363,
      0.5127126574516296,
      0.49310240149497986,
      0.45068803429603577,
      0.42886027693748474,
      0.4540935456752777,
      0.3821820318698883,
      0.3925953507423401,
      0.39557963609695435
    ]
  ],
  "0.5": [
    [
      1.2820215225219727,
      0.9144439697265625,
      0.8567323684692383,
      0.8302567601203918,
      0.7859913110733032,
      0.683850109577179,
      0.6753071546554565,
      0.5399520397186279,
      0.6155256032943726,
      0.5478421449661255
    ],
    [
      1.1443840265274048,
      0.8657292127609253,
      0.7549704909324646,
      0.6770750880241394,
      0.6434676051139832,
      0.6212340593338013,
      0.6468824148178101,
      0.5353835821151733,
      0.5953171849250793,
      0.6094734072685242
    ]
  ]
}