{
  "0.005": [
    [
      0.6917244791984558,
      0.6849857568740845,
      0.6717504262924194,
      0.6503118276596069,
      0.6197236776351929,
      0.5803058743476868,
      0.5341436266899109,
      0.48541441559791565,
      0.4385558068752289,
      0.3988722562789917
    ],
    [
      0.6913800835609436,
      0.6834200024604797,
      0.6679626703262329,
      0.6428952813148499,
      0.6093254089355469,
      0.5687459707260132,
      0.5242497324943542,
      0.4801555573940277,
      0.4417212903499603,
      0.4122764468193054
    ]
  ],
  "0.05": [
    [
      0.6919272541999817,
      0.6905710697174072,
      0.6892637610435486,
      0.6879520416259766,
      0.6865118145942688,
      0.6848990321159363,
      0.6830714344978333,
      0.6811858415603638,
      0.6795778274536133,
      0.6784569621086121
    ],
    [
      0.6911385655403137,
      0.6890458464622498,
      0.6869508028030396,
      0.6848146319389343,
      0.6829015016555786,
      0.6804620027542114,
      0.677734375,
      0.674026608467102,
      0.6709963083267212,
      0.6680781841278076
    ]
  ],
  "0.5": [
    [
      0.6930351257324219,
      0.6904770135879517,
      0.6863898038864136,
      0.6817526817321777,
      0.6799246668815613,
      0.6793713569641113,
      0.676525890827179,
      0.670818567276001,
      0.6652005314826965,
      0.6607741117477417
    ],
    [
      0.6894375085830688,
      0.68890780210495,
      0.6881088018417358,
      0.6861403584480286,
      0.6833296418190002,
      0.6801965236663818,
      0.6763437390327454,
      0.6720224618911743,
      0.6677765250205994,
      0.6641193628311157
    ]
  ]
}