dataset,identity_id,person_name,image_filename,relative_path
VGGFace2,n000002,A_Fine_Frenzy,0001_01.jpg,vggface2_balanced_100_100/n000002/0001_01.jpg
VGGFace2,n000002,A_Fine_Frenzy,0002_01.jpg,vggface2_balanced_100_100/n000002/0002_01.jpg
VGGFace2,n000002,A_Fine_Frenzy,0003_01.jpg,vggface2_balanced_100_100/n000002/0003_01.jpg
VGGFace2,n000002,A_Fine_Frenzy,0004_01.jpg,vggface2_balanced_100_100/n000002/0004_01.jpg
VGGFace2,n000002,A_Fine_Frenzy,0005_01.jpg,vggface2_balanced_100_100/n000002/0005_01.jpg
VGGFace2,n000002,A_Fine_Frenzy,0006_01.jpg,vggface2_balanced_100_100/n000002/0006_01.jpg
VGGFace2,n000002,A_Fine_Frenzy,0007_01.jpg,vggface2_balanced_100_100/n000002/0007_01.jpg
VGGFace2,n000002,A_Fine_Frenzy,0008_01.jpg,vggface2_balanced_100_100/n000002/0008_01.jpg
VGGFace2,n000002,A_Fine_Frenzy,0009_01.jpg,vggface2_balanced_100_100/n000002/0009_01.jpg
VGGFace2,n000002,A_Fine_Frenzy,0010_01.jpg,vggface2_balanced_100_100/n000002/0010_01.jpg
VGGFace2,n000002,A_Fine_Frenzy,0011_01.jpg,vggface2_balanced_100_100/n000002/0011_01.jpg
VGGFace2,n000002,A_Fine_Frenzy,0012_01.jpg,vggface2_balanced_100_100/n000002/0012_01.jpg
VGGFace2,n000002,A_Fine_Frenzy,0013_01.jpg,vggface2_balanced_100_100/n000002/0013_01.jpg
VGGFace2,n000002,A_Fine_Frenzy,0014_01.jpg,vggface2_balanced_100_100/n000002/0014_01.jpg
VGGFace2,n000002,A_Fine_Frenzy,0015_01.jpg,vggface2_balanced_100_100/n000002/0015_01.jpg
VGGFace2,n000002,A_Fine_Frenzy,0016_01.jpg,vggface2_balanced_100_100/n000002/0016_01.jpg
VGGFace2,n000002,A_Fine_Frenzy,0017_01.jpg,vggface2_balanced_100_100/n000002/0017_01.jpg
VGGFace2,n000002,A_Fine_Frenzy,0018_01.jpg,vggface2_balanced_100_100/n000002/0018_01.jpg
VGGFace2,n000002,A_Fine_Frenzy,0018_02.jpg,vggface2_balanced_100_100/n000002/0018_02.jpg
VGGFace2,n000002,A_Fine_Frenzy,0018_03.jpg,vggface2_balanced_100_100/n000002/0018_03.jpg
VGGFace2,n000002,A_Fine_Frenzy,0018_04.jpg,vggface2_balanced_100_100/n000002/0018_04.jpg
VGGFace2,n000002,A_Fine_Frenzy,0019_01.jpg,vggface2_balanced_100_100/n000002/0019_01.jpg
VGGFace2,n000002,A_Fine_Frenzy,0020_01.jpg,vggface2_balanced_100_100/n000002/0020_01.jpg
VGGFace2,n000002,A_Fine_Frenzy,0021_01.jpg,vggface2_balanced_100_100/n000002/0021_01.jpg
VGGFace2,n000002,A_Fine_Frenzy,0022_01.jpg,vggface2_balanced_100_100/n000002/0022_01.jpg
VGGFace2,n000002,A_Fine_Frenzy,0023_01.jpg,vggface2_balanced_100_100/n000002/0023_01.jpg
VGGFace2,n000002,A_Fine_Frenzy,0024_01.jpg,vggface2_balanced_100_100/n000002/0024_01.jpg
VGGFace2,n000002,A_Fine_Frenzy,0025_01.jpg,vggface2_balanced_100_100/n000002/0025_01.jpg
VGGFace2,n000002,A_Fine_Frenzy,0026_01.jpg,vggface2_balanced_100_100/n000002/0026_01.jpg
VGGFace2,n000002,A_Fine_Frenzy,0027_01.jpg,vggface2_balanced_100_100/n000002/0027_01.jpg
VGGFace2,n000002,A_Fine_Frenzy,0028_01.jpg,vggface2_balanced_100_100/n000002/0028_01.jpg
VGGFace2,n000002,A_Fine_Frenzy,0029_01.jpg,vggface2_balanced_100_100/n000002/0029_01.jpg
VGGFace2,n000002,A_Fine_Frenzy,0030_01.jpg,vggface2_balanced_100_100/n000002/0030_01.jpg
VGGFace2,n000002,A_Fine_Frenzy,0031_01.jpg,vggface2_balanced_100_100/n000002/0031_01.jpg
VGGFace2,n000002,A_Fine_Frenzy,0031_02.jpg,vggface2_balanced_100_100/n000002/0031_02.jpg
VGGFace2,n000002,A_Fine_Frenzy,0031_03.jpg,vggface2_balanced_100_100/n000002/0031_03.jpg
VGGFace2,n000002,A_Fine_Frenzy,0031_04.jpg,vggface2_balanced_100_100/n000002/0031_04.jpg
VGGFace2,n000002,A_Fine_Frenzy,0031_05.jpg,vggface2_balanced_100_100/n000002/0031_05.jpg
VGGFace2,n000002,A_Fine_Frenzy,0031_06.jpg,vggface2_balanced_100_100/n000002/0031_06.jpg
VGGFace2,n000002,A_Fine_Frenzy,0031_07.jpg,vggface2_balanced_100_100/n000002/0031_07.jpg
VGGFace2,n000002,A_Fine_Frenzy,0031_08.jpg,vggface2_balanced_100_100/n000002/0031_08.jpg
VGGFace2,n000002,A_Fine_Frenzy,0032_01.jpg,vggface2_balanced_100_100/n000002/0032_01.jpg
VGGFace2,n000002,A_Fine_Frenzy,0033_01.jpg,vggface2_balanced_100_100/n000002/0033_01.jpg
VGGFace2,n000002,A_Fine_Frenzy,0034_01.jpg,vggface2_balanced_100_100/n000002/0034_01.jpg
VGGFace2,n000002,A_Fine_Frenzy,0035_01.jpg,vggface2_balanced_100_100/n000002/0035_01.jpg
VGGFace2,n000002,A_Fine_Frenzy,0036_01.jpg,vggface2_balanced_100_100/n000002/0036_01.jpg
VGGFace2,n000002,A_Fine_Frenzy,0037_01.jpg,vggface2_balanced_100_100/n000002/0037_01.jpg
VGGFace2,n000002,A_Fine_Frenzy,0038_01.jpg,vggface2_balanced_100_100/n000002/0038_01.jpg
VGGFace2,n000002,A_Fine_Frenzy,0039_01.jpg,vggface2_balanced_100_100/n000002/0039_01.jpg
VGGFace2,n000002,A_Fine_Frenzy,0040_01.jpg,vggface2_balanced_100_100/n000002/0040_01.jpg
VGGFace2,n000002,A_Fine_Frenzy,0041_01.jpg,vggface2_balanced_100_100/n000002/0041_01.jpg
VGGFace2,n000002,A_Fine_Frenzy,0042_01.jpg,vggface2_balanced_100_100/n000002/0042_01.jpg
VGGFace2,n000002,A_Fine_Frenzy,0043_01.jpg,vggface2_balanced_100_100/n000002/0043_01.jpg
VGGFace2,n000002,A_Fine_Frenzy,0044_01.jpg,vggface2_balanced_100_100/n000002/0044_01.jpg
VGGFace2,n000002,A_Fine_Frenzy,0045_01.jpg,vggface2_balanced_100_100/n000002/0045_01.jpg
VGGFace2,n000002,A_Fine_Frenzy,0046_01.jpg,vggface2_balanced_100_100/n000002/0046_01.jpg
VGGFace2,n000002,A_Fine_Frenzy,0048_01.jpg,vggface2_balanced_100_100/n000002/0048_01.jpg
VGGFace2,n000002,A_Fine_Frenzy,0049_01.jpg,vggface2_balanced_100_100/n000002/0049_01.jpg
VGGFace2,n000002,A_Fine_Frenzy,0051_01.jpg,vggface2_balanced_100_100/n000002/0051_01.jpg
VGGFace2,n000002,A_Fine_Frenzy,0051_02.jpg,vggface2_balanced_100_100/n000002/0051_02.jpg
VGGFace2,n000002,A_Fine_Frenzy,0052_01.jpg,vggface2_balanced_100_100/n000002/0052_01.jpg
VGGFace2,n000002,A_Fine_Frenzy,0053_02.jpg,vggface2_balanced_100_100/n000002/0053_02.jpg
VGGFace2,n000002,A_Fine_Frenzy,0054_01.jpg,vggface2_balanced_100_100/n000002/0054_01.jpg
VGGFace2,n000002,A_Fine_Frenzy,0055_01.jpg,vggface2_balanced_100_100/n000002/0055_01.jpg
VGGFace2,n000002,A_Fine_Frenzy,0056_01.jpg,vggface2_balanced_100_100/n000002/0056_01.jpg
VGGFace2,n000002,A_Fine_Frenzy,0057_01.jpg,vggface2_balanced_100_100/n000002/0057_01.jpg
VGGFace2,n000002,A_Fine_Frenzy,0058_01.jpg,vggface2_balanced_100_100/n000002/0058_01.jpg
VGGFace2,n000002,A_Fine_Frenzy,0059_01.jpg,vggface2_balanced_100_100/n000002/0059_01.jpg
VGGFace2,n000002,A_Fine_Frenzy,0060_01.jpg,vggface2_balanced_100_100/n000002/0060_01.jpg
VGGFace2,n000002,A_Fine_Frenzy,0061_01.jpg,vggface2_balanced_100_100/n000002/0061_01.jpg
VGGFace2,n000002,A_Fine_Frenzy,0062_01.jpg,vggface2_balanced_100_100/n000002/0062_01.jpg
VGGFace2,n000002,A_Fine_Frenzy,0063_02.jpg,vggface2_balanced_100_100/n000002/0063_02.jpg
VGGFace2,n000002,A_Fine_Frenzy,0064_01.jpg,vggface2_balanced_100_100/n000002/0064_01.jpg
VGGFace2,n000002,A_Fine_Frenzy,0065_01.jpg,vggface2_balanced_100_100/n000002/0065_01.jpg
VGGFace2,n000002,A_Fine_Frenzy,0066_01.jpg,vggface2_balanced_100_100/n000002/0066_01.jpg
VGGFace2,n000002,A_Fine_Frenzy,0067_01.jpg,vggface2_balanced_100_100/n000002/0067_01.jpg
VGGFace2,n000002,A_Fine_Frenzy,0068_01.jpg,vggface2_balanced_100_100/n000002/0068_01.jpg
VGGFace2,n000002,A_Fine_Frenzy,0069_01.jpg,vggface2_balanced_100_100/n000002/0069_01.jpg
VGGFace2,n000002,A_Fine_Frenzy,0070_01.jpg,vggface2_balanced_100_100/n000002/0070_01.jpg
VGGFace2,n000002,A_Fine_Frenzy,0071_01.jpg,vggface2_balanced_100_100/n000002/0071_01.jpg
VGGFace2,n000002,A_Fine_Frenzy,0072_02.jpg,vggface2_balanced_100_100/n000002/0072_02.jpg
VGGFace2,n000002,A_Fine_Frenzy,0073_01.jpg,vggface2_balanced_100_100/n000002/0073_01.jpg
VGGFace2,n000002,A_Fine_Frenzy,0074_01.jpg,vggface2_balanced_100_100/n000002/0074_01.jpg
VGGFace2,n000002,A_Fine_Frenzy,0075_01.jpg,vggface2_balanced_100_100/n000002/0075_01.jpg
VGGFace2,n000002,A_Fine_Frenzy,0076_01.jpg,vggface2_balanced_100_100/n000002/0076_01.jpg
VGGFace2,n000002,A_Fine_Frenzy,0077_01.jpg,vggface2_balanced_100_100/n000002/0077_01.jpg
VGGFace2,n000002,A_Fine_Frenzy,0078_01.jpg,vggface2_balanced_100_100/n000002/0078_01.jpg
VGGFace2,n000002,A_Fine_Frenzy,0079_01.jpg,vggface2_balanced_100_100/n000002/0079_01.jpg
VGGFace2,n000002,A_Fine_Frenzy,0080_01.jpg,vggface2_balanced_100_100/n000002/0080_01.jpg
VGGFace2,n000002,A_Fine_Frenzy,0081_01.jpg,vggface2_balanced_100_100/n000002/0081_01.jpg
VGGFace2,n000002,A_Fine_Frenzy,0082_01.jpg,vggface2_balanced_100_100/n000002/0082_01.jpg
VGGFace2,n000002,A_Fine_Frenzy,0083_01.jpg,vggface2_balanced_100_100/n000002/0083_01.jpg
VGGFace2,n000002,A_Fine_Frenzy,0083_02.jpg,vggface2_balanced_100_100/n000002/0083_02.jpg
VGGFace2,n000002,A_Fine_Frenzy,0084_01.jpg,vggface2_balanced_100_100/n000002/0084_01.jpg
VGGFace2,n000002,A_Fine_Frenzy,0085_01.jpg,vggface2_balanced_100_100/n000002/0085_01.jpg
VGGFace2,n000002,A_Fine_Frenzy,0086_01.jpg,vggface2_balanced_100_100/n000002/0086_01.jpg
VGGFace2,n000002,A_Fine_Frenzy,0087_01.jpg,vggface2_balanced_100_100/n000002/0087_01.jpg
VGGFace2,n000002,A_Fine_Frenzy,0089_01.jpg,vggface2_balanced_100_100/n000002/0089_01.jpg
VGGFace2,n000002,A_Fine_Frenzy,0090_01.jpg,vggface2_balanced_100_100/n000002/0090_01.jpg
VGGFace2,n000002,A_Fine_Frenzy,0091_01.jpg,vggface2_balanced_100_100/n000002/0091_01.jpg
VGGFace2,n000003,A._A._Gill,0001_01.jpg,vggface2_balanced_100_100/n000003/0001_01.jpg
VGGFace2,n000003,A._A._Gill,0002_01.jpg,vggface2_balanced_100_100/n000003/0002_01.jpg
VGGFace2,n000003,A._A._Gill,0003_01.jpg,vggface2_balanced_100_100/n000003/0003_01.jpg
VGGFace2,n000003,A._A._Gill,0004_02.jpg,vggface2_balanced_100_100/n000003/0004_02.jpg
VGGFace2,n000003,A._A._Gill,0005_01.jpg,vggface2_balanced_100_100/n000003/0005_01.jpg
VGGFace2,n000003,A._A._Gill,0006_01.jpg,vggface2_balanced_100_100/n000003/0006_01.jpg
VGGFace2,n000003,A._A._Gill,0007_01.jpg,vggface2_balanced_100_100/n000003/0007_01.jpg
VGGFace2,n000003,A._A._Gill,0008_01.jpg,vggface2_balanced_100_100/n000003/0008_01.jpg
VGGFace2,n000003,A._A._Gill,0009_02.jpg,vggface2_balanced_100_100/n000003/0009_02.jpg
VGGFace2,n000003,A._A._Gill,0010_01.jpg,vggface2_balanced_100_100/n000003/0010_01.jpg
VGGFace2,n000003,A._A._Gill,0011_02.jpg,vggface2_balanced_100_100/n000003/0011_02.jpg
VGGFace2,n000003,A._A._Gill,0012_01.jpg,vggface2_balanced_100_100/n000003/0012_01.jpg
VGGFace2,n000003,A._A._Gill,0013_01.jpg,vggface2_balanced_100_100/n000003/0013_01.jpg
VGGFace2,n000003,A._A._Gill,0014_01.jpg,vggface2_balanced_100_100/n000003/0014_01.jpg
VGGFace2,n000003,A._A._Gill,0015_01.jpg,vggface2_balanced_100_100/n000003/0015_01.jpg
VGGFace2,n000003,A._A._Gill,0016_03.jpg,vggface2_balanced_100_100/n000003/0016_03.jpg
VGGFace2,n000003,A._A._Gill,0017_01.jpg,vggface2_balanced_100_100/n000003/0017_01.jpg
VGGFace2,n000003,A._A._Gill,0018_01.jpg,vggface2_balanced_100_100/n000003/0018_01.jpg
VGGFace2,n000003,A._A._Gill,0019_01.jpg,vggface2_balanced_100_100/n000003/0019_01.jpg
VGGFace2,n000003,A._A._Gill,0020_01.jpg,vggface2_balanced_100_100/n000003/0020_01.jpg
VGGFace2,n000003,A._A._Gill,0021_01.jpg,vggface2_balanced_100_100/n000003/0021_01.jpg
VGGFace2,n000003,A._A._Gill,0022_01.jpg,vggface2_balanced_100_100/n000003/0022_01.jpg
VGGFace2,n000003,A._A._Gill,0023_03.jpg,vggface2_balanced_100_100/n000003/0023_03.jpg
VGGFace2,n000003,A._A._Gill,0024_01.jpg,vggface2_balanced_100_100/n000003/0024_01.jpg
VGGFace2,n000003,A._A._Gill,0025_01.jpg,vggface2_balanced_100_100/n000003/0025_01.jpg
VGGFace2,n000003,A._A._Gill,0026_01.jpg,vggface2_balanced_100_100/n000003/0026_01.jpg
VGGFace2,n000003,A._A._Gill,0027_02.jpg,vggface2_balanced_100_100/n000003/0027_02.jpg
VGGFace2,n000003,A._A._Gill,0028_01.jpg,vggface2_balanced_100_100/n000003/0028_01.jpg
VGGFace2,n000003,A._A._Gill,0029_01.jpg,vggface2_balanced_100_100/n000003/0029_01.jpg
VGGFace2,n000003,A._A._Gill,0030_01.jpg,vggface2_balanced_100_100/n000003/0030_01.jpg
VGGFace2,n000003,A._A._Gill,0031_02.jpg,vggface2_balanced_100_100/n000003/0031_02.jpg
VGGFace2,n000003,A._A._Gill,0032_02.jpg,vggface2_balanced_100_100/n000003/0032_02.jpg
VGGFace2,n000003,A._A._Gill,0033_01.jpg,vggface2_balanced_100_100/n000003/0033_01.jpg
VGGFace2,n000003,A._A._Gill,0034_01.jpg,vggface2_balanced_100_100/n000003/0034_01.jpg
VGGFace2,n000003,A._A._Gill,0035_01.jpg,vggface2_balanced_100_100/n000003/0035_01.jpg
VGGFace2,n000003,A._A._Gill,0036_01.jpg,vggface2_balanced_100_100/n000003/0036_01.jpg
VGGFace2,n000003,A._A._Gill,0037_02.jpg,vggface2_balanced_100_100/n000003/0037_02.jpg
VGGFace2,n000003,A._A._Gill,0038_01.jpg,vggface2_balanced_100_100/n000003/0038_01.jpg
VGGFace2,n000003,A._A._Gill,0038_02.jpg,vggface2_balanced_100_100/n000003/0038_02.jpg
VGGFace2,n000003,A._A._Gill,0039_01.jpg,vggface2_balanced_100_100/n000003/0039_01.jpg
VGGFace2,n000003,A._A._Gill,0040_01.jpg,vggface2_balanced_100_100/n000003/0040_01.jpg
VGGFace2,n000003,A._A._Gill,0041_01.jpg,vggface2_balanced_100_100/n000003/0041_01.jpg
VGGFace2,n000003,A._A._Gill,0042_01.jpg,vggface2_balanced_100_100/n000003/0042_01.jpg
VGGFace2,n000003,A._A._Gill,0043_01.jpg,vggface2_balanced_100_100/n000003/0043_01.jpg
VGGFace2,n000003,A._A._Gill,0044_02.jpg,vggface2_balanced_100_100/n000003/0044_02.jpg
VGGFace2,n000003,A._A._Gill,0045_01.jpg,vggface2_balanced_100_100/n000003/0045_01.jpg
VGGFace2,n000003,A._A._Gill,0046_01.jpg,vggface2_balanced_100_100/n000003/0046_01.jpg
VGGFace2,n000003,A._A._Gill,0047_01.jpg,vggface2_balanced_100_100/n000003/0047_01.jpg
VGGFace2,n000003,A._A._Gill,0048_03.jpg,vggface2_balanced_100_100/n000003/0048_03.jpg
VGGFace2,n000003,A._A._Gill,0049_01.jpg,vggface2_balanced_100_100/n000003/0049_01.jpg
VGGFace2,n000003,A._A._Gill,0050_01.jpg,vggface2_balanced_100_100/n000003/0050_01.jpg
VGGFace2,n000003,A._A._Gill,0051_01.jpg,vggface2_balanced_100_100/n000003/0051_01.jpg
VGGFace2,n000003,A._A._Gill,0052_01.jpg,vggface2_balanced_100_100/n000003/0052_01.jpg
VGGFace2,n000003,A._A._Gill,0053_01.jpg,vggface2_balanced_100_100/n000003/0053_01.jpg
VGGFace2,n000003,A._A._Gill,0054_01.jpg,vggface2_balanced_100_100/n000003/0054_01.jpg
VGGFace2,n000003,A._A._Gill,0055_01.jpg,vggface2_balanced_100_100/n000003/0055_01.jpg
VGGFace2,n000003,A._A._Gill,0056_01.jpg,vggface2_balanced_100_100/n000003/0056_01.jpg
VGGFace2,n000003,A._A._Gill,0057_01.jpg,vggface2_balanced_100_100/n000003/0057_01.jpg
VGGFace2,n000003,A._A._Gill,0058_01.jpg,vggface2_balanced_100_100/n000003/0058_01.jpg
VGGFace2,n000003,A._A._Gill,0059_03.jpg,vggface2_balanced_100_100/n000003/0059_03.jpg
VGGFace2,n000003,A._A._Gill,0060_01.jpg,vggface2_balanced_100_100/n000003/0060_01.jpg
VGGFace2,n000003,A._A._Gill,0061_02.jpg,vggface2_balanced_100_100/n000003/0061_02.jpg
VGGFace2,n000003,A._A._Gill,0062_01.jpg,vggface2_balanced_100_100/n000003/0062_01.jpg
VGGFace2,n000003,A._A._Gill,0063_02.jpg,vggface2_balanced_100_100/n000003/0063_02.jpg
VGGFace2,n000003,A._A._Gill,0064_02.jpg,vggface2_balanced_100_100/n000003/0064_02.jpg
VGGFace2,n000003,A._A._Gill,0065_01.jpg,vggface2_balanced_100_100/n000003/0065_01.jpg
VGGFace2,n000003,A._A._Gill,0066_01.jpg,vggface2_balanced_100_100/n000003/0066_01.jpg
VGGFace2,n000003,A._A._Gill,0067_01.jpg,vggface2_balanced_100_100/n000003/0067_01.jpg
VGGFace2,n000003,A._A._Gill,0068_01.jpg,vggface2_balanced_100_100/n000003/0068_01.jpg
VGGFace2,n000003,A._A._Gill,0069_02.jpg,vggface2_balanced_100_100/n000003/0069_02.jpg
VGGFace2,n000003,A._A._Gill,0070_01.jpg,vggface2_balanced_100_100/n000003/0070_01.jpg
VGGFace2,n000003,A._A._Gill,0071_01.jpg,vggface2_balanced_100_100/n000003/0071_01.jpg
VGGFace2,n000003,A._A._Gill,0072_02.jpg,vggface2_balanced_100_100/n000003/0072_02.jpg
VGGFace2,n000003,A._A._Gill,0073_01.jpg,vggface2_balanced_100_100/n000003/0073_01.jpg
VGGFace2,n000003,A._A._Gill,0074_02.jpg,vggface2_balanced_100_100/n000003/0074_02.jpg
VGGFace2,n000003,A._A._Gill,0075_02.jpg,vggface2_balanced_100_100/n000003/0075_02.jpg
VGGFace2,n000003,A._A._Gill,0076_01.jpg,vggface2_balanced_100_100/n000003/0076_01.jpg
VGGFace2,n000003,A._A._Gill,0077_01.jpg,vggface2_balanced_100_100/n000003/0077_01.jpg
VGGFace2,n000003,A._A._Gill,0078_01.jpg,vggface2_balanced_100_100/n000003/0078_01.jpg
VGGFace2,n000003,A._A._Gill,0079_02.jpg,vggface2_balanced_100_100/n000003/0079_02.jpg
VGGFace2,n000003,A._A._Gill,0080_01.jpg,vggface2_balanced_100_100/n000003/0080_01.jpg
VGGFace2,n000003,A._A._Gill,0081_01.jpg,vggface2_balanced_100_100/n000003/0081_01.jpg
VGGFace2,n000003,A._A._Gill,0082_01.jpg,vggface2_balanced_100_100/n000003/0082_01.jpg
VGGFace2,n000003,A._A._Gill,0083_01.jpg,vggface2_balanced_100_100/n000003/0083_01.jpg
VGGFace2,n000003,A._A._Gill,0084_03.jpg,vggface2_balanced_100_100/n000003/0084_03.jpg
VGGFace2,n000003,A._A._Gill,0085_01.jpg,vggface2_balanced_100_100/n000003/0085_01.jpg
VGGFace2,n000003,A._A._Gill,0086_01.jpg,vggface2_balanced_100_100/n000003/0086_01.jpg
VGGFace2,n000003,A._A._Gill,0087_01.jpg,vggface2_balanced_100_100/n000003/0087_01.jpg
VGGFace2,n000003,A._A._Gill,0088_03.jpg,vggface2_balanced_100_100/n000003/0088_03.jpg
VGGFace2,n000003,A._A._Gill,0089_01.jpg,vggface2_balanced_100_100/n000003/0089_01.jpg
VGGFace2,n000003,A._A._Gill,0090_01.jpg,vggface2_balanced_100_100/n000003/0090_01.jpg
VGGFace2,n000003,A._A._Gill,0091_01.jpg,vggface2_balanced_100_100/n000003/0091_01.jpg
VGGFace2,n000003,A._A._Gill,0092_01.jpg,vggface2_balanced_100_100/n000003/0092_01.jpg
VGGFace2,n000003,A._A._Gill,0093_01.jpg,vggface2_balanced_100_100/n000003/0093_01.jpg
VGGFace2,n000003,A._A._Gill,0094_01.jpg,vggface2_balanced_100_100/n000003/0094_01.jpg
VGGFace2,n000003,A._A._Gill,0095_04.jpg,vggface2_balanced_100_100/n000003/0095_04.jpg
VGGFace2,n000003,A._A._Gill,0096_02.jpg,vggface2_balanced_100_100/n000003/0096_02.jpg
VGGFace2,n000003,A._A._Gill,0097_01.jpg,vggface2_balanced_100_100/n000003/0097_01.jpg
VGGFace2,n000003,A._A._Gill,0098_01.jpg,vggface2_balanced_100_100/n000003/0098_01.jpg
VGGFace2,n000003,A._A._Gill,0099_03.jpg,vggface2_balanced_100_100/n000003/0099_03.jpg
VGGFace2,n000004,A._J._Buckley,0001_01.jpg,vggface2_balanced_100_100/n000004/0001_01.jpg
VGGFace2,n000004,A._J._Buckley,0002_02.jpg,vggface2_balanced_100_100/n000004/0002_02.jpg
VGGFace2,n000004,A._J._Buckley,0003_01.jpg,vggface2_balanced_100_100/n000004/0003_01.jpg
VGGFace2,n000004,A._J._Buckley,0004_02.jpg,vggface2_balanced_100_100/n000004/0004_02.jpg
VGGFace2,n000004,A._J._Buckley,0005_01.jpg,vggface2_balanced_100_100/n000004/0005_01.jpg
VGGFace2,n000004,A._J._Buckley,0006_01.jpg,vggface2_balanced_100_100/n000004/0006_01.jpg
VGGFace2,n000004,A._J._Buckley,0007_01.jpg,vggface2_balanced_100_100/n000004/0007_01.jpg
VGGFace2,n000004,A._J._Buckley,0008_02.jpg,vggface2_balanced_100_100/n000004/0008_02.jpg
VGGFace2,n000004,A._J._Buckley,0009_02.jpg,vggface2_balanced_100_100/n000004/0009_02.jpg
VGGFace2,n000004,A._J._Buckley,0010_01.jpg,vggface2_balanced_100_100/n000004/0010_01.jpg
VGGFace2,n000004,A._J._Buckley,0011_01.jpg,vggface2_balanced_100_100/n000004/0011_01.jpg
VGGFace2,n000004,A._J._Buckley,0012_01.jpg,vggface2_balanced_100_100/n000004/0012_01.jpg
VGGFace2,n000004,A._J._Buckley,0013_01.jpg,vggface2_balanced_100_100/n000004/0013_01.jpg
VGGFace2,n000004,A._J._Buckley,0014_01.jpg,vggface2_balanced_100_100/n000004/0014_01.jpg
VGGFace2,n000004,A._J._Buckley,0015_01.jpg,vggface2_balanced_100_100/n000004/0015_01.jpg
VGGFace2,n000004,A._J._Buckley,0016_01.jpg,vggface2_balanced_100_100/n000004/0016_01.jpg
VGGFace2,n000004,A._J._Buckley,0017_01.jpg,vggface2_balanced_100_100/n000004/0017_01.jpg
VGGFace2,n000004,A._J._Buckley,0018_01.jpg,vggface2_balanced_100_100/n000004/0018_01.jpg
VGGFace2,n000004,A._J._Buckley,0019_01.jpg,vggface2_balanced_100_100/n000004/0019_01.jpg
VGGFace2,n000004,A._J._Buckley,0020_01.jpg,vggface2_balanced_100_100/n000004/0020_01.jpg
VGGFace2,n000004,A._J._Buckley,0021_01.jpg,vggface2_balanced_100_100/n000004/0021_01.jpg
VGGFace2,n000004,A._J._Buckley,0022_01.jpg,vggface2_balanced_100_100/n000004/0022_01.jpg
VGGFace2,n000004,A._J._Buckley,0023_03.jpg,vggface2_balanced_100_100/n000004/0023_03.jpg
VGGFace2,n000004,A._J._Buckley,0024_01.jpg,vggface2_balanced_100_100/n000004/0024_01.jpg
VGGFace2,n000004,A._J._Buckley,0025_01.jpg,vggface2_balanced_100_100/n000004/0025_01.jpg
VGGFace2,n000004,A._J._Buckley,0026_01.jpg,vggface2_balanced_100_100/n000004/0026_01.jpg
VGGFace2,n000004,A._J._Buckley,0027_01.jpg,vggface2_balanced_100_100/n000004/0027_01.jpg
VGGFace2,n000004,A._J._Buckley,0028_02.jpg,vggface2_balanced_100_100/n000004/0028_02.jpg
VGGFace2,n000004,A._J._Buckley,0028_03.jpg,vggface2_balanced_100_100/n000004/0028_03.jpg
VGGFace2,n000004,A._J._Buckley,0028_05.jpg,vggface2_balanced_100_100/n000004/0028_05.jpg
VGGFace2,n000004,A._J._Buckley,0028_06.jpg,vggface2_balanced_100_100/n000004/0028_06.jpg
VGGFace2,n000004,A._J._Buckley,0028_08.jpg,vggface2_balanced_100_100/n000004/0028_08.jpg
VGGFace2,n000004,A._J._Buckley,0028_09.jpg,vggface2_balanced_100_100/n000004/0028_09.jpg
VGGFace2,n000004,A._J._Buckley,0028_10.jpg,vggface2_balanced_100_100/n000004/0028_10.jpg
VGGFace2,n000004,A._J._Buckley,0029_01.jpg,vggface2_balanced_100_100/n000004/0029_01.jpg
VGGFace2,n000004,A._J._Buckley,0030_01.jpg,vggface2_balanced_100_100/n000004/0030_01.jpg
VGGFace2,n000004,A._J._Buckley,0031_01.jpg,vggface2_balanced_100_100/n000004/0031_01.jpg
VGGFace2,n000004,A._J._Buckley,0032_01.jpg,vggface2_balanced_100_100/n000004/0032_01.jpg
VGGFace2,n000004,A._J._Buckley,0033_01.jpg,vggface2_balanced_100_100/n000004/0033_01.jpg
VGGFace2,n000004,A._J._Buckley,0034_01.jpg,vggface2_balanced_100_100/n000004/0034_01.jpg
VGGFace2,n000004,A._J._Buckley,0035_01.jpg,vggface2_balanced_100_100/n000004/0035_01.jpg
VGGFace2,n000004,A._J._Buckley,0036_01.jpg,vggface2_balanced_100_100/n000004/0036_01.jpg
VGGFace2,n000004,A._J._Buckley,0037_01.jpg,vggface2_balanced_100_100/n000004/0037_01.jpg
VGGFace2,n000004,A._J._Buckley,0038_01.jpg,vggface2_balanced_100_100/n000004/0038_01.jpg
VGGFace2,n000004,A._J._Buckley,0039_01.jpg,vggface2_balanced_100_100/n000004/0039_01.jpg
VGGFace2,n000004,A._J._Buckley,0040_01.jpg,vggface2_balanced_100_100/n000004/0040_01.jpg
VGGFace2,n000004,A._J._Buckley,0041_01.jpg,vggface2_balanced_100_100/n000004/0041_01.jpg
VGGFace2,n000004,A._J._Buckley,0042_01.jpg,vggface2_balanced_100_100/n000004/0042_01.jpg
VGGFace2,n000004,A._J._Buckley,0043_01.jpg,vggface2_balanced_100_100/n000004/0043_01.jpg
VGGFace2,n000004,A._J._Buckley,0044_01.jpg,vggface2_balanced_100_100/n000004/0044_01.jpg
VGGFace2,n000004,A._J._Buckley,0045_01.jpg,vggface2_balanced_100_100/n000004/0045_01.jpg
VGGFace2,n000004,A._J._Buckley,0046_01.jpg,vggface2_balanced_100_100/n000004/0046_01.jpg
VGGFace2,n000004,A._J._Buckley,0047_02.jpg,vggface2_balanced_100_100/n000004/0047_02.jpg
VGGFace2,n000004,A._J._Buckley,0048_01.jpg,vggface2_balanced_100_100/n000004/0048_01.jpg
VGGFace2,n000004,A._J._Buckley,0049_01.jpg,vggface2_balanced_100_100/n000004/0049_01.jpg
VGGFace2,n000004,A._J._Buckley,0050_01.jpg,vggface2_balanced_100_100/n000004/0050_01.jpg
VGGFace2,n000004,A._J._Buckley,0051_01.jpg,vggface2_balanced_100_100/n000004/0051_01.jpg
VGGFace2,n000004,A._J._Buckley,0052_01.jpg,vggface2_balanced_100_100/n000004/0052_01.jpg
VGGFace2,n000004,A._J._Buckley,0053_02.jpg,vggface2_balanced_100_100/n000004/0053_02.jpg
VGGFace2,n000004,A._J._Buckley,0054_01.jpg,vggface2_balanced_100_100/n000004/0054_01.jpg
VGGFace2,n000004,A._J._Buckley,0055_01.jpg,vggface2_balanced_100_100/n000004/0055_01.jpg
VGGFace2,n000004,A._J._Buckley,0056_01.jpg,vggface2_balanced_100_100/n000004/0056_01.jpg
VGGFace2,n000004,A._J._Buckley,0057_01.jpg,vggface2_balanced_100_100/n000004/0057_01.jpg
VGGFace2,n000004,A._J._Buckley,0057_02.jpg,vggface2_balanced_100_100/n000004/0057_02.jpg
VGGFace2,n000004,A._J._Buckley,0057_03.jpg,vggface2_balanced_100_100/n000004/0057_03.jpg
VGGFace2,n000004,A._J._Buckley,0057_04.jpg,vggface2_balanced_100_100/n000004/0057_04.jpg
VGGFace2,n000004,A._J._Buckley,0057_05.jpg,vggface2_balanced_100_100/n000004/0057_05.jpg
VGGFace2,n000004,A._J._Buckley,0058_01.jpg,vggface2_balanced_100_100/n000004/0058_01.jpg
VGGFace2,n000004,A._J._Buckley,0059_01.jpg,vggface2_balanced_100_100/n000004/0059_01.jpg
VGGFace2,n000004,A._J._Buckley,0060_01.jpg,vggface2_balanced_100_100/n000004/0060_01.jpg
VGGFace2,n000004,A._J._Buckley,0061_03.jpg,vggface2_balanced_100_100/n000004/0061_03.jpg
VGGFace2,n000004,A._J._Buckley,0062_01.jpg,vggface2_balanced_100_100/n000004/0062_01.jpg
VGGFace2,n000004,A._J._Buckley,0063_01.jpg,vggface2_balanced_100_100/n000004/0063_01.jpg
VGGFace2,n000004,A._J._Buckley,0064_01.jpg,vggface2_balanced_100_100/n000004/0064_01.jpg
VGGFace2,n000004,A._J._Buckley,0065_02.jpg,vggface2_balanced_100_100/n000004/0065_02.jpg
VGGFace2,n000004,A._J._Buckley,0066_01.jpg,vggface2_balanced_100_100/n000004/0066_01.jpg
VGGFace2,n000004,A._J._Buckley,0067_01.jpg,vggface2_balanced_100_100/n000004/0067_01.jpg
VGGFace2,n000004,A._J._Buckley,0068_01.jpg,vggface2_balanced_100_100/n000004/0068_01.jpg
VGGFace2,n000004,A._J._Buckley,0069_01.jpg,vggface2_balanced_100_100/n000004/0069_01.jpg
VGGFace2,n000004,A._J._Buckley,0070_01.jpg,vggface2_balanced_100_100/n000004/0070_01.jpg
VGGFace2,n000004,A._J._Buckley,0071_01.jpg,vggface2_balanced_100_100/n000004/0071_01.jpg
VGGFace2,n000004,A._J._Buckley,0072_01.jpg,vggface2_balanced_100_100/n000004/0072_01.jpg
VGGFace2,n000004,A._J._Buckley,0073_01.jpg,vggface2_balanced_100_100/n000004/0073_01.jpg
VGGFace2,n000004,A._J._Buckley,0075_02.jpg,vggface2_balanced_100_100/n000004/0075_02.jpg
VGGFace2,n000004,A._J._Buckley,0076_01.jpg,vggface2_balanced_100_100/n000004/0076_01.jpg
VGGFace2,n000004,A._J._Buckley,0077_02.jpg,vggface2_balanced_100_100/n000004/0077_02.jpg
VGGFace2,n000004,A._J._Buckley,0078_03.jpg,vggface2_balanced_100_100/n000004/0078_03.jpg
VGGFace2,n000004,A._J._Buckley,0079_01.jpg,vggface2_balanced_100_100/n000004/0079_01.jpg
VGGFace2,n000004,A._J._Buckley,0080_01.jpg,vggface2_balanced_100_100/n000004/0080_01.jpg
VGGFace2,n000004,A._J._Buckley,0081_02.jpg,vggface2_balanced_100_100/n000004/0081_02.jpg
VGGFace2,n000004,A._J._Buckley,0082_01.jpg,vggface2_balanced_100_100/n000004/0082_01.jpg
VGGFace2,n000004,A._J._Buckley,0083_01.jpg,vggface2_balanced_100_100/n000004/0083_01.jpg
VGGFace2,n000004,A._J._Buckley,0084_01.jpg,vggface2_balanced_100_100/n000004/0084_01.jpg
VGGFace2,n000004,A._J._Buckley,0085_01.jpg,vggface2_balanced_100_100/n000004/0085_01.jpg
VGGFace2,n000004,A._J._Buckley,0086_01.jpg,vggface2_balanced_100_100/n000004/0086_01.jpg
VGGFace2,n000004,A._J._Buckley,0087_01.jpg,vggface2_balanced_100_100/n000004/0087_01.jpg
VGGFace2,n000004,A._J._Buckley,0088_01.jpg,vggface2_balanced_100_100/n000004/0088_01.jpg
VGGFace2,n000004,A._J._Buckley,0089_01.jpg,vggface2_balanced_100_100/n000004/0089_01.jpg
VGGFace2,n000004,A._J._Buckley,0090_01.jpg,vggface2_balanced_100_100/n000004/0090_01.jpg
VGGFace2,n000004,A._J._Buckley,0091_01.jpg,vggface2_balanced_100_100/n000004/0091_01.jpg
VGGFace2,n000005,A._J._Pierzynski,0001_01.jpg,vggface2_balanced_100_100/n000005/0001_01.jpg
VGGFace2,n000005,A._J._Pierzynski,0002_01.jpg,vggface2_balanced_100_100/n000005/0002_01.jpg
VGGFace2,n000005,A._J._Pierzynski,0003_01.jpg,vggface2_balanced_100_100/n000005/0003_01.jpg
VGGFace2,n000005,A._J._Pierzynski,0004_01.jpg,vggface2_balanced_100_100/n000005/0004_01.jpg
VGGFace2,n000005,A._J._Pierzynski,0005_01.jpg,vggface2_balanced_100_100/n000005/0005_01.jpg
VGGFace2,n000005,A._J._Pierzynski,0006_01.jpg,vggface2_balanced_100_100/n000005/0006_01.jpg
VGGFace2,n000005,A._J._Pierzynski,0007_01.jpg,vggface2_balanced_100_100/n000005/0007_01.jpg
VGGFace2,n000005,A._J._Pierzynski,0008_01.jpg,vggface2_balanced_100_100/n000005/0008_01.jpg
VGGFace2,n000005,A._J._Pierzynski,0009_01.jpg,vggface2_balanced_100_100/n000005/0009_01.jpg
VGGFace2,n000005,A._J._Pierzynski,0010_01.jpg,vggface2_balanced_100_100/n000005/0010_01.jpg
VGGFace2,n000005,A._J._Pierzynski,0011_01.jpg,vggface2_balanced_100_100/n000005/0011_01.jpg
VGGFace2,n000005,A._J._Pierzynski,0012_01.jpg,vggface2_balanced_100_100/n000005/0012_01.jpg
VGGFace2,n000005,A._J._Pierzynski,0013_01.jpg,vggface2_balanced_100_100/n000005/0013_01.jpg
VGGFace2,n000005,A._J._Pierzynski,0014_01.jpg,vggface2_balanced_100_100/n000005/0014_01.jpg
VGGFace2,n000005,A._J._Pierzynski,0015_01.jpg,vggface2_balanced_100_100/n000005/0015_01.jpg
VGGFace2,n000005,A._J._Pierzynski,0016_01.jpg,vggface2_balanced_100_100/n000005/0016_01.jpg
VGGFace2,n000005,A._J._Pierzynski,0017_01.jpg,vggface2_balanced_100_100/n000005/0017_01.jpg
VGGFace2,n000005,A._J._Pierzynski,0018_01.jpg,vggface2_balanced_100_100/n000005/0018_01.jpg
VGGFace2,n000005,A._J._Pierzynski,0019_02.jpg,vggface2_balanced_100_100/n000005/0019_02.jpg
VGGFace2,n000005,A._J._Pierzynski,0020_01.jpg,vggface2_balanced_100_100/n000005/0020_01.jpg
VGGFace2,n000005,A._J._Pierzynski,0021_01.jpg,vggface2_balanced_100_100/n000005/0021_01.jpg
VGGFace2,n000005,A._J._Pierzynski,0022_01.jpg,vggface2_balanced_100_100/n000005/0022_01.jpg
VGGFace2,n000005,A._J._Pierzynski,0023_01.jpg,vggface2_balanced_100_100/n000005/0023_01.jpg
VGGFace2,n000005,A._J._Pierzynski,0024_01.jpg,vggface2_balanced_100_100/n000005/0024_01.jpg
VGGFace2,n000005,A._J._Pierzynski,0025_01.jpg,vggface2_balanced_100_100/n000005/0025_01.jpg
VGGFace2,n000005,A._J._Pierzynski,0026_01.jpg,vggface2_balanced_100_100/n000005/0026_01.jpg
VGGFace2,n000005,A._J._Pierzynski,0027_01.jpg,vggface2_balanced_100_100/n000005/0027_01.jpg
VGGFace2,n000005,A._J._Pierzynski,0028_01.jpg,vggface2_balanced_100_100/n000005/0028_01.jpg
VGGFace2,n000005,A._J._Pierzynski,0029_01.jpg,vggface2_balanced_100_100/n000005/0029_01.jpg
VGGFace2,n000005,A._J._Pierzynski,0030_01.jpg,vggface2_balanced_100_100/n000005/0030_01.jpg
VGGFace2,n000005,A._J._Pierzynski,0032_01.jpg,vggface2_balanced_100_100/n000005/0032_01.jpg
VGGFace2,n000005,A._J._Pierzynski,0033_01.jpg,vggface2_balanced_100_100/n000005/0033_01.jpg
VGGFace2,n000005,A._J._Pierzynski,0034_01.jpg,vggface2_balanced_100_100/n000005/0034_01.jpg
VGGFace2,n000005,A._J._Pierzynski,0036_01.jpg,vggface2_balanced_100_100/n000005/0036_01.jpg
VGGFace2,n000005,A._J._Pierzynski,0037_01.jpg,vggface2_balanced_100_100/n000005/0037_01.jpg
VGGFace2,n000005,A._J._Pierzynski,0038_01.jpg,vggface2_balanced_100_100/n000005/0038_01.jpg
VGGFace2,n000005,A._J._Pierzynski,0039_01.jpg,vggface2_balanced_100_100/n000005/0039_01.jpg
VGGFace2,n000005,A._J._Pierzynski,0040_01.jpg,vggface2_balanced_100_100/n000005/0040_01.jpg
VGGFace2,n000005,A._J._Pierzynski,0041_01.jpg,vggface2_balanced_100_100/n000005/0041_01.jpg
VGGFace2,n000005,A._J._Pierzynski,0042_01.jpg,vggface2_balanced_100_100/n000005/0042_01.jpg
VGGFace2,n000005,A._J._Pierzynski,0043_01.jpg,vggface2_balanced_100_100/n000005/0043_01.jpg
VGGFace2,n000005,A._J._Pierzynski,0044_01.jpg,vggface2_balanced_100_100/n000005/0044_01.jpg
VGGFace2,n000005,A._J._Pierzynski,0045_01.jpg,vggface2_balanced_100_100/n000005/0045_01.jpg
VGGFace2,n000005,A._J._Pierzynski,0046_01.jpg,vggface2_balanced_100_100/n000005/0046_01.jpg
VGGFace2,n000005,A._J._Pierzynski,0047_01.jpg,vggface2_balanced_100_100/n000005/0047_01.jpg
VGGFace2,n000005,A._J._Pierzynski,0048_01.jpg,vggface2_balanced_100_100/n000005/0048_01.jpg
VGGFace2,n000005,A._J._Pierzynski,0049_01.jpg,vggface2_balanced_100_100/n000005/0049_01.jpg
VGGFace2,n000005,A._J._Pierzynski,0050_01.jpg,vggface2_balanced_100_100/n000005/0050_01.jpg
VGGFace2,n000005,A._J._Pierzynski,0051_01.jpg,vggface2_balanced_100_100/n000005/0051_01.jpg
VGGFace2,n000005,A._J._Pierzynski,0052_01.jpg,vggface2_balanced_100_100/n000005/0052_01.jpg
VGGFace2,n000005,A._J._Pierzynski,0053_01.jpg,vggface2_balanced_100_100/n000005/0053_01.jpg
VGGFace2,n000005,A._J._Pierzynski,0054_01.jpg,vggface2_balanced_100_100/n000005/0054_01.jpg
VGGFace2,n000005,A._J._Pierzynski,0055_01.jpg,vggface2_balanced_100_100/n000005/0055_01.jpg
VGGFace2,n000005,A._J._Pierzynski,0056_01.jpg,vggface2_balanced_100_100/n000005/0056_01.jpg
VGGFace2,n000005,A._J._Pierzynski,0058_02.jpg,vggface2_balanced_100_100/n000005/0058_02.jpg
VGGFace2,n000005,A._J._Pierzynski,0059_01.jpg,vggface2_balanced_100_100/n000005/0059_01.jpg
VGGFace2,n000005,A._J._Pierzynski,0060_01.jpg,vggface2_balanced_100_100/n000005/0060_01.jpg
VGGFace2,n000005,A._J._Pierzynski,0061_01.jpg,vggface2_balanced_100_100/n000005/0061_01.jpg
VGGFace2,n000005,A._J._Pierzynski,0062_01.jpg,vggface2_balanced_100_100/n000005/0062_01.jpg
VGGFace2,n000005,A._J._Pierzynski,0063_01.jpg,vggface2_balanced_100_100/n000005/0063_01.jpg
VGGFace2,n000005,A._J._Pierzynski,0064_01.jpg,vggface2_balanced_100_100/n000005/0064_01.jpg
VGGFace2,n000005,A._J._Pierzynski,0065_01.jpg,vggface2_balanced_100_100/n000005/0065_01.jpg
VGGFace2,n000005,A._J._Pierzynski,0066_01.jpg,vggface2_balanced_100_100/n000005/0066_01.jpg
VGGFace2,n000005,A._J._Pierzynski,0067_01.jpg,vggface2_balanced_100_100/n000005/0067_01.jpg
VGGFace2,n000005,A._J._Pierzynski,0068_01.jpg,vggface2_balanced_100_100/n000005/0068_01.jpg
VGGFace2,n000005,A._J._Pierzynski,0069_01.jpg,vggface2_balanced_100_100/n000005/0069_01.jpg
VGGFace2,n000005,A._J._Pierzynski,0070_01.jpg,vggface2_balanced_100_100/n000005/0070_01.jpg
VGGFace2,n000005,A._J._Pierzynski,0071_01.jpg,vggface2_balanced_100_100/n000005/0071_01.jpg
VGGFace2,n000005,A._J._Pierzynski,0072_01.jpg,vggface2_balanced_100_100/n000005/0072_01.jpg
VGGFace2,n000005,A._J._Pierzynski,0073_01.jpg,vggface2_balanced_100_100/n000005/0073_01.jpg
VGGFace2,n000005,A._J._Pierzynski,0074_01.jpg,vggface2_balanced_100_100/n000005/0074_01.jpg
VGGFace2,n000005,A._J._Pierzynski,0075_01.jpg,vggface2_balanced_100_100/n000005/0075_01.jpg
VGGFace2,n000005,A._J._Pierzynski,0076_01.jpg,vggface2_balanced_100_100/n000005/0076_01.jpg
VGGFace2,n000005,A._J._Pierzynski,0077_01.jpg,vggface2_balanced_100_100/n000005/0077_01.jpg
VGGFace2,n000005,A._J._Pierzynski,0078_01.jpg,vggface2_balanced_100_100/n000005/0078_01.jpg
VGGFace2,n000005,A._J._Pierzynski,0079_01.jpg,vggface2_balanced_100_100/n000005/0079_01.jpg
VGGFace2,n000005,A._J._Pierzynski,0080_01.jpg,vggface2_balanced_100_100/n000005/0080_01.jpg
VGGFace2,n000005,A._J._Pierzynski,0081_01.jpg,vggface2_balanced_100_100/n000005/0081_01.jpg
VGGFace2,n000005,A._J._Pierzynski,0082_01.jpg,vggface2_balanced_100_100/n000005/0082_01.jpg
VGGFace2,n000005,A._J._Pierzynski,0083_02.jpg,vggface2_balanced_100_100/n000005/0083_02.jpg
VGGFace2,n000005,A._J._Pierzynski,0084_01.jpg,vggface2_balanced_100_100/n000005/0084_01.jpg
VGGFace2,n000005,A._J._Pierzynski,0085_01.jpg,vggface2_balanced_100_100/n000005/0085_01.jpg
VGGFace2,n000005,A._J._Pierzynski,0086_01.jpg,vggface2_balanced_100_100/n000005/0086_01.jpg
VGGFace2,n000005,A._J._Pierzynski,0087_01.jpg,vggface2_balanced_100_100/n000005/0087_01.jpg
VGGFace2,n000005,A._J._Pierzynski,0088_01.jpg,vggface2_balanced_100_100/n000005/0088_01.jpg
VGGFace2,n000005,A._J._Pierzynski,0089_01.jpg,vggface2_balanced_100_100/n000005/0089_01.jpg
VGGFace2,n000005,A._J._Pierzynski,0090_01.jpg,vggface2_balanced_100_100/n000005/0090_01.jpg
VGGFace2,n000005,A._J._Pierzynski,0091_01.jpg,vggface2_balanced_100_100/n000005/0091_01.jpg
VGGFace2,n000005,A._J._Pierzynski,0092_01.jpg,vggface2_balanced_100_100/n000005/0092_01.jpg
VGGFace2,n000005,A._J._Pierzynski,0093_01.jpg,vggface2_balanced_100_100/n000005/0093_01.jpg
VGGFace2,n000005,A._J._Pierzynski,0094_02.jpg,vggface2_balanced_100_100/n000005/0094_02.jpg
VGGFace2,n000005,A._J._Pierzynski,0095_01.jpg,vggface2_balanced_100_100/n000005/0095_01.jpg
VGGFace2,n000005,A._J._Pierzynski,0096_01.jpg,vggface2_balanced_100_100/n000005/0096_01.jpg
VGGFace2,n000005,A._J._Pierzynski,0097_04.jpg,vggface2_balanced_100_100/n000005/0097_04.jpg
VGGFace2,n000005,A._J._Pierzynski,0098_01.jpg,vggface2_balanced_100_100/n000005/0098_01.jpg
VGGFace2,n000005,A._J._Pierzynski,0100_01.jpg,vggface2_balanced_100_100/n000005/0100_01.jpg
VGGFace2,n000005,A._J._Pierzynski,0101_01.jpg,vggface2_balanced_100_100/n000005/0101_01.jpg
VGGFace2,n000005,A._J._Pierzynski,0102_01.jpg,vggface2_balanced_100_100/n000005/0102_01.jpg
VGGFace2,n000005,A._J._Pierzynski,0103_01.jpg,vggface2_balanced_100_100/n000005/0103_01.jpg
VGGFace2,n000005,A._J._Pierzynski,0104_01.jpg,vggface2_balanced_100_100/n000005/0104_01.jpg
VGGFace2,n000006,A._R._Rahman,0001_01.jpg,vggface2_balanced_100_100/n000006/0001_01.jpg
VGGFace2,n000006,A._R._Rahman,0002_02.jpg,vggface2_balanced_100_100/n000006/0002_02.jpg
VGGFace2,n000006,A._R._Rahman,0003_01.jpg,vggface2_balanced_100_100/n000006/0003_01.jpg
VGGFace2,n000006,A._R._Rahman,0004_01.jpg,vggface2_balanced_100_100/n000006/0004_01.jpg
VGGFace2,n000006,A._R._Rahman,0004_02.jpg,vggface2_balanced_100_100/n000006/0004_02.jpg
VGGFace2,n000006,A._R._Rahman,0004_03.jpg,vggface2_balanced_100_100/n000006/0004_03.jpg
VGGFace2,n000006,A._R._Rahman,0004_04.jpg,vggface2_balanced_100_100/n000006/0004_04.jpg
VGGFace2,n000006,A._R._Rahman,0004_05.jpg,vggface2_balanced_100_100/n000006/0004_05.jpg
VGGFace2,n000006,A._R._Rahman,0004_06.jpg,vggface2_balanced_100_100/n000006/0004_06.jpg
VGGFace2,n000006,A._R._Rahman,0005_01.jpg,vggface2_balanced_100_100/n000006/0005_01.jpg
VGGFace2,n000006,A._R._Rahman,0006_01.jpg,vggface2_balanced_100_100/n000006/0006_01.jpg
VGGFace2,n000006,A._R._Rahman,0007_01.jpg,vggface2_balanced_100_100/n000006/0007_01.jpg
VGGFace2,n000006,A._R._Rahman,0008_01.jpg,vggface2_balanced_100_100/n000006/0008_01.jpg
VGGFace2,n000006,A._R._Rahman,0009_01.jpg,vggface2_balanced_100_100/n000006/0009_01.jpg
VGGFace2,n000006,A._R._Rahman,0010_01.jpg,vggface2_balanced_100_100/n000006/0010_01.jpg
VGGFace2,n000006,A._R._Rahman,0011_01.jpg,vggface2_balanced_100_100/n000006/0011_01.jpg
VGGFace2,n000006,A._R._Rahman,0012_01.jpg,vggface2_balanced_100_100/n000006/0012_01.jpg
VGGFace2,n000006,A._R._Rahman,0013_01.jpg,vggface2_balanced_100_100/n000006/0013_01.jpg
VGGFace2,n000006,A._R._Rahman,0013_02.jpg,vggface2_balanced_100_100/n000006/0013_02.jpg
VGGFace2,n000006,A._R._Rahman,0014_01.jpg,vggface2_balanced_100_100/n000006/0014_01.jpg
VGGFace2,n000006,A._R._Rahman,0015_01.jpg,vggface2_balanced_100_100/n000006/0015_01.jpg
VGGFace2,n000006,A._R._Rahman,0016_01.jpg,vggface2_balanced_100_100/n000006/0016_01.jpg
VGGFace2,n000006,A._R._Rahman,0017_01.jpg,vggface2_balanced_100_100/n000006/0017_01.jpg
VGGFace2,n000006,A._R._Rahman,0018_01.jpg,vggface2_balanced_100_100/n000006/0018_01.jpg
VGGFace2,n000006,A._R._Rahman,0019_01.jpg,vggface2_balanced_100_100/n000006/0019_01.jpg
VGGFace2,n000006,A._R._Rahman,0020_01.jpg,vggface2_balanced_100_100/n000006/0020_01.jpg
VGGFace2,n000006,A._R._Rahman,0021_02.jpg,vggface2_balanced_100_100/n000006/0021_02.jpg
VGGFace2,n000006,A._R._Rahman,0022_01.jpg,vggface2_balanced_100_100/n000006/0022_01.jpg
VGGFace2,n000006,A._R._Rahman,0023_01.jpg,vggface2_balanced_100_100/n000006/0023_01.jpg
VGGFace2,n000006,A._R._Rahman,0024_01.jpg,vggface2_balanced_100_100/n000006/0024_01.jpg
VGGFace2,n000006,A._R._Rahman,0025_01.jpg,vggface2_balanced_100_100/n000006/0025_01.jpg
VGGFace2,n000006,A._R._Rahman,0026_01.jpg,vggface2_balanced_100_100/n000006/0026_01.jpg
VGGFace2,n000006,A._R._Rahman,0027_01.jpg,vggface2_balanced_100_100/n000006/0027_01.jpg
VGGFace2,n000006,A._R._Rahman,0028_01.jpg,vggface2_balanced_100_100/n000006/0028_01.jpg
VGGFace2,n000006,A._R._Rahman,0029_01.jpg,vggface2_balanced_100_100/n000006/0029_01.jpg
VGGFace2,n000006,A._R._Rahman,0030_01.jpg,vggface2_balanced_100_100/n000006/0030_01.jpg
VGGFace2,n000006,A._R._Rahman,0031_01.jpg,vggface2_balanced_100_100/n000006/0031_01.jpg
VGGFace2,n000006,A._R._Rahman,0032_01.jpg,vggface2_balanced_100_100/n000006/0032_01.jpg
VGGFace2,n000006,A._R._Rahman,0033_01.jpg,vggface2_balanced_100_100/n000006/0033_01.jpg
VGGFace2,n000006,A._R._Rahman,0034_01.jpg,vggface2_balanced_100_100/n000006/0034_01.jpg
VGGFace2,n000006,A._R._Rahman,0034_02.jpg,vggface2_balanced_100_100/n000006/0034_02.jpg
VGGFace2,n000006,A._R._Rahman,0035_01.jpg,vggface2_balanced_100_100/n000006/0035_01.jpg
VGGFace2,n000006,A._R._Rahman,0036_02.jpg,vggface2_balanced_100_100/n000006/0036_02.jpg
VGGFace2,n000006,A._R._Rahman,0037_02.jpg,vggface2_balanced_100_100/n000006/0037_02.jpg
VGGFace2,n000006,A._R._Rahman,0038_01.jpg,vggface2_balanced_100_100/n000006/0038_01.jpg
VGGFace2,n000006,A._R._Rahman,0039_01.jpg,vggface2_balanced_100_100/n000006/0039_01.jpg
VGGFace2,n000006,A._R._Rahman,0040_01.jpg,vggface2_balanced_100_100/n000006/0040_01.jpg
VGGFace2,n000006,A._R._Rahman,0041_01.jpg,vggface2_balanced_100_100/n000006/0041_01.jpg
VGGFace2,n000006,A._R._Rahman,0042_01.jpg,vggface2_balanced_100_100/n000006/0042_01.jpg
VGGFace2,n000006,A._R._Rahman,0043_01.jpg,vggface2_balanced_100_100/n000006/0043_01.jpg
VGGFace2,n000006,A._R._Rahman,0044_01.jpg,vggface2_balanced_100_100/n000006/0044_01.jpg
VGGFace2,n000006,A._R._Rahman,0045_02.jpg,vggface2_balanced_100_100/n000006/0045_02.jpg
VGGFace2,n000006,A._R._Rahman,0045_04.jpg,vggface2_balanced_100_100/n000006/0045_04.jpg
VGGFace2,n000006,A._R._Rahman,0046_01.jpg,vggface2_balanced_100_100/n000006/0046_01.jpg
VGGFace2,n000006,A._R._Rahman,0047_01.jpg,vggface2_balanced_100_100/n000006/0047_01.jpg
VGGFace2,n000006,A._R._Rahman,0048_01.jpg,vggface2_balanced_100_100/n000006/0048_01.jpg
VGGFace2,n000006,A._R._Rahman,0049_01.jpg,vggface2_balanced_100_100/n000006/0049_01.jpg
VGGFace2,n000006,A._R._Rahman,0050_01.jpg,vggface2_balanced_100_100/n000006/0050_01.jpg
VGGFace2,n000006,A._R._Rahman,0051_01.jpg,vggface2_balanced_100_100/n000006/0051_01.jpg
VGGFace2,n000006,A._R._Rahman,0052_01.jpg,vggface2_balanced_100_100/n000006/0052_01.jpg
VGGFace2,n000006,A._R._Rahman,0053_02.jpg,vggface2_balanced_100_100/n000006/0053_02.jpg
VGGFace2,n000006,A._R._Rahman,0054_01.jpg,vggface2_balanced_100_100/n000006/0054_01.jpg
VGGFace2,n000006,A._R._Rahman,0055_01.jpg,vggface2_balanced_100_100/n000006/0055_01.jpg
VGGFace2,n000006,A._R._Rahman,0056_01.jpg,vggface2_balanced_100_100/n000006/0056_01.jpg
VGGFace2,n000006,A._R._Rahman,0057_01.jpg,vggface2_balanced_100_100/n000006/0057_01.jpg
VGGFace2,n000006,A._R._Rahman,0058_01.jpg,vggface2_balanced_100_100/n000006/0058_01.jpg
VGGFace2,n000006,A._R._Rahman,0059_01.jpg,vggface2_balanced_100_100/n000006/0059_01.jpg
VGGFace2,n000006,A._R._Rahman,0060_01.jpg,vggface2_balanced_100_100/n000006/0060_01.jpg
VGGFace2,n000006,A._R._Rahman,0061_02.jpg,vggface2_balanced_100_100/n000006/0061_02.jpg
VGGFace2,n000006,A._R._Rahman,0062_01.jpg,vggface2_balanced_100_100/n000006/0062_01.jpg
VGGFace2,n000006,A._R._Rahman,0063_02.jpg,vggface2_balanced_100_100/n000006/0063_02.jpg
VGGFace2,n000006,A._R._Rahman,0064_01.jpg,vggface2_balanced_100_100/n000006/0064_01.jpg
VGGFace2,n000006,A._R._Rahman,0065_01.jpg,vggface2_balanced_100_100/n000006/0065_01.jpg
VGGFace2,n000006,A._R._Rahman,0066_01.jpg,vggface2_balanced_100_100/n000006/0066_01.jpg
VGGFace2,n000006,A._R._Rahman,0067_01.jpg,vggface2_balanced_100_100/n000006/0067_01.jpg
VGGFace2,n000006,A._R._Rahman,0068_01.jpg,vggface2_balanced_100_100/n000006/0068_01.jpg
VGGFace2,n000006,A._R._Rahman,0069_01.jpg,vggface2_balanced_100_100/n000006/0069_01.jpg
VGGFace2,n000006,A._R._Rahman,0070_01.jpg,vggface2_balanced_100_100/n000006/0070_01.jpg
VGGFace2,n000006,A._R._Rahman,0071_01.jpg,vggface2_balanced_100_100/n000006/0071_01.jpg
VGGFace2,n000006,A._R._Rahman,0072_01.jpg,vggface2_balanced_100_100/n000006/0072_01.jpg
VGGFace2,n000006,A._R._Rahman,0073_01.jpg,vggface2_balanced_100_100/n000006/0073_01.jpg
VGGFace2,n000006,A._R._Rahman,0074_01.jpg,vggface2_balanced_100_100/n000006/0074_01.jpg
VGGFace2,n000006,A._R._Rahman,0075_01.jpg,vggface2_balanced_100_100/n000006/0075_01.jpg
VGGFace2,n000006,A._R._Rahman,0076_01.jpg,vggface2_balanced_100_100/n000006/0076_01.jpg
VGGFace2,n000006,A._R._Rahman,0077_01.jpg,vggface2_balanced_100_100/n000006/0077_01.jpg
VGGFace2,n000006,A._R._Rahman,0078_01.jpg,vggface2_balanced_100_100/n000006/0078_01.jpg
VGGFace2,n000006,A._R._Rahman,0079_01.jpg,vggface2_balanced_100_100/n000006/0079_01.jpg
VGGFace2,n000006,A._R._Rahman,0080_01.jpg,vggface2_balanced_100_100/n000006/0080_01.jpg
VGGFace2,n000006,A._R._Rahman,0081_01.jpg,vggface2_balanced_100_100/n000006/0081_01.jpg
VGGFace2,n000006,A._R._Rahman,0082_01.jpg,vggface2_balanced_100_100/n000006/0082_01.jpg
VGGFace2,n000006,A._R._Rahman,0083_01.jpg,vggface2_balanced_100_100/n000006/0083_01.jpg
VGGFace2,n000006,A._R._Rahman,0084_01.jpg,vggface2_balanced_100_100/n000006/0084_01.jpg
VGGFace2,n000006,A._R._Rahman,0085_01.jpg,vggface2_balanced_100_100/n000006/0085_01.jpg
VGGFace2,n000006,A._R._Rahman,0086_01.jpg,vggface2_balanced_100_100/n000006/0086_01.jpg
VGGFace2,n000006,A._R._Rahman,0087_01.jpg,vggface2_balanced_100_100/n000006/0087_01.jpg
VGGFace2,n000006,A._R._Rahman,0088_02.jpg,vggface2_balanced_100_100/n000006/0088_02.jpg
VGGFace2,n000006,A._R._Rahman,0089_01.jpg,vggface2_balanced_100_100/n000006/0089_01.jpg
VGGFace2,n000006,A._R._Rahman,0090_01.jpg,vggface2_balanced_100_100/n000006/0090_01.jpg
VGGFace2,n000006,A._R._Rahman,0091_01.jpg,vggface2_balanced_100_100/n000006/0091_01.jpg
VGGFace2,n000006,A._R._Rahman,0092_01.jpg,vggface2_balanced_100_100/n000006/0092_01.jpg
VGGFace2,n000007,A._Raja,0001_01.jpg,vggface2_balanced_100_100/n000007/0001_01.jpg
VGGFace2,n000007,A._Raja,0002_01.jpg,vggface2_balanced_100_100/n000007/0002_01.jpg
VGGFace2,n000007,A._Raja,0003_01.jpg,vggface2_balanced_100_100/n000007/0003_01.jpg
VGGFace2,n000007,A._Raja,0004_01.jpg,vggface2_balanced_100_100/n000007/0004_01.jpg
VGGFace2,n000007,A._Raja,0005_02.jpg,vggface2_balanced_100_100/n000007/0005_02.jpg
VGGFace2,n000007,A._Raja,0006_02.jpg,vggface2_balanced_100_100/n000007/0006_02.jpg
VGGFace2,n000007,A._Raja,0007_01.jpg,vggface2_balanced_100_100/n000007/0007_01.jpg
VGGFace2,n000007,A._Raja,0008_01.jpg,vggface2_balanced_100_100/n000007/0008_01.jpg
VGGFace2,n000007,A._Raja,0009_01.jpg,vggface2_balanced_100_100/n000007/0009_01.jpg
VGGFace2,n000007,A._Raja,0010_01.jpg,vggface2_balanced_100_100/n000007/0010_01.jpg
VGGFace2,n000007,A._Raja,0011_01.jpg,vggface2_balanced_100_100/n000007/0011_01.jpg
VGGFace2,n000007,A._Raja,0012_01.jpg,vggface2_balanced_100_100/n000007/0012_01.jpg
VGGFace2,n000007,A._Raja,0013_01.jpg,vggface2_balanced_100_100/n000007/0013_01.jpg
VGGFace2,n000007,A._Raja,0014_01.jpg,vggface2_balanced_100_100/n000007/0014_01.jpg
VGGFace2,n000007,A._Raja,0015_01.jpg,vggface2_balanced_100_100/n000007/0015_01.jpg
VGGFace2,n000007,A._Raja,0016_01.jpg,vggface2_balanced_100_100/n000007/0016_01.jpg
VGGFace2,n000007,A._Raja,0017_01.jpg,vggface2_balanced_100_100/n000007/0017_01.jpg
VGGFace2,n000007,A._Raja,0018_01.jpg,vggface2_balanced_100_100/n000007/0018_01.jpg
VGGFace2,n000007,A._Raja,0019_01.jpg,vggface2_balanced_100_100/n000007/0019_01.jpg
VGGFace2,n000007,A._Raja,0020_01.jpg,vggface2_balanced_100_100/n000007/0020_01.jpg
VGGFace2,n000007,A._Raja,0021_01.jpg,vggface2_balanced_100_100/n000007/0021_01.jpg
VGGFace2,n000007,A._Raja,0022_02.jpg,vggface2_balanced_100_100/n000007/0022_02.jpg
VGGFace2,n000007,A._Raja,0023_01.jpg,vggface2_balanced_100_100/n000007/0023_01.jpg
VGGFace2,n000007,A._Raja,0024_01.jpg,vggface2_balanced_100_100/n000007/0024_01.jpg
VGGFace2,n000007,A._Raja,0025_01.jpg,vggface2_balanced_100_100/n000007/0025_01.jpg
VGGFace2,n000007,A._Raja,0026_01.jpg,vggface2_balanced_100_100/n000007/0026_01.jpg
VGGFace2,n000007,A._Raja,0027_01.jpg,vggface2_balanced_100_100/n000007/0027_01.jpg
VGGFace2,n000007,A._Raja,0028_01.jpg,vggface2_balanced_100_100/n000007/0028_01.jpg
VGGFace2,n000007,A._Raja,0029_01.jpg,vggface2_balanced_100_100/n000007/0029_01.jpg
VGGFace2,n000007,A._Raja,0030_01.jpg,vggface2_balanced_100_100/n000007/0030_01.jpg
VGGFace2,n000007,A._Raja,0031_01.jpg,vggface2_balanced_100_100/n000007/0031_01.jpg
VGGFace2,n000007,A._Raja,0032_01.jpg,vggface2_balanced_100_100/n000007/0032_01.jpg
VGGFace2,n000007,A._Raja,0033_02.jpg,vggface2_balanced_100_100/n000007/0033_02.jpg
VGGFace2,n000007,A._Raja,0034_01.jpg,vggface2_balanced_100_100/n000007/0034_01.jpg
VGGFace2,n000007,A._Raja,0035_01.jpg,vggface2_balanced_100_100/n000007/0035_01.jpg
VGGFace2,n000007,A._Raja,0036_01.jpg,vggface2_balanced_100_100/n000007/0036_01.jpg
VGGFace2,n000007,A._Raja,0037_01.jpg,vggface2_balanced_100_100/n000007/0037_01.jpg
VGGFace2,n000007,A._Raja,0038_01.jpg,vggface2_balanced_100_100/n000007/0038_01.jpg
VGGFace2,n000007,A._Raja,0039_01.jpg,vggface2_balanced_100_100/n000007/0039_01.jpg
VGGFace2,n000007,A._Raja,0040_02.jpg,vggface2_balanced_100_100/n000007/0040_02.jpg
VGGFace2,n000007,A._Raja,0041_01.jpg,vggface2_balanced_100_100/n000007/0041_01.jpg
VGGFace2,n000007,A._Raja,0042_01.jpg,vggface2_balanced_100_100/n000007/0042_01.jpg
VGGFace2,n000007,A._Raja,0043_02.jpg,vggface2_balanced_100_100/n000007/0043_02.jpg
VGGFace2,n000007,A._Raja,0044_01.jpg,vggface2_balanced_100_100/n000007/0044_01.jpg
VGGFace2,n000007,A._Raja,0044_03.jpg,vggface2_balanced_100_100/n000007/0044_03.jpg
VGGFace2,n000007,A._Raja,0045_01.jpg,vggface2_balanced_100_100/n000007/0045_01.jpg
VGGFace2,n000007,A._Raja,0046_01.jpg,vggface2_balanced_100_100/n000007/0046_01.jpg
VGGFace2,n000007,A._Raja,0047_02.jpg,vggface2_balanced_100_100/n000007/0047_02.jpg
VGGFace2,n000007,A._Raja,0048_01.jpg,vggface2_balanced_100_100/n000007/0048_01.jpg
VGGFace2,n000007,A._Raja,0049_01.jpg,vggface2_balanced_100_100/n000007/0049_01.jpg
VGGFace2,n000007,A._Raja,0050_02.jpg,vggface2_balanced_100_100/n000007/0050_02.jpg
VGGFace2,n000007,A._Raja,0051_01.jpg,vggface2_balanced_100_100/n000007/0051_01.jpg
VGGFace2,n000007,A._Raja,0052_01.jpg,vggface2_balanced_100_100/n000007/0052_01.jpg
VGGFace2,n000007,A._Raja,0053_01.jpg,vggface2_balanced_100_100/n000007/0053_01.jpg
VGGFace2,n000007,A._Raja,0054_02.jpg,vggface2_balanced_100_100/n000007/0054_02.jpg
VGGFace2,n000007,A._Raja,0055_01.jpg,vggface2_balanced_100_100/n000007/0055_01.jpg
VGGFace2,n000007,A._Raja,0056_01.jpg,vggface2_balanced_100_100/n000007/0056_01.jpg
VGGFace2,n000007,A._Raja,0057_01.jpg,vggface2_balanced_100_100/n000007/0057_01.jpg
VGGFace2,n000007,A._Raja,0058_02.jpg,vggface2_balanced_100_100/n000007/0058_02.jpg
VGGFace2,n000007,A._Raja,0059_01.jpg,vggface2_balanced_100_100/n000007/0059_01.jpg
VGGFace2,n000007,A._Raja,0060_01.jpg,vggface2_balanced_100_100/n000007/0060_01.jpg
VGGFace2,n000007,A._Raja,0061_01.jpg,vggface2_balanced_100_100/n000007/0061_01.jpg
VGGFace2,n000007,A._Raja,0062_01.jpg,vggface2_balanced_100_100/n000007/0062_01.jpg
VGGFace2,n000007,A._Raja,0063_01.jpg,vggface2_balanced_100_100/n000007/0063_01.jpg
VGGFace2,n000007,A._Raja,0064_02.jpg,vggface2_balanced_100_100/n000007/0064_02.jpg
VGGFace2,n000007,A._Raja,0065_01.jpg,vggface2_balanced_100_100/n000007/0065_01.jpg
VGGFace2,n000007,A._Raja,0066_01.jpg,vggface2_balanced_100_100/n000007/0066_01.jpg
VGGFace2,n000007,A._Raja,0067_01.jpg,vggface2_balanced_100_100/n000007/0067_01.jpg
VGGFace2,n000007,A._Raja,0069_01.jpg,vggface2_balanced_100_100/n000007/0069_01.jpg
VGGFace2,n000007,A._Raja,0070_01.jpg,vggface2_balanced_100_100/n000007/0070_01.jpg
VGGFace2,n000007,A._Raja,0071_01.jpg,vggface2_balanced_100_100/n000007/0071_01.jpg
VGGFace2,n000007,A._Raja,0072_01.jpg,vggface2_balanced_100_100/n000007/0072_01.jpg
VGGFace2,n000007,A._Raja,0073_01.jpg,vggface2_balanced_100_100/n000007/0073_01.jpg
VGGFace2,n000007,A._Raja,0074_01.jpg,vggface2_balanced_100_100/n000007/0074_01.jpg
VGGFace2,n000007,A._Raja,0075_03.jpg,vggface2_balanced_100_100/n000007/0075_03.jpg
VGGFace2,n000007,A._Raja,0076_01.jpg,vggface2_balanced_100_100/n000007/0076_01.jpg
VGGFace2,n000007,A._Raja,0077_01.jpg,vggface2_balanced_100_100/n000007/0077_01.jpg
VGGFace2,n000007,A._Raja,0078_01.jpg,vggface2_balanced_100_100/n000007/0078_01.jpg
VGGFace2,n000007,A._Raja,0079_01.jpg,vggface2_balanced_100_100/n000007/0079_01.jpg
VGGFace2,n000007,A._Raja,0080_01.jpg,vggface2_balanced_100_100/n000007/0080_01.jpg
VGGFace2,n000007,A._Raja,0081_01.jpg,vggface2_balanced_100_100/n000007/0081_01.jpg
VGGFace2,n000007,A._Raja,0082_01.jpg,vggface2_balanced_100_100/n000007/0082_01.jpg
VGGFace2,n000007,A._Raja,0083_02.jpg,vggface2_balanced_100_100/n000007/0083_02.jpg
VGGFace2,n000007,A._Raja,0084_01.jpg,vggface2_balanced_100_100/n000007/0084_01.jpg
VGGFace2,n000007,A._Raja,0085_03.jpg,vggface2_balanced_100_100/n000007/0085_03.jpg
VGGFace2,n000007,A._Raja,0086_01.jpg,vggface2_balanced_100_100/n000007/0086_01.jpg
VGGFace2,n000007,A._Raja,0087_02.jpg,vggface2_balanced_100_100/n000007/0087_02.jpg
VGGFace2,n000007,A._Raja,0088_01.jpg,vggface2_balanced_100_100/n000007/0088_01.jpg
VGGFace2,n000007,A._Raja,0089_01.jpg,vggface2_balanced_100_100/n000007/0089_01.jpg
VGGFace2,n000007,A._Raja,0090_01.jpg,vggface2_balanced_100_100/n000007/0090_01.jpg
VGGFace2,n000007,A._Raja,0091_01.jpg,vggface2_balanced_100_100/n000007/0091_01.jpg
VGGFace2,n000007,A._Raja,0092_01.jpg,vggface2_balanced_100_100/n000007/0092_01.jpg
VGGFace2,n000007,A._Raja,0093_01.jpg,vggface2_balanced_100_100/n000007/0093_01.jpg
VGGFace2,n000007,A._Raja,0094_01.jpg,vggface2_balanced_100_100/n000007/0094_01.jpg
VGGFace2,n000007,A._Raja,0095_01.jpg,vggface2_balanced_100_100/n000007/0095_01.jpg
VGGFace2,n000007,A._Raja,0096_01.jpg,vggface2_balanced_100_100/n000007/0096_01.jpg
VGGFace2,n000007,A._Raja,0097_01.jpg,vggface2_balanced_100_100/n000007/0097_01.jpg
VGGFace2,n000007,A._Raja,0098_01.jpg,vggface2_balanced_100_100/n000007/0098_01.jpg
VGGFace2,n000007,A._Raja,0099_01.jpg,vggface2_balanced_100_100/n000007/0099_01.jpg
VGGFace2,n000007,A._Raja,0100_01.jpg,vggface2_balanced_100_100/n000007/0100_01.jpg
VGGFace2,n000008,AB_de_Villiers,0001_01.jpg,vggface2_balanced_100_100/n000008/0001_01.jpg
VGGFace2,n000008,AB_de_Villiers,0002_01.jpg,vggface2_balanced_100_100/n000008/0002_01.jpg
VGGFace2,n000008,AB_de_Villiers,0003_01.jpg,vggface2_balanced_100_100/n000008/0003_01.jpg
VGGFace2,n000008,AB_de_Villiers,0004_01.jpg,vggface2_balanced_100_100/n000008/0004_01.jpg
VGGFace2,n000008,AB_de_Villiers,0005_02.jpg,vggface2_balanced_100_100/n000008/0005_02.jpg
VGGFace2,n000008,AB_de_Villiers,0006_01.jpg,vggface2_balanced_100_100/n000008/0006_01.jpg
VGGFace2,n000008,AB_de_Villiers,0007_01.jpg,vggface2_balanced_100_100/n000008/0007_01.jpg
VGGFace2,n000008,AB_de_Villiers,0008_01.jpg,vggface2_balanced_100_100/n000008/0008_01.jpg
VGGFace2,n000008,AB_de_Villiers,0009_01.jpg,vggface2_balanced_100_100/n000008/0009_01.jpg
VGGFace2,n000008,AB_de_Villiers,0010_01.jpg,vggface2_balanced_100_100/n000008/0010_01.jpg
VGGFace2,n000008,AB_de_Villiers,0011_01.jpg,vggface2_balanced_100_100/n000008/0011_01.jpg
VGGFace2,n000008,AB_de_Villiers,0012_01.jpg,vggface2_balanced_100_100/n000008/0012_01.jpg
VGGFace2,n000008,AB_de_Villiers,0013_01.jpg,vggface2_balanced_100_100/n000008/0013_01.jpg
VGGFace2,n000008,AB_de_Villiers,0014_01.jpg,vggface2_balanced_100_100/n000008/0014_01.jpg
VGGFace2,n000008,AB_de_Villiers,0015_01.jpg,vggface2_balanced_100_100/n000008/0015_01.jpg
VGGFace2,n000008,AB_de_Villiers,0016_01.jpg,vggface2_balanced_100_100/n000008/0016_01.jpg
VGGFace2,n000008,AB_de_Villiers,0017_01.jpg,vggface2_balanced_100_100/n000008/0017_01.jpg
VGGFace2,n000008,AB_de_Villiers,0018_01.jpg,vggface2_balanced_100_100/n000008/0018_01.jpg
VGGFace2,n000008,AB_de_Villiers,0019_01.jpg,vggface2_balanced_100_100/n000008/0019_01.jpg
VGGFace2,n000008,AB_de_Villiers,0020_01.jpg,vggface2_balanced_100_100/n000008/0020_01.jpg
VGGFace2,n000008,AB_de_Villiers,0021_01.jpg,vggface2_balanced_100_100/n000008/0021_01.jpg
VGGFace2,n000008,AB_de_Villiers,0022_01.jpg,vggface2_balanced_100_100/n000008/0022_01.jpg
VGGFace2,n000008,AB_de_Villiers,0023_01.jpg,vggface2_balanced_100_100/n000008/0023_01.jpg
VGGFace2,n000008,AB_de_Villiers,0024_01.jpg,vggface2_balanced_100_100/n000008/0024_01.jpg
VGGFace2,n000008,AB_de_Villiers,0025_01.jpg,vggface2_balanced_100_100/n000008/0025_01.jpg
VGGFace2,n000008,AB_de_Villiers,0026_01.jpg,vggface2_balanced_100_100/n000008/0026_01.jpg
VGGFace2,n000008,AB_de_Villiers,0027_01.jpg,vggface2_balanced_100_100/n000008/0027_01.jpg
VGGFace2,n000008,AB_de_Villiers,0028_01.jpg,vggface2_balanced_100_100/n000008/0028_01.jpg
VGGFace2,n000008,AB_de_Villiers,0029_01.jpg,vggface2_balanced_100_100/n000008/0029_01.jpg
VGGFace2,n000008,AB_de_Villiers,0030_01.jpg,vggface2_balanced_100_100/n000008/0030_01.jpg
VGGFace2,n000008,AB_de_Villiers,0031_01.jpg,vggface2_balanced_100_100/n000008/0031_01.jpg
VGGFace2,n000008,AB_de_Villiers,0032_01.jpg,vggface2_balanced_100_100/n000008/0032_01.jpg
VGGFace2,n000008,AB_de_Villiers,0033_01.jpg,vggface2_balanced_100_100/n000008/0033_01.jpg
VGGFace2,n000008,AB_de_Villiers,0034_01.jpg,vggface2_balanced_100_100/n000008/0034_01.jpg
VGGFace2,n000008,AB_de_Villiers,0035_01.jpg,vggface2_balanced_100_100/n000008/0035_01.jpg
VGGFace2,n000008,AB_de_Villiers,0036_01.jpg,vggface2_balanced_100_100/n000008/0036_01.jpg
VGGFace2,n000008,AB_de_Villiers,0037_01.jpg,vggface2_balanced_100_100/n000008/0037_01.jpg
VGGFace2,n000008,AB_de_Villiers,0038_01.jpg,vggface2_balanced_100_100/n000008/0038_01.jpg
VGGFace2,n000008,AB_de_Villiers,0039_01.jpg,vggface2_balanced_100_100/n000008/0039_01.jpg
VGGFace2,n000008,AB_de_Villiers,0040_01.jpg,vggface2_balanced_100_100/n000008/0040_01.jpg
VGGFace2,n000008,AB_de_Villiers,0041_01.jpg,vggface2_balanced_100_100/n000008/0041_01.jpg
VGGFace2,n000008,AB_de_Villiers,0042_02.jpg,vggface2_balanced_100_100/n000008/0042_02.jpg
VGGFace2,n000008,AB_de_Villiers,0043_01.jpg,vggface2_balanced_100_100/n000008/0043_01.jpg
VGGFace2,n000008,AB_de_Villiers,0044_01.jpg,vggface2_balanced_100_100/n000008/0044_01.jpg
VGGFace2,n000008,AB_de_Villiers,0045_02.jpg,vggface2_balanced_100_100/n000008/0045_02.jpg
VGGFace2,n000008,AB_de_Villiers,0046_01.jpg,vggface2_balanced_100_100/n000008/0046_01.jpg
VGGFace2,n000008,AB_de_Villiers,0047_01.jpg,vggface2_balanced_100_100/n000008/0047_01.jpg
VGGFace2,n000008,AB_de_Villiers,0048_01.jpg,vggface2_balanced_100_100/n000008/0048_01.jpg
VGGFace2,n000008,AB_de_Villiers,0049_01.jpg,vggface2_balanced_100_100/n000008/0049_01.jpg
VGGFace2,n000008,AB_de_Villiers,0050_01.jpg,vggface2_balanced_100_100/n000008/0050_01.jpg
VGGFace2,n000008,AB_de_Villiers,0051_02.jpg,vggface2_balanced_100_100/n000008/0051_02.jpg
VGGFace2,n000008,AB_de_Villiers,0052_01.jpg,vggface2_balanced_100_100/n000008/0052_01.jpg
VGGFace2,n000008,AB_de_Villiers,0053_01.jpg,vggface2_balanced_100_100/n000008/0053_01.jpg
VGGFace2,n000008,AB_de_Villiers,0054_01.jpg,vggface2_balanced_100_100/n000008/0054_01.jpg
VGGFace2,n000008,AB_de_Villiers,0055_01.jpg,vggface2_balanced_100_100/n000008/0055_01.jpg
VGGFace2,n000008,AB_de_Villiers,0056_01.jpg,vggface2_balanced_100_100/n000008/0056_01.jpg
VGGFace2,n000008,AB_de_Villiers,0057_01.jpg,vggface2_balanced_100_100/n000008/0057_01.jpg
VGGFace2,n000008,AB_de_Villiers,0058_01.jpg,vggface2_balanced_100_100/n000008/0058_01.jpg
VGGFace2,n000008,AB_de_Villiers,0059_01.jpg,vggface2_balanced_100_100/n000008/0059_01.jpg
VGGFace2,n000008,AB_de_Villiers,0060_01.jpg,vggface2_balanced_100_100/n000008/0060_01.jpg
VGGFace2,n000008,AB_de_Villiers,0061_01.jpg,vggface2_balanced_100_100/n000008/0061_01.jpg
VGGFace2,n000008,AB_de_Villiers,0062_01.jpg,vggface2_balanced_100_100/n000008/0062_01.jpg
VGGFace2,n000008,AB_de_Villiers,0063_01.jpg,vggface2_balanced_100_100/n000008/0063_01.jpg
VGGFace2,n000008,AB_de_Villiers,0064_01.jpg,vggface2_balanced_100_100/n000008/0064_01.jpg
VGGFace2,n000008,AB_de_Villiers,0065_01.jpg,vggface2_balanced_100_100/n000008/0065_01.jpg
VGGFace2,n000008,AB_de_Villiers,0066_01.jpg,vggface2_balanced_100_100/n000008/0066_01.jpg
VGGFace2,n000008,AB_de_Villiers,0067_01.jpg,vggface2_balanced_100_100/n000008/0067_01.jpg
VGGFace2,n000008,AB_de_Villiers,0068_01.jpg,vggface2_balanced_100_100/n000008/0068_01.jpg
VGGFace2,n000008,AB_de_Villiers,0069_01.jpg,vggface2_balanced_100_100/n000008/0069_01.jpg
VGGFace2,n000008,AB_de_Villiers,0070_01.jpg,vggface2_balanced_100_100/n000008/0070_01.jpg
VGGFace2,n000008,AB_de_Villiers,0071_02.jpg,vggface2_balanced_100_100/n000008/0071_02.jpg
VGGFace2,n000008,AB_de_Villiers,0072_01.jpg,vggface2_balanced_100_100/n000008/0072_01.jpg
VGGFace2,n000008,AB_de_Villiers,0073_01.jpg,vggface2_balanced_100_100/n000008/0073_01.jpg
VGGFace2,n000008,AB_de_Villiers,0074_01.jpg,vggface2_balanced_100_100/n000008/0074_01.jpg
VGGFace2,n000008,AB_de_Villiers,0075_02.jpg,vggface2_balanced_100_100/n000008/0075_02.jpg
VGGFace2,n000008,AB_de_Villiers,0076_01.jpg,vggface2_balanced_100_100/n000008/0076_01.jpg
VGGFace2,n000008,AB_de_Villiers,0077_01.jpg,vggface2_balanced_100_100/n000008/0077_01.jpg
VGGFace2,n000008,AB_de_Villiers,0078_01.jpg,vggface2_balanced_100_100/n000008/0078_01.jpg
VGGFace2,n000008,AB_de_Villiers,0079_01.jpg,vggface2_balanced_100_100/n000008/0079_01.jpg
VGGFace2,n000008,AB_de_Villiers,0080_01.jpg,vggface2_balanced_100_100/n000008/0080_01.jpg
VGGFace2,n000008,AB_de_Villiers,0081_01.jpg,vggface2_balanced_100_100/n000008/0081_01.jpg
VGGFace2,n000008,AB_de_Villiers,0082_01.jpg,vggface2_balanced_100_100/n000008/0082_01.jpg
VGGFace2,n000008,AB_de_Villiers,0083_02.jpg,vggface2_balanced_100_100/n000008/0083_02.jpg
VGGFace2,n000008,AB_de_Villiers,0084_01.jpg,vggface2_balanced_100_100/n000008/0084_01.jpg
VGGFace2,n000008,AB_de_Villiers,0085_01.jpg,vggface2_balanced_100_100/n000008/0085_01.jpg
VGGFace2,n000008,AB_de_Villiers,0086_01.jpg,vggface2_balanced_100_100/n000008/0086_01.jpg
VGGFace2,n000008,AB_de_Villiers,0087_01.jpg,vggface2_balanced_100_100/n000008/0087_01.jpg
VGGFace2,n000008,AB_de_Villiers,0088_01.jpg,vggface2_balanced_100_100/n000008/0088_01.jpg
VGGFace2,n000008,AB_de_Villiers,0089_01.jpg,vggface2_balanced_100_100/n000008/0089_01.jpg
VGGFace2,n000008,AB_de_Villiers,0090_01.jpg,vggface2_balanced_100_100/n000008/0090_01.jpg
VGGFace2,n000008,AB_de_Villiers,0091_01.jpg,vggface2_balanced_100_100/n000008/0091_01.jpg
VGGFace2,n000008,AB_de_Villiers,0092_01.jpg,vggface2_balanced_100_100/n000008/0092_01.jpg
VGGFace2,n000008,AB_de_Villiers,0093_01.jpg,vggface2_balanced_100_100/n000008/0093_01.jpg
VGGFace2,n000008,AB_de_Villiers,0094_01.jpg,vggface2_balanced_100_100/n000008/0094_01.jpg
VGGFace2,n000008,AB_de_Villiers,0095_01.jpg,vggface2_balanced_100_100/n000008/0095_01.jpg
VGGFace2,n000008,AB_de_Villiers,0096_01.jpg,vggface2_balanced_100_100/n000008/0096_01.jpg
VGGFace2,n000008,AB_de_Villiers,0097_01.jpg,vggface2_balanced_100_100/n000008/0097_01.jpg
VGGFace2,n000008,AB_de_Villiers,0098_01.jpg,vggface2_balanced_100_100/n000008/0098_01.jpg
VGGFace2,n000008,AB_de_Villiers,0099_01.jpg,vggface2_balanced_100_100/n000008/0099_01.jpg
VGGFace2,n000008,AB_de_Villiers,0100_01.jpg,vggface2_balanced_100_100/n000008/0100_01.jpg
VGGFace2,n000010,Aamani,0001_01.jpg,vggface2_balanced_100_100/n000010/0001_01.jpg
VGGFace2,n000010,Aamani,0002_01.jpg,vggface2_balanced_100_100/n000010/0002_01.jpg
VGGFace2,n000010,Aamani,0003_01.jpg,vggface2_balanced_100_100/n000010/0003_01.jpg
VGGFace2,n000010,Aamani,0004_01.jpg,vggface2_balanced_100_100/n000010/0004_01.jpg
VGGFace2,n000010,Aamani,0005_01.jpg,vggface2_balanced_100_100/n000010/0005_01.jpg
VGGFace2,n000010,Aamani,0006_01.jpg,vggface2_balanced_100_100/n000010/0006_01.jpg
VGGFace2,n000010,Aamani,0007_01.jpg,vggface2_balanced_100_100/n000010/0007_01.jpg
VGGFace2,n000010,Aamani,0008_01.jpg,vggface2_balanced_100_100/n000010/0008_01.jpg
VGGFace2,n000010,Aamani,0009_01.jpg,vggface2_balanced_100_100/n000010/0009_01.jpg
VGGFace2,n000010,Aamani,0010_01.jpg,vggface2_balanced_100_100/n000010/0010_01.jpg
VGGFace2,n000010,Aamani,0011_01.jpg,vggface2_balanced_100_100/n000010/0011_01.jpg
VGGFace2,n000010,Aamani,0012_01.jpg,vggface2_balanced_100_100/n000010/0012_01.jpg
VGGFace2,n000010,Aamani,0013_01.jpg,vggface2_balanced_100_100/n000010/0013_01.jpg
VGGFace2,n000010,Aamani,0014_01.jpg,vggface2_balanced_100_100/n000010/0014_01.jpg
VGGFace2,n000010,Aamani,0015_01.jpg,vggface2_balanced_100_100/n000010/0015_01.jpg
VGGFace2,n000010,Aamani,0016_01.jpg,vggface2_balanced_100_100/n000010/0016_01.jpg
VGGFace2,n000010,Aamani,0017_01.jpg,vggface2_balanced_100_100/n000010/0017_01.jpg
VGGFace2,n000010,Aamani,0018_01.jpg,vggface2_balanced_100_100/n000010/0018_01.jpg
VGGFace2,n000010,Aamani,0019_01.jpg,vggface2_balanced_100_100/n000010/0019_01.jpg
VGGFace2,n000010,Aamani,0020_01.jpg,vggface2_balanced_100_100/n000010/0020_01.jpg
VGGFace2,n000010,Aamani,0021_01.jpg,vggface2_balanced_100_100/n000010/0021_01.jpg
VGGFace2,n000010,Aamani,0022_01.jpg,vggface2_balanced_100_100/n000010/0022_01.jpg
VGGFace2,n000010,Aamani,0023_01.jpg,vggface2_balanced_100_100/n000010/0023_01.jpg
VGGFace2,n000010,Aamani,0024_01.jpg,vggface2_balanced_100_100/n000010/0024_01.jpg
VGGFace2,n000010,Aamani,0025_01.jpg,vggface2_balanced_100_100/n000010/0025_01.jpg
VGGFace2,n000010,Aamani,0026_01.jpg,vggface2_balanced_100_100/n000010/0026_01.jpg
VGGFace2,n000010,Aamani,0027_01.jpg,vggface2_balanced_100_100/n000010/0027_01.jpg
VGGFace2,n000010,Aamani,0028_01.jpg,vggface2_balanced_100_100/n000010/0028_01.jpg
VGGFace2,n000010,Aamani,0029_01.jpg,vggface2_balanced_100_100/n000010/0029_01.jpg
VGGFace2,n000010,Aamani,0030_01.jpg,vggface2_balanced_100_100/n000010/0030_01.jpg
VGGFace2,n000010,Aamani,0031_01.jpg,vggface2_balanced_100_100/n000010/0031_01.jpg
VGGFace2,n000010,Aamani,0032_01.jpg,vggface2_balanced_100_100/n000010/0032_01.jpg
VGGFace2,n000010,Aamani,0033_01.jpg,vggface2_balanced_100_100/n000010/0033_01.jpg
VGGFace2,n000010,Aamani,0034_01.jpg,vggface2_balanced_100_100/n000010/0034_01.jpg
VGGFace2,n000010,Aamani,0035_01.jpg,vggface2_balanced_100_100/n000010/0035_01.jpg
VGGFace2,n000010,Aamani,0036_01.jpg,vggface2_balanced_100_100/n000010/0036_01.jpg
VGGFace2,n000010,Aamani,0037_01.jpg,vggface2_balanced_100_100/n000010/0037_01.jpg
VGGFace2,n000010,Aamani,0038_01.jpg,vggface2_balanced_100_100/n000010/0038_01.jpg
VGGFace2,n000010,Aamani,0039_01.jpg,vggface2_balanced_100_100/n000010/0039_01.jpg
VGGFace2,n000010,Aamani,0040_01.jpg,vggface2_balanced_100_100/n000010/0040_01.jpg
VGGFace2,n000010,Aamani,0041_01.jpg,vggface2_balanced_100_100/n000010/0041_01.jpg
VGGFace2,n000010,Aamani,0042_01.jpg,vggface2_balanced_100_100/n000010/0042_01.jpg
VGGFace2,n000010,Aamani,0043_01.jpg,vggface2_balanced_100_100/n000010/0043_01.jpg
VGGFace2,n000010,Aamani,0044_01.jpg,vggface2_balanced_100_100/n000010/0044_01.jpg
VGGFace2,n000010,Aamani,0045_01.jpg,vggface2_balanced_100_100/n000010/0045_01.jpg
VGGFace2,n000010,Aamani,0046_01.jpg,vggface2_balanced_100_100/n000010/0046_01.jpg
VGGFace2,n000010,Aamani,0047_01.jpg,vggface2_balanced_100_100/n000010/0047_01.jpg
VGGFace2,n000010,Aamani,0048_01.jpg,vggface2_balanced_100_100/n000010/0048_01.jpg
VGGFace2,n000010,Aamani,0049_01.jpg,vggface2_balanced_100_100/n000010/0049_01.jpg
VGGFace2,n000010,Aamani,0050_01.jpg,vggface2_balanced_100_100/n000010/0050_01.jpg
VGGFace2,n000010,Aamani,0051_01.jpg,vggface2_balanced_100_100/n000010/0051_01.jpg
VGGFace2,n000010,Aamani,0052_01.jpg,vggface2_balanced_100_100/n000010/0052_01.jpg
VGGFace2,n000010,Aamani,0053_01.jpg,vggface2_balanced_100_100/n000010/0053_01.jpg
VGGFace2,n000010,Aamani,0054_01.jpg,vggface2_balanced_100_100/n000010/0054_01.jpg
VGGFace2,n000010,Aamani,0055_01.jpg,vggface2_balanced_100_100/n000010/0055_01.jpg
VGGFace2,n000010,Aamani,0056_01.jpg,vggface2_balanced_100_100/n000010/0056_01.jpg
VGGFace2,n000010,Aamani,0057_01.jpg,vggface2_balanced_100_100/n000010/0057_01.jpg
VGGFace2,n000010,Aamani,0058_01.jpg,vggface2_balanced_100_100/n000010/0058_01.jpg
VGGFace2,n000010,Aamani,0059_01.jpg,vggface2_balanced_100_100/n000010/0059_01.jpg
VGGFace2,n000010,Aamani,0060_01.jpg,vggface2_balanced_100_100/n000010/0060_01.jpg
VGGFace2,n000010,Aamani,0061_01.jpg,vggface2_balanced_100_100/n000010/0061_01.jpg
VGGFace2,n000010,Aamani,0062_01.jpg,vggface2_balanced_100_100/n000010/0062_01.jpg
VGGFace2,n000010,Aamani,0063_01.jpg,vggface2_balanced_100_100/n000010/0063_01.jpg
VGGFace2,n000010,Aamani,0064_01.jpg,vggface2_balanced_100_100/n000010/0064_01.jpg
VGGFace2,n000010,Aamani,0065_01.jpg,vggface2_balanced_100_100/n000010/0065_01.jpg
VGGFace2,n000010,Aamani,0066_01.jpg,vggface2_balanced_100_100/n000010/0066_01.jpg
VGGFace2,n000010,Aamani,0067_01.jpg,vggface2_balanced_100_100/n000010/0067_01.jpg
VGGFace2,n000010,Aamani,0068_01.jpg,vggface2_balanced_100_100/n000010/0068_01.jpg
VGGFace2,n000010,Aamani,0069_01.jpg,vggface2_balanced_100_100/n000010/0069_01.jpg
VGGFace2,n000010,Aamani,0070_01.jpg,vggface2_balanced_100_100/n000010/0070_01.jpg
VGGFace2,n000010,Aamani,0071_01.jpg,vggface2_balanced_100_100/n000010/0071_01.jpg
VGGFace2,n000010,Aamani,0072_01.jpg,vggface2_balanced_100_100/n000010/0072_01.jpg
VGGFace2,n000010,Aamani,0073_01.jpg,vggface2_balanced_100_100/n000010/0073_01.jpg
VGGFace2,n000010,Aamani,0074_01.jpg,vggface2_balanced_100_100/n000010/0074_01.jpg
VGGFace2,n000010,Aamani,0075_01.jpg,vggface2_balanced_100_100/n000010/0075_01.jpg
VGGFace2,n000010,Aamani,0076_01.jpg,vggface2_balanced_100_100/n000010/0076_01.jpg
VGGFace2,n000010,Aamani,0077_01.jpg,vggface2_balanced_100_100/n000010/0077_01.jpg
VGGFace2,n000010,Aamani,0078_01.jpg,vggface2_balanced_100_100/n000010/0078_01.jpg
VGGFace2,n000010,Aamani,0079_05.jpg,vggface2_balanced_100_100/n000010/0079_05.jpg
VGGFace2,n000010,Aamani,0079_10.jpg,vggface2_balanced_100_100/n000010/0079_10.jpg
VGGFace2,n000010,Aamani,0080_01.jpg,vggface2_balanced_100_100/n000010/0080_01.jpg
VGGFace2,n000010,Aamani,0081_01.jpg,vggface2_balanced_100_100/n000010/0081_01.jpg
VGGFace2,n000010,Aamani,0082_01.jpg,vggface2_balanced_100_100/n000010/0082_01.jpg
VGGFace2,n000010,Aamani,0083_01.jpg,vggface2_balanced_100_100/n000010/0083_01.jpg
VGGFace2,n000010,Aamani,0084_01.jpg,vggface2_balanced_100_100/n000010/0084_01.jpg
VGGFace2,n000010,Aamani,0085_01.jpg,vggface2_balanced_100_100/n000010/0085_01.jpg
VGGFace2,n000010,Aamani,0086_01.jpg,vggface2_balanced_100_100/n000010/0086_01.jpg
VGGFace2,n000010,Aamani,0087_01.jpg,vggface2_balanced_100_100/n000010/0087_01.jpg
VGGFace2,n000010,Aamani,0088_01.jpg,vggface2_balanced_100_100/n000010/0088_01.jpg
VGGFace2,n000010,Aamani,0088_02.jpg,vggface2_balanced_100_100/n000010/0088_02.jpg
VGGFace2,n000010,Aamani,0089_01.jpg,vggface2_balanced_100_100/n000010/0089_01.jpg
VGGFace2,n000010,Aamani,0090_01.jpg,vggface2_balanced_100_100/n000010/0090_01.jpg
VGGFace2,n000010,Aamani,0091_01.jpg,vggface2_balanced_100_100/n000010/0091_01.jpg
VGGFace2,n000010,Aamani,0092_01.jpg,vggface2_balanced_100_100/n000010/0092_01.jpg
VGGFace2,n000010,Aamani,0092_02.jpg,vggface2_balanced_100_100/n000010/0092_02.jpg
VGGFace2,n000010,Aamani,0093_02.jpg,vggface2_balanced_100_100/n000010/0093_02.jpg
VGGFace2,n000010,Aamani,0094_01.jpg,vggface2_balanced_100_100/n000010/0094_01.jpg
VGGFace2,n000010,Aamani,0095_01.jpg,vggface2_balanced_100_100/n000010/0095_01.jpg
VGGFace2,n000010,Aamani,0096_01.jpg,vggface2_balanced_100_100/n000010/0096_01.jpg
VGGFace2,n000010,Aamani,0097_01.jpg,vggface2_balanced_100_100/n000010/0097_01.jpg
VGGFace2,n000011,Aamna_Sharif,0001_01.jpg,vggface2_balanced_100_100/n000011/0001_01.jpg
VGGFace2,n000011,Aamna_Sharif,0002_01.jpg,vggface2_balanced_100_100/n000011/0002_01.jpg
VGGFace2,n000011,Aamna_Sharif,0003_01.jpg,vggface2_balanced_100_100/n000011/0003_01.jpg
VGGFace2,n000011,Aamna_Sharif,0004_01.jpg,vggface2_balanced_100_100/n000011/0004_01.jpg
VGGFace2,n000011,Aamna_Sharif,0005_01.jpg,vggface2_balanced_100_100/n000011/0005_01.jpg
VGGFace2,n000011,Aamna_Sharif,0006_01.jpg,vggface2_balanced_100_100/n000011/0006_01.jpg
VGGFace2,n000011,Aamna_Sharif,0007_01.jpg,vggface2_balanced_100_100/n000011/0007_01.jpg
VGGFace2,n000011,Aamna_Sharif,0008_01.jpg,vggface2_balanced_100_100/n000011/0008_01.jpg
VGGFace2,n000011,Aamna_Sharif,0009_01.jpg,vggface2_balanced_100_100/n000011/0009_01.jpg
VGGFace2,n000011,Aamna_Sharif,0009_02.jpg,vggface2_balanced_100_100/n000011/0009_02.jpg
VGGFace2,n000011,Aamna_Sharif,0010_01.jpg,vggface2_balanced_100_100/n000011/0010_01.jpg
VGGFace2,n000011,Aamna_Sharif,0011_01.jpg,vggface2_balanced_100_100/n000011/0011_01.jpg
VGGFace2,n000011,Aamna_Sharif,0012_01.jpg,vggface2_balanced_100_100/n000011/0012_01.jpg
VGGFace2,n000011,Aamna_Sharif,0013_01.jpg,vggface2_balanced_100_100/n000011/0013_01.jpg
VGGFace2,n000011,Aamna_Sharif,0014_01.jpg,vggface2_balanced_100_100/n000011/0014_01.jpg
VGGFace2,n000011,Aamna_Sharif,0015_01.jpg,vggface2_balanced_100_100/n000011/0015_01.jpg
VGGFace2,n000011,Aamna_Sharif,0016_01.jpg,vggface2_balanced_100_100/n000011/0016_01.jpg
VGGFace2,n000011,Aamna_Sharif,0017_01.jpg,vggface2_balanced_100_100/n000011/0017_01.jpg
VGGFace2,n000011,Aamna_Sharif,0018_02.jpg,vggface2_balanced_100_100/n000011/0018_02.jpg
VGGFace2,n000011,Aamna_Sharif,0019_01.jpg,vggface2_balanced_100_100/n000011/0019_01.jpg
VGGFace2,n000011,Aamna_Sharif,0020_01.jpg,vggface2_balanced_100_100/n000011/0020_01.jpg
VGGFace2,n000011,Aamna_Sharif,0021_01.jpg,vggface2_balanced_100_100/n000011/0021_01.jpg
VGGFace2,n000011,Aamna_Sharif,0022_01.jpg,vggface2_balanced_100_100/n000011/0022_01.jpg
VGGFace2,n000011,Aamna_Sharif,0023_01.jpg,vggface2_balanced_100_100/n000011/0023_01.jpg
VGGFace2,n000011,Aamna_Sharif,0024_02.jpg,vggface2_balanced_100_100/n000011/0024_02.jpg
VGGFace2,n000011,Aamna_Sharif,0025_01.jpg,vggface2_balanced_100_100/n000011/0025_01.jpg
VGGFace2,n000011,Aamna_Sharif,0026_01.jpg,vggface2_balanced_100_100/n000011/0026_01.jpg
VGGFace2,n000011,Aamna_Sharif,0026_02.jpg,vggface2_balanced_100_100/n000011/0026_02.jpg
VGGFace2,n000011,Aamna_Sharif,0026_03.jpg,vggface2_balanced_100_100/n000011/0026_03.jpg
VGGFace2,n000011,Aamna_Sharif,0027_01.jpg,vggface2_balanced_100_100/n000011/0027_01.jpg
VGGFace2,n000011,Aamna_Sharif,0028_01.jpg,vggface2_balanced_100_100/n000011/0028_01.jpg
VGGFace2,n000011,Aamna_Sharif,0029_01.jpg,vggface2_balanced_100_100/n000011/0029_01.jpg
VGGFace2,n000011,Aamna_Sharif,0030_01.jpg,vggface2_balanced_100_100/n000011/0030_01.jpg
VGGFace2,n000011,Aamna_Sharif,0030_02.jpg,vggface2_balanced_100_100/n000011/0030_02.jpg
VGGFace2,n000011,Aamna_Sharif,0031_01.jpg,vggface2_balanced_100_100/n000011/0031_01.jpg
VGGFace2,n000011,Aamna_Sharif,0032_01.jpg,vggface2_balanced_100_100/n000011/0032_01.jpg
VGGFace2,n000011,Aamna_Sharif,0033_01.jpg,vggface2_balanced_100_100/n000011/0033_01.jpg
VGGFace2,n000011,Aamna_Sharif,0035_01.jpg,vggface2_balanced_100_100/n000011/0035_01.jpg
VGGFace2,n000011,Aamna_Sharif,0036_01.jpg,vggface2_balanced_100_100/n000011/0036_01.jpg
VGGFace2,n000011,Aamna_Sharif,0037_01.jpg,vggface2_balanced_100_100/n000011/0037_01.jpg
VGGFace2,n000011,Aamna_Sharif,0038_01.jpg,vggface2_balanced_100_100/n000011/0038_01.jpg
VGGFace2,n000011,Aamna_Sharif,0039_01.jpg,vggface2_balanced_100_100/n000011/0039_01.jpg
VGGFace2,n000011,Aamna_Sharif,0040_01.jpg,vggface2_balanced_100_100/n000011/0040_01.jpg
VGGFace2,n000011,Aamna_Sharif,0041_01.jpg,vggface2_balanced_100_100/n000011/0041_01.jpg
VGGFace2,n000011,Aamna_Sharif,0042_01.jpg,vggface2_balanced_100_100/n000011/0042_01.jpg
VGGFace2,n000011,Aamna_Sharif,0043_01.jpg,vggface2_balanced_100_100/n000011/0043_01.jpg
VGGFace2,n000011,Aamna_Sharif,0044_01.jpg,vggface2_balanced_100_100/n000011/0044_01.jpg
VGGFace2,n000011,Aamna_Sharif,0045_01.jpg,vggface2_balanced_100_100/n000011/0045_01.jpg
VGGFace2,n000011,Aamna_Sharif,0046_01.jpg,vggface2_balanced_100_100/n000011/0046_01.jpg
VGGFace2,n000011,Aamna_Sharif,0047_01.jpg,vggface2_balanced_100_100/n000011/0047_01.jpg
VGGFace2,n000011,Aamna_Sharif,0048_01.jpg,vggface2_balanced_100_100/n000011/0048_01.jpg
VGGFace2,n000011,Aamna_Sharif,0049_01.jpg,vggface2_balanced_100_100/n000011/0049_01.jpg
VGGFace2,n000011,Aamna_Sharif,0050_01.jpg,vggface2_balanced_100_100/n000011/0050_01.jpg
VGGFace2,n000011,Aamna_Sharif,0051_01.jpg,vggface2_balanced_100_100/n000011/0051_01.jpg
VGGFace2,n000011,Aamna_Sharif,0052_01.jpg,vggface2_balanced_100_100/n000011/0052_01.jpg
VGGFace2,n000011,Aamna_Sharif,0053_02.jpg,vggface2_balanced_100_100/n000011/0053_02.jpg
VGGFace2,n000011,Aamna_Sharif,0054_01.jpg,vggface2_balanced_100_100/n000011/0054_01.jpg
VGGFace2,n000011,Aamna_Sharif,0055_02.jpg,vggface2_balanced_100_100/n000011/0055_02.jpg
VGGFace2,n000011,Aamna_Sharif,0056_01.jpg,vggface2_balanced_100_100/n000011/0056_01.jpg
VGGFace2,n000011,Aamna_Sharif,0057_01.jpg,vggface2_balanced_100_100/n000011/0057_01.jpg
VGGFace2,n000011,Aamna_Sharif,0058_01.jpg,vggface2_balanced_100_100/n000011/0058_01.jpg
VGGFace2,n000011,Aamna_Sharif,0059_01.jpg,vggface2_balanced_100_100/n000011/0059_01.jpg
VGGFace2,n000011,Aamna_Sharif,0060_01.jpg,vggface2_balanced_100_100/n000011/0060_01.jpg
VGGFace2,n000011,Aamna_Sharif,0061_01.jpg,vggface2_balanced_100_100/n000011/0061_01.jpg
VGGFace2,n000011,Aamna_Sharif,0062_01.jpg,vggface2_balanced_100_100/n000011/0062_01.jpg
VGGFace2,n000011,Aamna_Sharif,0063_01.jpg,vggface2_balanced_100_100/n000011/0063_01.jpg
VGGFace2,n000011,Aamna_Sharif,0064_01.jpg,vggface2_balanced_100_100/n000011/0064_01.jpg
VGGFace2,n000011,Aamna_Sharif,0065_01.jpg,vggface2_balanced_100_100/n000011/0065_01.jpg
VGGFace2,n000011,Aamna_Sharif,0066_03.jpg,vggface2_balanced_100_100/n000011/0066_03.jpg
VGGFace2,n000011,Aamna_Sharif,0066_04.jpg,vggface2_balanced_100_100/n000011/0066_04.jpg
VGGFace2,n000011,Aamna_Sharif,0067_01.jpg,vggface2_balanced_100_100/n000011/0067_01.jpg
VGGFace2,n000011,Aamna_Sharif,0068_01.jpg,vggface2_balanced_100_100/n000011/0068_01.jpg
VGGFace2,n000011,Aamna_Sharif,0069_01.jpg,vggface2_balanced_100_100/n000011/0069_01.jpg
VGGFace2,n000011,Aamna_Sharif,0070_03.jpg,vggface2_balanced_100_100/n000011/0070_03.jpg
VGGFace2,n000011,Aamna_Sharif,0071_03.jpg,vggface2_balanced_100_100/n000011/0071_03.jpg
VGGFace2,n000011,Aamna_Sharif,0072_01.jpg,vggface2_balanced_100_100/n000011/0072_01.jpg
VGGFace2,n000011,Aamna_Sharif,0073_01.jpg,vggface2_balanced_100_100/n000011/0073_01.jpg
VGGFace2,n000011,Aamna_Sharif,0074_01.jpg,vggface2_balanced_100_100/n000011/0074_01.jpg
VGGFace2,n000011,Aamna_Sharif,0075_01.jpg,vggface2_balanced_100_100/n000011/0075_01.jpg
VGGFace2,n000011,Aamna_Sharif,0076_01.jpg,vggface2_balanced_100_100/n000011/0076_01.jpg
VGGFace2,n000011,Aamna_Sharif,0077_01.jpg,vggface2_balanced_100_100/n000011/0077_01.jpg
VGGFace2,n000011,Aamna_Sharif,0078_01.jpg,vggface2_balanced_100_100/n000011/0078_01.jpg
VGGFace2,n000011,Aamna_Sharif,0079_01.jpg,vggface2_balanced_100_100/n000011/0079_01.jpg
VGGFace2,n000011,Aamna_Sharif,0080_01.jpg,vggface2_balanced_100_100/n000011/0080_01.jpg
VGGFace2,n000011,Aamna_Sharif,0081_01.jpg,vggface2_balanced_100_100/n000011/0081_01.jpg
VGGFace2,n000011,Aamna_Sharif,0082_02.jpg,vggface2_balanced_100_100/n000011/0082_02.jpg
VGGFace2,n000011,Aamna_Sharif,0083_02.jpg,vggface2_balanced_100_100/n000011/0083_02.jpg
VGGFace2,n000011,Aamna_Sharif,0084_01.jpg,vggface2_balanced_100_100/n000011/0084_01.jpg
VGGFace2,n000011,Aamna_Sharif,0085_02.jpg,vggface2_balanced_100_100/n000011/0085_02.jpg
VGGFace2,n000011,Aamna_Sharif,0086_01.jpg,vggface2_balanced_100_100/n000011/0086_01.jpg
VGGFace2,n000011,Aamna_Sharif,0087_01.jpg,vggface2_balanced_100_100/n000011/0087_01.jpg
VGGFace2,n000011,Aamna_Sharif,0088_01.jpg,vggface2_balanced_100_100/n000011/0088_01.jpg
VGGFace2,n000011,Aamna_Sharif,0089_01.jpg,vggface2_balanced_100_100/n000011/0089_01.jpg
VGGFace2,n000011,Aamna_Sharif,0089_02.jpg,vggface2_balanced_100_100/n000011/0089_02.jpg
VGGFace2,n000011,Aamna_Sharif,0090_01.jpg,vggface2_balanced_100_100/n000011/0090_01.jpg
VGGFace2,n000011,Aamna_Sharif,0091_01.jpg,vggface2_balanced_100_100/n000011/0091_01.jpg
VGGFace2,n000011,Aamna_Sharif,0092_01.jpg,vggface2_balanced_100_100/n000011/0092_01.jpg
VGGFace2,n000011,Aamna_Sharif,0093_01.jpg,vggface2_balanced_100_100/n000011/0093_01.jpg
VGGFace2,n000011,Aamna_Sharif,0093_02.jpg,vggface2_balanced_100_100/n000011/0093_02.jpg
VGGFace2,n000011,Aamna_Sharif,0094_01.jpg,vggface2_balanced_100_100/n000011/0094_01.jpg
VGGFace2,n000012,Aaron_Ashmore,0001_01.jpg,vggface2_balanced_100_100/n000012/0001_01.jpg
VGGFace2,n000012,Aaron_Ashmore,0002_01.jpg,vggface2_balanced_100_100/n000012/0002_01.jpg
VGGFace2,n000012,Aaron_Ashmore,0003_01.jpg,vggface2_balanced_100_100/n000012/0003_01.jpg
VGGFace2,n000012,Aaron_Ashmore,0004_01.jpg,vggface2_balanced_100_100/n000012/0004_01.jpg
VGGFace2,n000012,Aaron_Ashmore,0004_02.jpg,vggface2_balanced_100_100/n000012/0004_02.jpg
VGGFace2,n000012,Aaron_Ashmore,0005_03.jpg,vggface2_balanced_100_100/n000012/0005_03.jpg
VGGFace2,n000012,Aaron_Ashmore,0006_01.jpg,vggface2_balanced_100_100/n000012/0006_01.jpg
VGGFace2,n000012,Aaron_Ashmore,0006_02.jpg,vggface2_balanced_100_100/n000012/0006_02.jpg
VGGFace2,n000012,Aaron_Ashmore,0007_01.jpg,vggface2_balanced_100_100/n000012/0007_01.jpg
VGGFace2,n000012,Aaron_Ashmore,0007_02.jpg,vggface2_balanced_100_100/n000012/0007_02.jpg
VGGFace2,n000012,Aaron_Ashmore,0007_03.jpg,vggface2_balanced_100_100/n000012/0007_03.jpg
VGGFace2,n000012,Aaron_Ashmore,0007_04.jpg,vggface2_balanced_100_100/n000012/0007_04.jpg
VGGFace2,n000012,Aaron_Ashmore,0007_05.jpg,vggface2_balanced_100_100/n000012/0007_05.jpg
VGGFace2,n000012,Aaron_Ashmore,0007_06.jpg,vggface2_balanced_100_100/n000012/0007_06.jpg
VGGFace2,n000012,Aaron_Ashmore,0008_01.jpg,vggface2_balanced_100_100/n000012/0008_01.jpg
VGGFace2,n000012,Aaron_Ashmore,0009_01.jpg,vggface2_balanced_100_100/n000012/0009_01.jpg
VGGFace2,n000012,Aaron_Ashmore,0010_02.jpg,vggface2_balanced_100_100/n000012/0010_02.jpg
VGGFace2,n000012,Aaron_Ashmore,0011_03.jpg,vggface2_balanced_100_100/n000012/0011_03.jpg
VGGFace2,n000012,Aaron_Ashmore,0012_01.jpg,vggface2_balanced_100_100/n000012/0012_01.jpg
VGGFace2,n000012,Aaron_Ashmore,0012_02.jpg,vggface2_balanced_100_100/n000012/0012_02.jpg
VGGFace2,n000012,Aaron_Ashmore,0013_01.jpg,vggface2_balanced_100_100/n000012/0013_01.jpg
VGGFace2,n000012,Aaron_Ashmore,0014_01.jpg,vggface2_balanced_100_100/n000012/0014_01.jpg
VGGFace2,n000012,Aaron_Ashmore,0015_01.jpg,vggface2_balanced_100_100/n000012/0015_01.jpg
VGGFace2,n000012,Aaron_Ashmore,0015_02.jpg,vggface2_balanced_100_100/n000012/0015_02.jpg
VGGFace2,n000012,Aaron_Ashmore,0016_04.jpg,vggface2_balanced_100_100/n000012/0016_04.jpg
VGGFace2,n000012,Aaron_Ashmore,0017_01.jpg,vggface2_balanced_100_100/n000012/0017_01.jpg
VGGFace2,n000012,Aaron_Ashmore,0017_02.jpg,vggface2_balanced_100_100/n000012/0017_02.jpg
VGGFace2,n000012,Aaron_Ashmore,0018_01.jpg,vggface2_balanced_100_100/n000012/0018_01.jpg
VGGFace2,n000012,Aaron_Ashmore,0019_01.jpg,vggface2_balanced_100_100/n000012/0019_01.jpg
VGGFace2,n000012,Aaron_Ashmore,0020_01.jpg,vggface2_balanced_100_100/n000012/0020_01.jpg
VGGFace2,n000012,Aaron_Ashmore,0021_02.jpg,vggface2_balanced_100_100/n000012/0021_02.jpg
VGGFace2,n000012,Aaron_Ashmore,0023_01.jpg,vggface2_balanced_100_100/n000012/0023_01.jpg
VGGFace2,n000012,Aaron_Ashmore,0023_02.jpg,vggface2_balanced_100_100/n000012/0023_02.jpg
VGGFace2,n000012,Aaron_Ashmore,0024_01.jpg,vggface2_balanced_100_100/n000012/0024_01.jpg
VGGFace2,n000012,Aaron_Ashmore,0025_01.jpg,vggface2_balanced_100_100/n000012/0025_01.jpg
VGGFace2,n000012,Aaron_Ashmore,0026_01.jpg,vggface2_balanced_100_100/n000012/0026_01.jpg
VGGFace2,n000012,Aaron_Ashmore,0027_01.jpg,vggface2_balanced_100_100/n000012/0027_01.jpg
VGGFace2,n000012,Aaron_Ashmore,0028_01.jpg,vggface2_balanced_100_100/n000012/0028_01.jpg
VGGFace2,n000012,Aaron_Ashmore,0029_01.jpg,vggface2_balanced_100_100/n000012/0029_01.jpg
VGGFace2,n000012,Aaron_Ashmore,0029_02.jpg,vggface2_balanced_100_100/n000012/0029_02.jpg
VGGFace2,n000012,Aaron_Ashmore,0029_03.jpg,vggface2_balanced_100_100/n000012/0029_03.jpg
VGGFace2,n000012,Aaron_Ashmore,0029_04.jpg,vggface2_balanced_100_100/n000012/0029_04.jpg
VGGFace2,n000012,Aaron_Ashmore,0030_01.jpg,vggface2_balanced_100_100/n000012/0030_01.jpg
VGGFace2,n000012,Aaron_Ashmore,0030_02.jpg,vggface2_balanced_100_100/n000012/0030_02.jpg
VGGFace2,n000012,Aaron_Ashmore,0031_03.jpg,vggface2_balanced_100_100/n000012/0031_03.jpg
VGGFace2,n000012,Aaron_Ashmore,0032_01.jpg,vggface2_balanced_100_100/n000012/0032_01.jpg
VGGFace2,n000012,Aaron_Ashmore,0032_02.jpg,vggface2_balanced_100_100/n000012/0032_02.jpg
VGGFace2,n000012,Aaron_Ashmore,0033_01.jpg,vggface2_balanced_100_100/n000012/0033_01.jpg
VGGFace2,n000012,Aaron_Ashmore,0034_01.jpg,vggface2_balanced_100_100/n000012/0034_01.jpg
VGGFace2,n000012,Aaron_Ashmore,0035_01.jpg,vggface2_balanced_100_100/n000012/0035_01.jpg
VGGFace2,n000012,Aaron_Ashmore,0036_01.jpg,vggface2_balanced_100_100/n000012/0036_01.jpg
VGGFace2,n000012,Aaron_Ashmore,0037_01.jpg,vggface2_balanced_100_100/n000012/0037_01.jpg
VGGFace2,n000012,Aaron_Ashmore,0038_02.jpg,vggface2_balanced_100_100/n000012/0038_02.jpg
VGGFace2,n000012,Aaron_Ashmore,0039_01.jpg,vggface2_balanced_100_100/n000012/0039_01.jpg
VGGFace2,n000012,Aaron_Ashmore,0039_02.jpg,vggface2_balanced_100_100/n000012/0039_02.jpg
VGGFace2,n000012,Aaron_Ashmore,0040_01.jpg,vggface2_balanced_100_100/n000012/0040_01.jpg
VGGFace2,n000012,Aaron_Ashmore,0040_02.jpg,vggface2_balanced_100_100/n000012/0040_02.jpg
VGGFace2,n000012,Aaron_Ashmore,0041_01.jpg,vggface2_balanced_100_100/n000012/0041_01.jpg
VGGFace2,n000012,Aaron_Ashmore,0042_01.jpg,vggface2_balanced_100_100/n000012/0042_01.jpg
VGGFace2,n000012,Aaron_Ashmore,0043_01.jpg,vggface2_balanced_100_100/n000012/0043_01.jpg
VGGFace2,n000012,Aaron_Ashmore,0044_01.jpg,vggface2_balanced_100_100/n000012/0044_01.jpg
VGGFace2,n000012,Aaron_Ashmore,0045_01.jpg,vggface2_balanced_100_100/n000012/0045_01.jpg
VGGFace2,n000012,Aaron_Ashmore,0046_01.jpg,vggface2_balanced_100_100/n000012/0046_01.jpg
VGGFace2,n000012,Aaron_Ashmore,0047_01.jpg,vggface2_balanced_100_100/n000012/0047_01.jpg
VGGFace2,n000012,Aaron_Ashmore,0048_01.jpg,vggface2_balanced_100_100/n000012/0048_01.jpg
VGGFace2,n000012,Aaron_Ashmore,0049_01.jpg,vggface2_balanced_100_100/n000012/0049_01.jpg
VGGFace2,n000012,Aaron_Ashmore,0050_01.jpg,vggface2_balanced_100_100/n000012/0050_01.jpg
VGGFace2,n000012,Aaron_Ashmore,0051_01.jpg,vggface2_balanced_100_100/n000012/0051_01.jpg
VGGFace2,n000012,Aaron_Ashmore,0052_01.jpg,vggface2_balanced_100_100/n000012/0052_01.jpg
VGGFace2,n000012,Aaron_Ashmore,0053_02.jpg,vggface2_balanced_100_100/n000012/0053_02.jpg
VGGFace2,n000012,Aaron_Ashmore,0054_01.jpg,vggface2_balanced_100_100/n000012/0054_01.jpg
VGGFace2,n000012,Aaron_Ashmore,0055_01.jpg,vggface2_balanced_100_100/n000012/0055_01.jpg
VGGFace2,n000012,Aaron_Ashmore,0056_01.jpg,vggface2_balanced_100_100/n000012/0056_01.jpg
VGGFace2,n000012,Aaron_Ashmore,0056_02.jpg,vggface2_balanced_100_100/n000012/0056_02.jpg
VGGFace2,n000012,Aaron_Ashmore,0057_03.jpg,vggface2_balanced_100_100/n000012/0057_03.jpg
VGGFace2,n000012,Aaron_Ashmore,0057_05.jpg,vggface2_balanced_100_100/n000012/0057_05.jpg
VGGFace2,n000012,Aaron_Ashmore,0058_01.jpg,vggface2_balanced_100_100/n000012/0058_01.jpg
VGGFace2,n000012,Aaron_Ashmore,0059_01.jpg,vggface2_balanced_100_100/n000012/0059_01.jpg
VGGFace2,n000012,Aaron_Ashmore,0061_02.jpg,vggface2_balanced_100_100/n000012/0061_02.jpg
VGGFace2,n000012,Aaron_Ashmore,0062_01.jpg,vggface2_balanced_100_100/n000012/0062_01.jpg
VGGFace2,n000012,Aaron_Ashmore,0064_01.jpg,vggface2_balanced_100_100/n000012/0064_01.jpg
VGGFace2,n000012,Aaron_Ashmore,0066_01.jpg,vggface2_balanced_100_100/n000012/0066_01.jpg
VGGFace2,n000012,Aaron_Ashmore,0067_01.jpg,vggface2_balanced_100_100/n000012/0067_01.jpg
VGGFace2,n000012,Aaron_Ashmore,0068_01.jpg,vggface2_balanced_100_100/n000012/0068_01.jpg
VGGFace2,n000012,Aaron_Ashmore,0069_01.jpg,vggface2_balanced_100_100/n000012/0069_01.jpg
VGGFace2,n000012,Aaron_Ashmore,0070_01.jpg,vggface2_balanced_100_100/n000012/0070_01.jpg
VGGFace2,n000012,Aaron_Ashmore,0071_01.jpg,vggface2_balanced_100_100/n000012/0071_01.jpg
VGGFace2,n000012,Aaron_Ashmore,0072_01.jpg,vggface2_balanced_100_100/n000012/0072_01.jpg
VGGFace2,n000012,Aaron_Ashmore,0073_01.jpg,vggface2_balanced_100_100/n000012/0073_01.jpg
VGGFace2,n000012,Aaron_Ashmore,0073_03.jpg,vggface2_balanced_100_100/n000012/0073_03.jpg
VGGFace2,n000012,Aaron_Ashmore,0074_01.jpg,vggface2_balanced_100_100/n000012/0074_01.jpg
VGGFace2,n000012,Aaron_Ashmore,0075_01.jpg,vggface2_balanced_100_100/n000012/0075_01.jpg
VGGFace2,n000012,Aaron_Ashmore,0076_01.jpg,vggface2_balanced_100_100/n000012/0076_01.jpg
VGGFace2,n000012,Aaron_Ashmore,0077_01.jpg,vggface2_balanced_100_100/n000012/0077_01.jpg
VGGFace2,n000012,Aaron_Ashmore,0078_01.jpg,vggface2_balanced_100_100/n000012/0078_01.jpg
VGGFace2,n000012,Aaron_Ashmore,0079_01.jpg,vggface2_balanced_100_100/n000012/0079_01.jpg
VGGFace2,n000012,Aaron_Ashmore,0080_01.jpg,vggface2_balanced_100_100/n000012/0080_01.jpg
VGGFace2,n000012,Aaron_Ashmore,0082_01.jpg,vggface2_balanced_100_100/n000012/0082_01.jpg
VGGFace2,n000012,Aaron_Ashmore,0082_02.jpg,vggface2_balanced_100_100/n000012/0082_02.jpg
VGGFace2,n000012,Aaron_Ashmore,0082_03.jpg,vggface2_balanced_100_100/n000012/0082_03.jpg
VGGFace2,n000013,Aaron_Hernandez,0001_01.jpg,vggface2_balanced_100_100/n000013/0001_01.jpg
VGGFace2,n000013,Aaron_Hernandez,0002_01.jpg,vggface2_balanced_100_100/n000013/0002_01.jpg
VGGFace2,n000013,Aaron_Hernandez,0003_01.jpg,vggface2_balanced_100_100/n000013/0003_01.jpg
VGGFace2,n000013,Aaron_Hernandez,0004_01.jpg,vggface2_balanced_100_100/n000013/0004_01.jpg
VGGFace2,n000013,Aaron_Hernandez,0005_01.jpg,vggface2_balanced_100_100/n000013/0005_01.jpg
VGGFace2,n000013,Aaron_Hernandez,0006_01.jpg,vggface2_balanced_100_100/n000013/0006_01.jpg
VGGFace2,n000013,Aaron_Hernandez,0007_01.jpg,vggface2_balanced_100_100/n000013/0007_01.jpg
VGGFace2,n000013,Aaron_Hernandez,0008_01.jpg,vggface2_balanced_100_100/n000013/0008_01.jpg
VGGFace2,n000013,Aaron_Hernandez,0009_01.jpg,vggface2_balanced_100_100/n000013/0009_01.jpg
VGGFace2,n000013,Aaron_Hernandez,0010_01.jpg,vggface2_balanced_100_100/n000013/0010_01.jpg
VGGFace2,n000013,Aaron_Hernandez,0011_01.jpg,vggface2_balanced_100_100/n000013/0011_01.jpg
VGGFace2,n000013,Aaron_Hernandez,0011_02.jpg,vggface2_balanced_100_100/n000013/0011_02.jpg
VGGFace2,n000013,Aaron_Hernandez,0012_01.jpg,vggface2_balanced_100_100/n000013/0012_01.jpg
VGGFace2,n000013,Aaron_Hernandez,0013_01.jpg,vggface2_balanced_100_100/n000013/0013_01.jpg
VGGFace2,n000013,Aaron_Hernandez,0014_01.jpg,vggface2_balanced_100_100/n000013/0014_01.jpg
VGGFace2,n000013,Aaron_Hernandez,0015_01.jpg,vggface2_balanced_100_100/n000013/0015_01.jpg
VGGFace2,n000013,Aaron_Hernandez,0016_01.jpg,vggface2_balanced_100_100/n000013/0016_01.jpg
VGGFace2,n000013,Aaron_Hernandez,0017_01.jpg,vggface2_balanced_100_100/n000013/0017_01.jpg
VGGFace2,n000013,Aaron_Hernandez,0018_01.jpg,vggface2_balanced_100_100/n000013/0018_01.jpg
VGGFace2,n000013,Aaron_Hernandez,0019_02.jpg,vggface2_balanced_100_100/n000013/0019_02.jpg
VGGFace2,n000013,Aaron_Hernandez,0020_01.jpg,vggface2_balanced_100_100/n000013/0020_01.jpg
VGGFace2,n000013,Aaron_Hernandez,0021_01.jpg,vggface2_balanced_100_100/n000013/0021_01.jpg
VGGFace2,n000013,Aaron_Hernandez,0022_01.jpg,vggface2_balanced_100_100/n000013/0022_01.jpg
VGGFace2,n000013,Aaron_Hernandez,0022_02.jpg,vggface2_balanced_100_100/n000013/0022_02.jpg
VGGFace2,n000013,Aaron_Hernandez,0022_03.jpg,vggface2_balanced_100_100/n000013/0022_03.jpg
VGGFace2,n000013,Aaron_Hernandez,0023_01.jpg,vggface2_balanced_100_100/n000013/0023_01.jpg
VGGFace2,n000013,Aaron_Hernandez,0024_01.jpg,vggface2_balanced_100_100/n000013/0024_01.jpg
VGGFace2,n000013,Aaron_Hernandez,0025_01.jpg,vggface2_balanced_100_100/n000013/0025_01.jpg
VGGFace2,n000013,Aaron_Hernandez,0026_01.jpg,vggface2_balanced_100_100/n000013/0026_01.jpg
VGGFace2,n000013,Aaron_Hernandez,0027_01.jpg,vggface2_balanced_100_100/n000013/0027_01.jpg
VGGFace2,n000013,Aaron_Hernandez,0028_01.jpg,vggface2_balanced_100_100/n000013/0028_01.jpg
VGGFace2,n000013,Aaron_Hernandez,0029_01.jpg,vggface2_balanced_100_100/n000013/0029_01.jpg
VGGFace2,n000013,Aaron_Hernandez,0029_02.jpg,vggface2_balanced_100_100/n000013/0029_02.jpg
VGGFace2,n000013,Aaron_Hernandez,0029_03.jpg,vggface2_balanced_100_100/n000013/0029_03.jpg
VGGFace2,n000013,Aaron_Hernandez,0029_04.jpg,vggface2_balanced_100_100/n000013/0029_04.jpg
VGGFace2,n000013,Aaron_Hernandez,0029_05.jpg,vggface2_balanced_100_100/n000013/0029_05.jpg
VGGFace2,n000013,Aaron_Hernandez,0029_06.jpg,vggface2_balanced_100_100/n000013/0029_06.jpg
VGGFace2,n000013,Aaron_Hernandez,0030_01.jpg,vggface2_balanced_100_100/n000013/0030_01.jpg
VGGFace2,n000013,Aaron_Hernandez,0031_01.jpg,vggface2_balanced_100_100/n000013/0031_01.jpg
VGGFace2,n000013,Aaron_Hernandez,0032_01.jpg,vggface2_balanced_100_100/n000013/0032_01.jpg
VGGFace2,n000013,Aaron_Hernandez,0033_01.jpg,vggface2_balanced_100_100/n000013/0033_01.jpg
VGGFace2,n000013,Aaron_Hernandez,0034_01.jpg,vggface2_balanced_100_100/n000013/0034_01.jpg
VGGFace2,n000013,Aaron_Hernandez,0035_01.jpg,vggface2_balanced_100_100/n000013/0035_01.jpg
VGGFace2,n000013,Aaron_Hernandez,0036_01.jpg,vggface2_balanced_100_100/n000013/0036_01.jpg
VGGFace2,n000013,Aaron_Hernandez,0037_01.jpg,vggface2_balanced_100_100/n000013/0037_01.jpg
VGGFace2,n000013,Aaron_Hernandez,0038_01.jpg,vggface2_balanced_100_100/n000013/0038_01.jpg
VGGFace2,n000013,Aaron_Hernandez,0039_01.jpg,vggface2_balanced_100_100/n000013/0039_01.jpg
VGGFace2,n000013,Aaron_Hernandez,0040_01.jpg,vggface2_balanced_100_100/n000013/0040_01.jpg
VGGFace2,n000013,Aaron_Hernandez,0041_01.jpg,vggface2_balanced_100_100/n000013/0041_01.jpg
VGGFace2,n000013,Aaron_Hernandez,0042_01.jpg,vggface2_balanced_100_100/n000013/0042_01.jpg
VGGFace2,n000013,Aaron_Hernandez,0043_01.jpg,vggface2_balanced_100_100/n000013/0043_01.jpg
VGGFace2,n000013,Aaron_Hernandez,0044_01.jpg,vggface2_balanced_100_100/n000013/0044_01.jpg
VGGFace2,n000013,Aaron_Hernandez,0045_01.jpg,vggface2_balanced_100_100/n000013/0045_01.jpg
VGGFace2,n000013,Aaron_Hernandez,0046_01.jpg,vggface2_balanced_100_100/n000013/0046_01.jpg
VGGFace2,n000013,Aaron_Hernandez,0047_01.jpg,vggface2_balanced_100_100/n000013/0047_01.jpg
VGGFace2,n000013,Aaron_Hernandez,0048_01.jpg,vggface2_balanced_100_100/n000013/0048_01.jpg
VGGFace2,n000013,Aaron_Hernandez,0049_01.jpg,vggface2_balanced_100_100/n000013/0049_01.jpg
VGGFace2,n000013,Aaron_Hernandez,0050_01.jpg,vggface2_balanced_100_100/n000013/0050_01.jpg
VGGFace2,n000013,Aaron_Hernandez,0051_01.jpg,vggface2_balanced_100_100/n000013/0051_01.jpg
VGGFace2,n000013,Aaron_Hernandez,0053_01.jpg,vggface2_balanced_100_100/n000013/0053_01.jpg
VGGFace2,n000013,Aaron_Hernandez,0054_01.jpg,vggface2_balanced_100_100/n000013/0054_01.jpg
VGGFace2,n000013,Aaron_Hernandez,0055_01.jpg,vggface2_balanced_100_100/n000013/0055_01.jpg
VGGFace2,n000013,Aaron_Hernandez,0056_01.jpg,vggface2_balanced_100_100/n000013/0056_01.jpg
VGGFace2,n000013,Aaron_Hernandez,0057_01.jpg,vggface2_balanced_100_100/n000013/0057_01.jpg
VGGFace2,n000013,Aaron_Hernandez,0058_01.jpg,vggface2_balanced_100_100/n000013/0058_01.jpg
VGGFace2,n000013,Aaron_Hernandez,0059_01.jpg,vggface2_balanced_100_100/n000013/0059_01.jpg
VGGFace2,n000013,Aaron_Hernandez,0060_01.jpg,vggface2_balanced_100_100/n000013/0060_01.jpg
VGGFace2,n000013,Aaron_Hernandez,0061_01.jpg,vggface2_balanced_100_100/n000013/0061_01.jpg
VGGFace2,n000013,Aaron_Hernandez,0062_02.jpg,vggface2_balanced_100_100/n000013/0062_02.jpg
VGGFace2,n000013,Aaron_Hernandez,0063_01.jpg,vggface2_balanced_100_100/n000013/0063_01.jpg
VGGFace2,n000013,Aaron_Hernandez,0064_01.jpg,vggface2_balanced_100_100/n000013/0064_01.jpg
VGGFace2,n000013,Aaron_Hernandez,0065_01.jpg,vggface2_balanced_100_100/n000013/0065_01.jpg
VGGFace2,n000013,Aaron_Hernandez,0066_02.jpg,vggface2_balanced_100_100/n000013/0066_02.jpg
VGGFace2,n000013,Aaron_Hernandez,0067_01.jpg,vggface2_balanced_100_100/n000013/0067_01.jpg
VGGFace2,n000013,Aaron_Hernandez,0068_01.jpg,vggface2_balanced_100_100/n000013/0068_01.jpg
VGGFace2,n000013,Aaron_Hernandez,0069_01.jpg,vggface2_balanced_100_100/n000013/0069_01.jpg
VGGFace2,n000013,Aaron_Hernandez,0070_01.jpg,vggface2_balanced_100_100/n000013/0070_01.jpg
VGGFace2,n000013,Aaron_Hernandez,0071_01.jpg,vggface2_balanced_100_100/n000013/0071_01.jpg
VGGFace2,n000013,Aaron_Hernandez,0072_01.jpg,vggface2_balanced_100_100/n000013/0072_01.jpg
VGGFace2,n000013,Aaron_Hernandez,0073_01.jpg,vggface2_balanced_100_100/n000013/0073_01.jpg
VGGFace2,n000013,Aaron_Hernandez,0074_01.jpg,vggface2_balanced_100_100/n000013/0074_01.jpg
VGGFace2,n000013,Aaron_Hernandez,0075_01.jpg,vggface2_balanced_100_100/n000013/0075_01.jpg
VGGFace2,n000013,Aaron_Hernandez,0076_01.jpg,vggface2_balanced_100_100/n000013/0076_01.jpg
VGGFace2,n000013,Aaron_Hernandez,0078_01.jpg,vggface2_balanced_100_100/n000013/0078_01.jpg
VGGFace2,n000013,Aaron_Hernandez,0079_01.jpg,vggface2_balanced_100_100/n000013/0079_01.jpg
VGGFace2,n000013,Aaron_Hernandez,0080_01.jpg,vggface2_balanced_100_100/n000013/0080_01.jpg
VGGFace2,n000013,Aaron_Hernandez,0082_01.jpg,vggface2_balanced_100_100/n000013/0082_01.jpg
VGGFace2,n000013,Aaron_Hernandez,0083_01.jpg,vggface2_balanced_100_100/n000013/0083_01.jpg
VGGFace2,n000013,Aaron_Hernandez,0084_01.jpg,vggface2_balanced_100_100/n000013/0084_01.jpg
VGGFace2,n000013,Aaron_Hernandez,0085_01.jpg,vggface2_balanced_100_100/n000013/0085_01.jpg
VGGFace2,n000013,Aaron_Hernandez,0086_01.jpg,vggface2_balanced_100_100/n000013/0086_01.jpg
VGGFace2,n000013,Aaron_Hernandez,0087_01.jpg,vggface2_balanced_100_100/n000013/0087_01.jpg
VGGFace2,n000013,Aaron_Hernandez,0088_01.jpg,vggface2_balanced_100_100/n000013/0088_01.jpg
VGGFace2,n000013,Aaron_Hernandez,0089_04.jpg,vggface2_balanced_100_100/n000013/0089_04.jpg
VGGFace2,n000013,Aaron_Hernandez,0090_01.jpg,vggface2_balanced_100_100/n000013/0090_01.jpg
VGGFace2,n000013,Aaron_Hernandez,0091_01.jpg,vggface2_balanced_100_100/n000013/0091_01.jpg
VGGFace2,n000013,Aaron_Hernandez,0092_01.jpg,vggface2_balanced_100_100/n000013/0092_01.jpg
VGGFace2,n000013,Aaron_Hernandez,0093_01.jpg,vggface2_balanced_100_100/n000013/0093_01.jpg
VGGFace2,n000013,Aaron_Hernandez,0094_01.jpg,vggface2_balanced_100_100/n000013/0094_01.jpg
VGGFace2,n000013,Aaron_Hernandez,0095_01.jpg,vggface2_balanced_100_100/n000013/0095_01.jpg
VGGFace2,n000014,Aaron_Lennon,0001_01.jpg,vggface2_balanced_100_100/n000014/0001_01.jpg
VGGFace2,n000014,Aaron_Lennon,0002_01.jpg,vggface2_balanced_100_100/n000014/0002_01.jpg
VGGFace2,n000014,Aaron_Lennon,0003_01.jpg,vggface2_balanced_100_100/n000014/0003_01.jpg
VGGFace2,n000014,Aaron_Lennon,0004_01.jpg,vggface2_balanced_100_100/n000014/0004_01.jpg
VGGFace2,n000014,Aaron_Lennon,0005_01.jpg,vggface2_balanced_100_100/n000014/0005_01.jpg
VGGFace2,n000014,Aaron_Lennon,0006_01.jpg,vggface2_balanced_100_100/n000014/0006_01.jpg
VGGFace2,n000014,Aaron_Lennon,0007_03.jpg,vggface2_balanced_100_100/n000014/0007_03.jpg
VGGFace2,n000014,Aaron_Lennon,0008_01.jpg,vggface2_balanced_100_100/n000014/0008_01.jpg
VGGFace2,n000014,Aaron_Lennon,0009_01.jpg,vggface2_balanced_100_100/n000014/0009_01.jpg
VGGFace2,n000014,Aaron_Lennon,0010_01.jpg,vggface2_balanced_100_100/n000014/0010_01.jpg
VGGFace2,n000014,Aaron_Lennon,0011_01.jpg,vggface2_balanced_100_100/n000014/0011_01.jpg
VGGFace2,n000014,Aaron_Lennon,0012_01.jpg,vggface2_balanced_100_100/n000014/0012_01.jpg
VGGFace2,n000014,Aaron_Lennon,0013_01.jpg,vggface2_balanced_100_100/n000014/0013_01.jpg
VGGFace2,n000014,Aaron_Lennon,0014_01.jpg,vggface2_balanced_100_100/n000014/0014_01.jpg
VGGFace2,n000014,Aaron_Lennon,0015_01.jpg,vggface2_balanced_100_100/n000014/0015_01.jpg
VGGFace2,n000014,Aaron_Lennon,0016_01.jpg,vggface2_balanced_100_100/n000014/0016_01.jpg
VGGFace2,n000014,Aaron_Lennon,0017_01.jpg,vggface2_balanced_100_100/n000014/0017_01.jpg
VGGFace2,n000014,Aaron_Lennon,0018_01.jpg,vggface2_balanced_100_100/n000014/0018_01.jpg
VGGFace2,n000014,Aaron_Lennon,0019_02.jpg,vggface2_balanced_100_100/n000014/0019_02.jpg
VGGFace2,n000014,Aaron_Lennon,0020_01.jpg,vggface2_balanced_100_100/n000014/0020_01.jpg
VGGFace2,n000014,Aaron_Lennon,0021_01.jpg,vggface2_balanced_100_100/n000014/0021_01.jpg
VGGFace2,n000014,Aaron_Lennon,0022_01.jpg,vggface2_balanced_100_100/n000014/0022_01.jpg
VGGFace2,n000014,Aaron_Lennon,0023_01.jpg,vggface2_balanced_100_100/n000014/0023_01.jpg
VGGFace2,n000014,Aaron_Lennon,0024_01.jpg,vggface2_balanced_100_100/n000014/0024_01.jpg
VGGFace2,n000014,Aaron_Lennon,0025_01.jpg,vggface2_balanced_100_100/n000014/0025_01.jpg
VGGFace2,n000014,Aaron_Lennon,0026_01.jpg,vggface2_balanced_100_100/n000014/0026_01.jpg
VGGFace2,n000014,Aaron_Lennon,0027_01.jpg,vggface2_balanced_100_100/n000014/0027_01.jpg
VGGFace2,n000014,Aaron_Lennon,0028_01.jpg,vggface2_balanced_100_100/n000014/0028_01.jpg
VGGFace2,n000014,Aaron_Lennon,0029_01.jpg,vggface2_balanced_100_100/n000014/0029_01.jpg
VGGFace2,n000014,Aaron_Lennon,0030_01.jpg,vggface2_balanced_100_100/n000014/0030_01.jpg
VGGFace2,n000014,Aaron_Lennon,0031_01.jpg,vggface2_balanced_100_100/n000014/0031_01.jpg
VGGFace2,n000014,Aaron_Lennon,0032_01.jpg,vggface2_balanced_100_100/n000014/0032_01.jpg
VGGFace2,n000014,Aaron_Lennon,0033_01.jpg,vggface2_balanced_100_100/n000014/0033_01.jpg
VGGFace2,n000014,Aaron_Lennon,0034_01.jpg,vggface2_balanced_100_100/n000014/0034_01.jpg
VGGFace2,n000014,Aaron_Lennon,0035_01.jpg,vggface2_balanced_100_100/n000014/0035_01.jpg
VGGFace2,n000014,Aaron_Lennon,0036_01.jpg,vggface2_balanced_100_100/n000014/0036_01.jpg
VGGFace2,n000014,Aaron_Lennon,0037_01.jpg,vggface2_balanced_100_100/n000014/0037_01.jpg
VGGFace2,n000014,Aaron_Lennon,0038_01.jpg,vggface2_balanced_100_100/n000014/0038_01.jpg
VGGFace2,n000014,Aaron_Lennon,0039_01.jpg,vggface2_balanced_100_100/n000014/0039_01.jpg
VGGFace2,n000014,Aaron_Lennon,0040_01.jpg,vggface2_balanced_100_100/n000014/0040_01.jpg
VGGFace2,n000014,Aaron_Lennon,0041_01.jpg,vggface2_balanced_100_100/n000014/0041_01.jpg
VGGFace2,n000014,Aaron_Lennon,0042_01.jpg,vggface2_balanced_100_100/n000014/0042_01.jpg
VGGFace2,n000014,Aaron_Lennon,0043_02.jpg,vggface2_balanced_100_100/n000014/0043_02.jpg
VGGFace2,n000014,Aaron_Lennon,0044_01.jpg,vggface2_balanced_100_100/n000014/0044_01.jpg
VGGFace2,n000014,Aaron_Lennon,0045_01.jpg,vggface2_balanced_100_100/n000014/0045_01.jpg
VGGFace2,n000014,Aaron_Lennon,0046_01.jpg,vggface2_balanced_100_100/n000014/0046_01.jpg
VGGFace2,n000014,Aaron_Lennon,0047_01.jpg,vggface2_balanced_100_100/n000014/0047_01.jpg
VGGFace2,n000014,Aaron_Lennon,0048_01.jpg,vggface2_balanced_100_100/n000014/0048_01.jpg
VGGFace2,n000014,Aaron_Lennon,0049_01.jpg,vggface2_balanced_100_100/n000014/0049_01.jpg
VGGFace2,n000014,Aaron_Lennon,0050_01.jpg,vggface2_balanced_100_100/n000014/0050_01.jpg
VGGFace2,n000014,Aaron_Lennon,0051_01.jpg,vggface2_balanced_100_100/n000014/0051_01.jpg
VGGFace2,n000014,Aaron_Lennon,0052_01.jpg,vggface2_balanced_100_100/n000014/0052_01.jpg
VGGFace2,n000014,Aaron_Lennon,0053_01.jpg,vggface2_balanced_100_100/n000014/0053_01.jpg
VGGFace2,n000014,Aaron_Lennon,0054_01.jpg,vggface2_balanced_100_100/n000014/0054_01.jpg
VGGFace2,n000014,Aaron_Lennon,0055_01.jpg,vggface2_balanced_100_100/n000014/0055_01.jpg
VGGFace2,n000014,Aaron_Lennon,0056_01.jpg,vggface2_balanced_100_100/n000014/0056_01.jpg
VGGFace2,n000014,Aaron_Lennon,0057_01.jpg,vggface2_balanced_100_100/n000014/0057_01.jpg
VGGFace2,n000014,Aaron_Lennon,0058_01.jpg,vggface2_balanced_100_100/n000014/0058_01.jpg
VGGFace2,n000014,Aaron_Lennon,0059_01.jpg,vggface2_balanced_100_100/n000014/0059_01.jpg
VGGFace2,n000014,Aaron_Lennon,0060_01.jpg,vggface2_balanced_100_100/n000014/0060_01.jpg
VGGFace2,n000014,Aaron_Lennon,0061_01.jpg,vggface2_balanced_100_100/n000014/0061_01.jpg
VGGFace2,n000014,Aaron_Lennon,0062_01.jpg,vggface2_balanced_100_100/n000014/0062_01.jpg
VGGFace2,n000014,Aaron_Lennon,0063_01.jpg,vggface2_balanced_100_100/n000014/0063_01.jpg
VGGFace2,n000014,Aaron_Lennon,0064_02.jpg,vggface2_balanced_100_100/n000014/0064_02.jpg
VGGFace2,n000014,Aaron_Lennon,0065_01.jpg,vggface2_balanced_100_100/n000014/0065_01.jpg
VGGFace2,n000014,Aaron_Lennon,0066_01.jpg,vggface2_balanced_100_100/n000014/0066_01.jpg
VGGFace2,n000014,Aaron_Lennon,0067_06.jpg,vggface2_balanced_100_100/n000014/0067_06.jpg
VGGFace2,n000014,Aaron_Lennon,0068_01.jpg,vggface2_balanced_100_100/n000014/0068_01.jpg
VGGFace2,n000014,Aaron_Lennon,0069_01.jpg,vggface2_balanced_100_100/n000014/0069_01.jpg
VGGFace2,n000014,Aaron_Lennon,0070_01.jpg,vggface2_balanced_100_100/n000014/0070_01.jpg
VGGFace2,n000014,Aaron_Lennon,0071_01.jpg,vggface2_balanced_100_100/n000014/0071_01.jpg
VGGFace2,n000014,Aaron_Lennon,0072_01.jpg,vggface2_balanced_100_100/n000014/0072_01.jpg
VGGFace2,n000014,Aaron_Lennon,0073_01.jpg,vggface2_balanced_100_100/n000014/0073_01.jpg
VGGFace2,n000014,Aaron_Lennon,0074_01.jpg,vggface2_balanced_100_100/n000014/0074_01.jpg
VGGFace2,n000014,Aaron_Lennon,0075_01.jpg,vggface2_balanced_100_100/n000014/0075_01.jpg
VGGFace2,n000014,Aaron_Lennon,0076_01.jpg,vggface2_balanced_100_100/n000014/0076_01.jpg
VGGFace2,n000014,Aaron_Lennon,0077_01.jpg,vggface2_balanced_100_100/n000014/0077_01.jpg
VGGFace2,n000014,Aaron_Lennon,0078_01.jpg,vggface2_balanced_100_100/n000014/0078_01.jpg
VGGFace2,n000014,Aaron_Lennon,0079_01.jpg,vggface2_balanced_100_100/n000014/0079_01.jpg
VGGFace2,n000014,Aaron_Lennon,0080_01.jpg,vggface2_balanced_100_100/n000014/0080_01.jpg
VGGFace2,n000014,Aaron_Lennon,0081_01.jpg,vggface2_balanced_100_100/n000014/0081_01.jpg
VGGFace2,n000014,Aaron_Lennon,0082_01.jpg,vggface2_balanced_100_100/n000014/0082_01.jpg
VGGFace2,n000014,Aaron_Lennon,0083_01.jpg,vggface2_balanced_100_100/n000014/0083_01.jpg
VGGFace2,n000014,Aaron_Lennon,0084_01.jpg,vggface2_balanced_100_100/n000014/0084_01.jpg
VGGFace2,n000014,Aaron_Lennon,0085_01.jpg,vggface2_balanced_100_100/n000014/0085_01.jpg
VGGFace2,n000014,Aaron_Lennon,0086_01.jpg,vggface2_balanced_100_100/n000014/0086_01.jpg
VGGFace2,n000014,Aaron_Lennon,0087_01.jpg,vggface2_balanced_100_100/n000014/0087_01.jpg
VGGFace2,n000014,Aaron_Lennon,0088_01.jpg,vggface2_balanced_100_100/n000014/0088_01.jpg
VGGFace2,n000014,Aaron_Lennon,0089_01.jpg,vggface2_balanced_100_100/n000014/0089_01.jpg
VGGFace2,n000014,Aaron_Lennon,0090_01.jpg,vggface2_balanced_100_100/n000014/0090_01.jpg
VGGFace2,n000014,Aaron_Lennon,0091_01.jpg,vggface2_balanced_100_100/n000014/0091_01.jpg
VGGFace2,n000014,Aaron_Lennon,0092_01.jpg,vggface2_balanced_100_100/n000014/0092_01.jpg
VGGFace2,n000014,Aaron_Lennon,0093_01.jpg,vggface2_balanced_100_100/n000014/0093_01.jpg
VGGFace2,n000014,Aaron_Lennon,0094_01.jpg,vggface2_balanced_100_100/n000014/0094_01.jpg
VGGFace2,n000014,Aaron_Lennon,0095_01.jpg,vggface2_balanced_100_100/n000014/0095_01.jpg
VGGFace2,n000014,Aaron_Lennon,0096_01.jpg,vggface2_balanced_100_100/n000014/0096_01.jpg
VGGFace2,n000014,Aaron_Lennon,0097_01.jpg,vggface2_balanced_100_100/n000014/0097_01.jpg
VGGFace2,n000014,Aaron_Lennon,0098_01.jpg,vggface2_balanced_100_100/n000014/0098_01.jpg
VGGFace2,n000014,Aaron_Lennon,0098_02.jpg,vggface2_balanced_100_100/n000014/0098_02.jpg
VGGFace2,n000014,Aaron_Lennon,0098_03.jpg,vggface2_balanced_100_100/n000014/0098_03.jpg
VGGFace2,n000015,Aaron_Motsoaledi,0001_01.jpg,vggface2_balanced_100_100/n000015/0001_01.jpg
VGGFace2,n000015,Aaron_Motsoaledi,0002_01.jpg,vggface2_balanced_100_100/n000015/0002_01.jpg
VGGFace2,n000015,Aaron_Motsoaledi,0003_01.jpg,vggface2_balanced_100_100/n000015/0003_01.jpg
VGGFace2,n000015,Aaron_Motsoaledi,0004_01.jpg,vggface2_balanced_100_100/n000015/0004_01.jpg
VGGFace2,n000015,Aaron_Motsoaledi,0005_01.jpg,vggface2_balanced_100_100/n000015/0005_01.jpg
VGGFace2,n000015,Aaron_Motsoaledi,0006_01.jpg,vggface2_balanced_100_100/n000015/0006_01.jpg
VGGFace2,n000015,Aaron_Motsoaledi,0007_01.jpg,vggface2_balanced_100_100/n000015/0007_01.jpg
VGGFace2,n000015,Aaron_Motsoaledi,0008_01.jpg,vggface2_balanced_100_100/n000015/0008_01.jpg
VGGFace2,n000015,Aaron_Motsoaledi,0009_01.jpg,vggface2_balanced_100_100/n000015/0009_01.jpg
VGGFace2,n000015,Aaron_Motsoaledi,0010_01.jpg,vggface2_balanced_100_100/n000015/0010_01.jpg
VGGFace2,n000015,Aaron_Motsoaledi,0011_02.jpg,vggface2_balanced_100_100/n000015/0011_02.jpg
VGGFace2,n000015,Aaron_Motsoaledi,0012_01.jpg,vggface2_balanced_100_100/n000015/0012_01.jpg
VGGFace2,n000015,Aaron_Motsoaledi,0013_01.jpg,vggface2_balanced_100_100/n000015/0013_01.jpg
VGGFace2,n000015,Aaron_Motsoaledi,0014_01.jpg,vggface2_balanced_100_100/n000015/0014_01.jpg
VGGFace2,n000015,Aaron_Motsoaledi,0015_01.jpg,vggface2_balanced_100_100/n000015/0015_01.jpg
VGGFace2,n000015,Aaron_Motsoaledi,0016_01.jpg,vggface2_balanced_100_100/n000015/0016_01.jpg
VGGFace2,n000015,Aaron_Motsoaledi,0017_01.jpg,vggface2_balanced_100_100/n000015/0017_01.jpg
VGGFace2,n000015,Aaron_Motsoaledi,0018_01.jpg,vggface2_balanced_100_100/n000015/0018_01.jpg
VGGFace2,n000015,Aaron_Motsoaledi,0019_01.jpg,vggface2_balanced_100_100/n000015/0019_01.jpg
VGGFace2,n000015,Aaron_Motsoaledi,0020_01.jpg,vggface2_balanced_100_100/n000015/0020_01.jpg
VGGFace2,n000015,Aaron_Motsoaledi,0021_01.jpg,vggface2_balanced_100_100/n000015/0021_01.jpg
VGGFace2,n000015,Aaron_Motsoaledi,0022_02.jpg,vggface2_balanced_100_100/n000015/0022_02.jpg
VGGFace2,n000015,Aaron_Motsoaledi,0023_01.jpg,vggface2_balanced_100_100/n000015/0023_01.jpg
VGGFace2,n000015,Aaron_Motsoaledi,0024_01.jpg,vggface2_balanced_100_100/n000015/0024_01.jpg
VGGFace2,n000015,Aaron_Motsoaledi,0025_01.jpg,vggface2_balanced_100_100/n000015/0025_01.jpg
VGGFace2,n000015,Aaron_Motsoaledi,0026_01.jpg,vggface2_balanced_100_100/n000015/0026_01.jpg
VGGFace2,n000015,Aaron_Motsoaledi,0027_03.jpg,vggface2_balanced_100_100/n000015/0027_03.jpg
VGGFace2,n000015,Aaron_Motsoaledi,0028_04.jpg,vggface2_balanced_100_100/n000015/0028_04.jpg
VGGFace2,n000015,Aaron_Motsoaledi,0029_02.jpg,vggface2_balanced_100_100/n000015/0029_02.jpg
VGGFace2,n000015,Aaron_Motsoaledi,0030_01.jpg,vggface2_balanced_100_100/n000015/0030_01.jpg
VGGFace2,n000015,Aaron_Motsoaledi,0031_01.jpg,vggface2_balanced_100_100/n000015/0031_01.jpg
VGGFace2,n000015,Aaron_Motsoaledi,0032_01.jpg,vggface2_balanced_100_100/n000015/0032_01.jpg
VGGFace2,n000015,Aaron_Motsoaledi,0033_01.jpg,vggface2_balanced_100_100/n000015/0033_01.jpg
VGGFace2,n000015,Aaron_Motsoaledi,0034_02.jpg,vggface2_balanced_100_100/n000015/0034_02.jpg
VGGFace2,n000015,Aaron_Motsoaledi,0035_01.jpg,vggface2_balanced_100_100/n000015/0035_01.jpg
VGGFace2,n000015,Aaron_Motsoaledi,0036_01.jpg,vggface2_balanced_100_100/n000015/0036_01.jpg
VGGFace2,n000015,Aaron_Motsoaledi,0037_01.jpg,vggface2_balanced_100_100/n000015/0037_01.jpg
VGGFace2,n000015,Aaron_Motsoaledi,0038_01.jpg,vggface2_balanced_100_100/n000015/0038_01.jpg
VGGFace2,n000015,Aaron_Motsoaledi,0039_01.jpg,vggface2_balanced_100_100/n000015/0039_01.jpg
VGGFace2,n000015,Aaron_Motsoaledi,0040_01.jpg,vggface2_balanced_100_100/n000015/0040_01.jpg
VGGFace2,n000015,Aaron_Motsoaledi,0041_01.jpg,vggface2_balanced_100_100/n000015/0041_01.jpg
VGGFace2,n000015,Aaron_Motsoaledi,0042_01.jpg,vggface2_balanced_100_100/n000015/0042_01.jpg
VGGFace2,n000015,Aaron_Motsoaledi,0043_01.jpg,vggface2_balanced_100_100/n000015/0043_01.jpg
VGGFace2,n000015,Aaron_Motsoaledi,0044_01.jpg,vggface2_balanced_100_100/n000015/0044_01.jpg
VGGFace2,n000015,Aaron_Motsoaledi,0045_01.jpg,vggface2_balanced_100_100/n000015/0045_01.jpg
VGGFace2,n000015,Aaron_Motsoaledi,0045_02.jpg,vggface2_balanced_100_100/n000015/0045_02.jpg
VGGFace2,n000015,Aaron_Motsoaledi,0046_02.jpg,vggface2_balanced_100_100/n000015/0046_02.jpg
VGGFace2,n000015,Aaron_Motsoaledi,0047_03.jpg,vggface2_balanced_100_100/n000015/0047_03.jpg
VGGFace2,n000015,Aaron_Motsoaledi,0048_01.jpg,vggface2_balanced_100_100/n000015/0048_01.jpg
VGGFace2,n000015,Aaron_Motsoaledi,0049_01.jpg,vggface2_balanced_100_100/n000015/0049_01.jpg
VGGFace2,n000015,Aaron_Motsoaledi,0050_01.jpg,vggface2_balanced_100_100/n000015/0050_01.jpg
VGGFace2,n000015,Aaron_Motsoaledi,0050_02.jpg,vggface2_balanced_100_100/n000015/0050_02.jpg
VGGFace2,n000015,Aaron_Motsoaledi,0051_01.jpg,vggface2_balanced_100_100/n000015/0051_01.jpg
VGGFace2,n000015,Aaron_Motsoaledi,0052_01.jpg,vggface2_balanced_100_100/n000015/0052_01.jpg
VGGFace2,n000015,Aaron_Motsoaledi,0052_02.jpg,vggface2_balanced_100_100/n000015/0052_02.jpg
VGGFace2,n000015,Aaron_Motsoaledi,0053_01.jpg,vggface2_balanced_100_100/n000015/0053_01.jpg
VGGFace2,n000015,Aaron_Motsoaledi,0054_01.jpg,vggface2_balanced_100_100/n000015/0054_01.jpg
VGGFace2,n000015,Aaron_Motsoaledi,0055_01.jpg,vggface2_balanced_100_100/n000015/0055_01.jpg
VGGFace2,n000015,Aaron_Motsoaledi,0056_01.jpg,vggface2_balanced_100_100/n000015/0056_01.jpg
VGGFace2,n000015,Aaron_Motsoaledi,0057_01.jpg,vggface2_balanced_100_100/n000015/0057_01.jpg
VGGFace2,n000015,Aaron_Motsoaledi,0058_02.jpg,vggface2_balanced_100_100/n000015/0058_02.jpg
VGGFace2,n000015,Aaron_Motsoaledi,0059_01.jpg,vggface2_balanced_100_100/n000015/0059_01.jpg
VGGFace2,n000015,Aaron_Motsoaledi,0060_01.jpg,vggface2_balanced_100_100/n000015/0060_01.jpg
VGGFace2,n000015,Aaron_Motsoaledi,0061_02.jpg,vggface2_balanced_100_100/n000015/0061_02.jpg
VGGFace2,n000015,Aaron_Motsoaledi,0062_01.jpg,vggface2_balanced_100_100/n000015/0062_01.jpg
VGGFace2,n000015,Aaron_Motsoaledi,0063_01.jpg,vggface2_balanced_100_100/n000015/0063_01.jpg
VGGFace2,n000015,Aaron_Motsoaledi,0064_01.jpg,vggface2_balanced_100_100/n000015/0064_01.jpg
VGGFace2,n000015,Aaron_Motsoaledi,0065_01.jpg,vggface2_balanced_100_100/n000015/0065_01.jpg
VGGFace2,n000015,Aaron_Motsoaledi,0065_02.jpg,vggface2_balanced_100_100/n000015/0065_02.jpg
VGGFace2,n000015,Aaron_Motsoaledi,0066_01.jpg,vggface2_balanced_100_100/n000015/0066_01.jpg
VGGFace2,n000015,Aaron_Motsoaledi,0067_01.jpg,vggface2_balanced_100_100/n000015/0067_01.jpg
VGGFace2,n000015,Aaron_Motsoaledi,0068_01.jpg,vggface2_balanced_100_100/n000015/0068_01.jpg
VGGFace2,n000015,Aaron_Motsoaledi,0069_02.jpg,vggface2_balanced_100_100/n000015/0069_02.jpg
VGGFace2,n000015,Aaron_Motsoaledi,0070_01.jpg,vggface2_balanced_100_100/n000015/0070_01.jpg
VGGFace2,n000015,Aaron_Motsoaledi,0071_02.jpg,vggface2_balanced_100_100/n000015/0071_02.jpg
VGGFace2,n000015,Aaron_Motsoaledi,0072_01.jpg,vggface2_balanced_100_100/n000015/0072_01.jpg
VGGFace2,n000015,Aaron_Motsoaledi,0073_11.jpg,vggface2_balanced_100_100/n000015/0073_11.jpg
VGGFace2,n000015,Aaron_Motsoaledi,0074_02.jpg,vggface2_balanced_100_100/n000015/0074_02.jpg
VGGFace2,n000015,Aaron_Motsoaledi,0075_01.jpg,vggface2_balanced_100_100/n000015/0075_01.jpg
VGGFace2,n000015,Aaron_Motsoaledi,0076_01.jpg,vggface2_balanced_100_100/n000015/0076_01.jpg
VGGFace2,n000015,Aaron_Motsoaledi,0077_03.jpg,vggface2_balanced_100_100/n000015/0077_03.jpg
VGGFace2,n000015,Aaron_Motsoaledi,0077_05.jpg,vggface2_balanced_100_100/n000015/0077_05.jpg
VGGFace2,n000015,Aaron_Motsoaledi,0078_02.jpg,vggface2_balanced_100_100/n000015/0078_02.jpg
VGGFace2,n000015,Aaron_Motsoaledi,0079_01.jpg,vggface2_balanced_100_100/n000015/0079_01.jpg
VGGFace2,n000015,Aaron_Motsoaledi,0080_01.jpg,vggface2_balanced_100_100/n000015/0080_01.jpg
VGGFace2,n000015,Aaron_Motsoaledi,0081_02.jpg,vggface2_balanced_100_100/n000015/0081_02.jpg
VGGFace2,n000015,Aaron_Motsoaledi,0082_01.jpg,vggface2_balanced_100_100/n000015/0082_01.jpg
VGGFace2,n000015,Aaron_Motsoaledi,0083_01.jpg,vggface2_balanced_100_100/n000015/0083_01.jpg
VGGFace2,n000015,Aaron_Motsoaledi,0084_01.jpg,vggface2_balanced_100_100/n000015/0084_01.jpg
VGGFace2,n000015,Aaron_Motsoaledi,0085_02.jpg,vggface2_balanced_100_100/n000015/0085_02.jpg
VGGFace2,n000015,Aaron_Motsoaledi,0086_01.jpg,vggface2_balanced_100_100/n000015/0086_01.jpg
VGGFace2,n000015,Aaron_Motsoaledi,0087_03.jpg,vggface2_balanced_100_100/n000015/0087_03.jpg
VGGFace2,n000015,Aaron_Motsoaledi,0088_01.jpg,vggface2_balanced_100_100/n000015/0088_01.jpg
VGGFace2,n000015,Aaron_Motsoaledi,0089_01.jpg,vggface2_balanced_100_100/n000015/0089_01.jpg
VGGFace2,n000015,Aaron_Motsoaledi,0090_01.jpg,vggface2_balanced_100_100/n000015/0090_01.jpg
VGGFace2,n000015,Aaron_Motsoaledi,0091_01.jpg,vggface2_balanced_100_100/n000015/0091_01.jpg
VGGFace2,n000015,Aaron_Motsoaledi,0092_02.jpg,vggface2_balanced_100_100/n000015/0092_02.jpg
VGGFace2,n000015,Aaron_Motsoaledi,0093_01.jpg,vggface2_balanced_100_100/n000015/0093_01.jpg
VGGFace2,n000015,Aaron_Motsoaledi,0094_03.jpg,vggface2_balanced_100_100/n000015/0094_03.jpg
VGGFace2,n000015,Aaron_Motsoaledi,0095_01.jpg,vggface2_balanced_100_100/n000015/0095_01.jpg
VGGFace2,n000016,Aaron_Ramsey,0001_02.jpg,vggface2_balanced_100_100/n000016/0001_02.jpg
VGGFace2,n000016,Aaron_Ramsey,0002_01.jpg,vggface2_balanced_100_100/n000016/0002_01.jpg
VGGFace2,n000016,Aaron_Ramsey,0003_01.jpg,vggface2_balanced_100_100/n000016/0003_01.jpg
VGGFace2,n000016,Aaron_Ramsey,0004_01.jpg,vggface2_balanced_100_100/n000016/0004_01.jpg
VGGFace2,n000016,Aaron_Ramsey,0005_01.jpg,vggface2_balanced_100_100/n000016/0005_01.jpg
VGGFace2,n000016,Aaron_Ramsey,0006_01.jpg,vggface2_balanced_100_100/n000016/0006_01.jpg
VGGFace2,n000016,Aaron_Ramsey,0007_01.jpg,vggface2_balanced_100_100/n000016/0007_01.jpg
VGGFace2,n000016,Aaron_Ramsey,0008_01.jpg,vggface2_balanced_100_100/n000016/0008_01.jpg
VGGFace2,n000016,Aaron_Ramsey,0009_01.jpg,vggface2_balanced_100_100/n000016/0009_01.jpg
VGGFace2,n000016,Aaron_Ramsey,0010_01.jpg,vggface2_balanced_100_100/n000016/0010_01.jpg
VGGFace2,n000016,Aaron_Ramsey,0011_01.jpg,vggface2_balanced_100_100/n000016/0011_01.jpg
VGGFace2,n000016,Aaron_Ramsey,0012_01.jpg,vggface2_balanced_100_100/n000016/0012_01.jpg
VGGFace2,n000016,Aaron_Ramsey,0013_01.jpg,vggface2_balanced_100_100/n000016/0013_01.jpg
VGGFace2,n000016,Aaron_Ramsey,0014_01.jpg,vggface2_balanced_100_100/n000016/0014_01.jpg
VGGFace2,n000016,Aaron_Ramsey,0015_01.jpg,vggface2_balanced_100_100/n000016/0015_01.jpg
VGGFace2,n000016,Aaron_Ramsey,0016_01.jpg,vggface2_balanced_100_100/n000016/0016_01.jpg
VGGFace2,n000016,Aaron_Ramsey,0017_01.jpg,vggface2_balanced_100_100/n000016/0017_01.jpg
VGGFace2,n000016,Aaron_Ramsey,0018_01.jpg,vggface2_balanced_100_100/n000016/0018_01.jpg
VGGFace2,n000016,Aaron_Ramsey,0019_01.jpg,vggface2_balanced_100_100/n000016/0019_01.jpg
VGGFace2,n000016,Aaron_Ramsey,0020_01.jpg,vggface2_balanced_100_100/n000016/0020_01.jpg
VGGFace2,n000016,Aaron_Ramsey,0021_01.jpg,vggface2_balanced_100_100/n000016/0021_01.jpg
VGGFace2,n000016,Aaron_Ramsey,0022_01.jpg,vggface2_balanced_100_100/n000016/0022_01.jpg
VGGFace2,n000016,Aaron_Ramsey,0023_01.jpg,vggface2_balanced_100_100/n000016/0023_01.jpg
VGGFace2,n000016,Aaron_Ramsey,0024_01.jpg,vggface2_balanced_100_100/n000016/0024_01.jpg
VGGFace2,n000016,Aaron_Ramsey,0025_01.jpg,vggface2_balanced_100_100/n000016/0025_01.jpg
VGGFace2,n000016,Aaron_Ramsey,0026_01.jpg,vggface2_balanced_100_100/n000016/0026_01.jpg
VGGFace2,n000016,Aaron_Ramsey,0027_01.jpg,vggface2_balanced_100_100/n000016/0027_01.jpg
VGGFace2,n000016,Aaron_Ramsey,0028_01.jpg,vggface2_balanced_100_100/n000016/0028_01.jpg
VGGFace2,n000016,Aaron_Ramsey,0029_01.jpg,vggface2_balanced_100_100/n000016/0029_01.jpg
VGGFace2,n000016,Aaron_Ramsey,0030_01.jpg,vggface2_balanced_100_100/n000016/0030_01.jpg
VGGFace2,n000016,Aaron_Ramsey,0031_01.jpg,vggface2_balanced_100_100/n000016/0031_01.jpg
VGGFace2,n000016,Aaron_Ramsey,0032_01.jpg,vggface2_balanced_100_100/n000016/0032_01.jpg
VGGFace2,n000016,Aaron_Ramsey,0033_01.jpg,vggface2_balanced_100_100/n000016/0033_01.jpg
VGGFace2,n000016,Aaron_Ramsey,0034_01.jpg,vggface2_balanced_100_100/n000016/0034_01.jpg
VGGFace2,n000016,Aaron_Ramsey,0035_01.jpg,vggface2_balanced_100_100/n000016/0035_01.jpg
VGGFace2,n000016,Aaron_Ramsey,0036_01.jpg,vggface2_balanced_100_100/n000016/0036_01.jpg
VGGFace2,n000016,Aaron_Ramsey,0037_01.jpg,vggface2_balanced_100_100/n000016/0037_01.jpg
VGGFace2,n000016,Aaron_Ramsey,0038_01.jpg,vggface2_balanced_100_100/n000016/0038_01.jpg
VGGFace2,n000016,Aaron_Ramsey,0039_01.jpg,vggface2_balanced_100_100/n000016/0039_01.jpg
VGGFace2,n000016,Aaron_Ramsey,0040_01.jpg,vggface2_balanced_100_100/n000016/0040_01.jpg
VGGFace2,n000016,Aaron_Ramsey,0041_01.jpg,vggface2_balanced_100_100/n000016/0041_01.jpg
VGGFace2,n000016,Aaron_Ramsey,0042_01.jpg,vggface2_balanced_100_100/n000016/0042_01.jpg
VGGFace2,n000016,Aaron_Ramsey,0043_01.jpg,vggface2_balanced_100_100/n000016/0043_01.jpg
VGGFace2,n000016,Aaron_Ramsey,0044_01.jpg,vggface2_balanced_100_100/n000016/0044_01.jpg
VGGFace2,n000016,Aaron_Ramsey,0045_01.jpg,vggface2_balanced_100_100/n000016/0045_01.jpg
VGGFace2,n000016,Aaron_Ramsey,0046_01.jpg,vggface2_balanced_100_100/n000016/0046_01.jpg
VGGFace2,n000016,Aaron_Ramsey,0047_03.jpg,vggface2_balanced_100_100/n000016/0047_03.jpg
VGGFace2,n000016,Aaron_Ramsey,0048_01.jpg,vggface2_balanced_100_100/n000016/0048_01.jpg
VGGFace2,n000016,Aaron_Ramsey,0049_01.jpg,vggface2_balanced_100_100/n000016/0049_01.jpg
VGGFace2,n000016,Aaron_Ramsey,0050_01.jpg,vggface2_balanced_100_100/n000016/0050_01.jpg
VGGFace2,n000016,Aaron_Ramsey,0051_01.jpg,vggface2_balanced_100_100/n000016/0051_01.jpg
VGGFace2,n000016,Aaron_Ramsey,0052_01.jpg,vggface2_balanced_100_100/n000016/0052_01.jpg
VGGFace2,n000016,Aaron_Ramsey,0053_01.jpg,vggface2_balanced_100_100/n000016/0053_01.jpg
VGGFace2,n000016,Aaron_Ramsey,0054_01.jpg,vggface2_balanced_100_100/n000016/0054_01.jpg
VGGFace2,n000016,Aaron_Ramsey,0055_01.jpg,vggface2_balanced_100_100/n000016/0055_01.jpg
VGGFace2,n000016,Aaron_Ramsey,0056_01.jpg,vggface2_balanced_100_100/n000016/0056_01.jpg
VGGFace2,n000016,Aaron_Ramsey,0057_01.jpg,vggface2_balanced_100_100/n000016/0057_01.jpg
VGGFace2,n000016,Aaron_Ramsey,0058_01.jpg,vggface2_balanced_100_100/n000016/0058_01.jpg
VGGFace2,n000016,Aaron_Ramsey,0059_01.jpg,vggface2_balanced_100_100/n000016/0059_01.jpg
VGGFace2,n000016,Aaron_Ramsey,0060_01.jpg,vggface2_balanced_100_100/n000016/0060_01.jpg
VGGFace2,n000016,Aaron_Ramsey,0061_01.jpg,vggface2_balanced_100_100/n000016/0061_01.jpg
VGGFace2,n000016,Aaron_Ramsey,0062_01.jpg,vggface2_balanced_100_100/n000016/0062_01.jpg
VGGFace2,n000016,Aaron_Ramsey,0063_01.jpg,vggface2_balanced_100_100/n000016/0063_01.jpg
VGGFace2,n000016,Aaron_Ramsey,0064_01.jpg,vggface2_balanced_100_100/n000016/0064_01.jpg
VGGFace2,n000016,Aaron_Ramsey,0065_01.jpg,vggface2_balanced_100_100/n000016/0065_01.jpg
VGGFace2,n000016,Aaron_Ramsey,0066_01.jpg,vggface2_balanced_100_100/n000016/0066_01.jpg
VGGFace2,n000016,Aaron_Ramsey,0067_01.jpg,vggface2_balanced_100_100/n000016/0067_01.jpg
VGGFace2,n000016,Aaron_Ramsey,0068_01.jpg,vggface2_balanced_100_100/n000016/0068_01.jpg
VGGFace2,n000016,Aaron_Ramsey,0069_01.jpg,vggface2_balanced_100_100/n000016/0069_01.jpg
VGGFace2,n000016,Aaron_Ramsey,0070_03.jpg,vggface2_balanced_100_100/n000016/0070_03.jpg
VGGFace2,n000016,Aaron_Ramsey,0071_01.jpg,vggface2_balanced_100_100/n000016/0071_01.jpg
VGGFace2,n000016,Aaron_Ramsey,0072_01.jpg,vggface2_balanced_100_100/n000016/0072_01.jpg
VGGFace2,n000016,Aaron_Ramsey,0073_01.jpg,vggface2_balanced_100_100/n000016/0073_01.jpg
VGGFace2,n000016,Aaron_Ramsey,0074_01.jpg,vggface2_balanced_100_100/n000016/0074_01.jpg
VGGFace2,n000016,Aaron_Ramsey,0075_01.jpg,vggface2_balanced_100_100/n000016/0075_01.jpg
VGGFace2,n000016,Aaron_Ramsey,0076_01.jpg,vggface2_balanced_100_100/n000016/0076_01.jpg
VGGFace2,n000016,Aaron_Ramsey,0077_03.jpg,vggface2_balanced_100_100/n000016/0077_03.jpg
VGGFace2,n000016,Aaron_Ramsey,0078_01.jpg,vggface2_balanced_100_100/n000016/0078_01.jpg
VGGFace2,n000016,Aaron_Ramsey,0079_01.jpg,vggface2_balanced_100_100/n000016/0079_01.jpg
VGGFace2,n000016,Aaron_Ramsey,0080_01.jpg,vggface2_balanced_100_100/n000016/0080_01.jpg
VGGFace2,n000016,Aaron_Ramsey,0081_01.jpg,vggface2_balanced_100_100/n000016/0081_01.jpg
VGGFace2,n000016,Aaron_Ramsey,0082_01.jpg,vggface2_balanced_100_100/n000016/0082_01.jpg
VGGFace2,n000016,Aaron_Ramsey,0083_01.jpg,vggface2_balanced_100_100/n000016/0083_01.jpg
VGGFace2,n000016,Aaron_Ramsey,0084_01.jpg,vggface2_balanced_100_100/n000016/0084_01.jpg
VGGFace2,n000016,Aaron_Ramsey,0085_01.jpg,vggface2_balanced_100_100/n000016/0085_01.jpg
VGGFace2,n000016,Aaron_Ramsey,0086_01.jpg,vggface2_balanced_100_100/n000016/0086_01.jpg
VGGFace2,n000016,Aaron_Ramsey,0087_01.jpg,vggface2_balanced_100_100/n000016/0087_01.jpg
VGGFace2,n000016,Aaron_Ramsey,0088_01.jpg,vggface2_balanced_100_100/n000016/0088_01.jpg
VGGFace2,n000016,Aaron_Ramsey,0089_01.jpg,vggface2_balanced_100_100/n000016/0089_01.jpg
VGGFace2,n000016,Aaron_Ramsey,0090_01.jpg,vggface2_balanced_100_100/n000016/0090_01.jpg
VGGFace2,n000016,Aaron_Ramsey,0091_01.jpg,vggface2_balanced_100_100/n000016/0091_01.jpg
VGGFace2,n000016,Aaron_Ramsey,0092_01.jpg,vggface2_balanced_100_100/n000016/0092_01.jpg
VGGFace2,n000016,Aaron_Ramsey,0093_01.jpg,vggface2_balanced_100_100/n000016/0093_01.jpg
VGGFace2,n000016,Aaron_Ramsey,0094_01.jpg,vggface2_balanced_100_100/n000016/0094_01.jpg
VGGFace2,n000016,Aaron_Ramsey,0095_01.jpg,vggface2_balanced_100_100/n000016/0095_01.jpg
VGGFace2,n000016,Aaron_Ramsey,0096_01.jpg,vggface2_balanced_100_100/n000016/0096_01.jpg
VGGFace2,n000016,Aaron_Ramsey,0097_01.jpg,vggface2_balanced_100_100/n000016/0097_01.jpg
VGGFace2,n000016,Aaron_Ramsey,0098_01.jpg,vggface2_balanced_100_100/n000016/0098_01.jpg
VGGFace2,n000016,Aaron_Ramsey,0099_01.jpg,vggface2_balanced_100_100/n000016/0099_01.jpg
VGGFace2,n000016,Aaron_Ramsey,0100_01.jpg,vggface2_balanced_100_100/n000016/0100_01.jpg
VGGFace2,n000017,Aaron_Rodgers,0001_01.jpg,vggface2_balanced_100_100/n000017/0001_01.jpg
VGGFace2,n000017,Aaron_Rodgers,0002_01.jpg,vggface2_balanced_100_100/n000017/0002_01.jpg
VGGFace2,n000017,Aaron_Rodgers,0002_02.jpg,vggface2_balanced_100_100/n000017/0002_02.jpg
VGGFace2,n000017,Aaron_Rodgers,0003_01.jpg,vggface2_balanced_100_100/n000017/0003_01.jpg
VGGFace2,n000017,Aaron_Rodgers,0004_01.jpg,vggface2_balanced_100_100/n000017/0004_01.jpg
VGGFace2,n000017,Aaron_Rodgers,0005_01.jpg,vggface2_balanced_100_100/n000017/0005_01.jpg
VGGFace2,n000017,Aaron_Rodgers,0006_01.jpg,vggface2_balanced_100_100/n000017/0006_01.jpg
VGGFace2,n000017,Aaron_Rodgers,0007_01.jpg,vggface2_balanced_100_100/n000017/0007_01.jpg
VGGFace2,n000017,Aaron_Rodgers,0008_01.jpg,vggface2_balanced_100_100/n000017/0008_01.jpg
VGGFace2,n000017,Aaron_Rodgers,0009_01.jpg,vggface2_balanced_100_100/n000017/0009_01.jpg
VGGFace2,n000017,Aaron_Rodgers,0011_01.jpg,vggface2_balanced_100_100/n000017/0011_01.jpg
VGGFace2,n000017,Aaron_Rodgers,0012_01.jpg,vggface2_balanced_100_100/n000017/0012_01.jpg
VGGFace2,n000017,Aaron_Rodgers,0013_01.jpg,vggface2_balanced_100_100/n000017/0013_01.jpg
VGGFace2,n000017,Aaron_Rodgers,0014_01.jpg,vggface2_balanced_100_100/n000017/0014_01.jpg
VGGFace2,n000017,Aaron_Rodgers,0015_01.jpg,vggface2_balanced_100_100/n000017/0015_01.jpg
VGGFace2,n000017,Aaron_Rodgers,0016_02.jpg,vggface2_balanced_100_100/n000017/0016_02.jpg
VGGFace2,n000017,Aaron_Rodgers,0017_01.jpg,vggface2_balanced_100_100/n000017/0017_01.jpg
VGGFace2,n000017,Aaron_Rodgers,0018_03.jpg,vggface2_balanced_100_100/n000017/0018_03.jpg
VGGFace2,n000017,Aaron_Rodgers,0019_01.jpg,vggface2_balanced_100_100/n000017/0019_01.jpg
VGGFace2,n000017,Aaron_Rodgers,0020_01.jpg,vggface2_balanced_100_100/n000017/0020_01.jpg
VGGFace2,n000017,Aaron_Rodgers,0021_01.jpg,vggface2_balanced_100_100/n000017/0021_01.jpg
VGGFace2,n000017,Aaron_Rodgers,0022_01.jpg,vggface2_balanced_100_100/n000017/0022_01.jpg
VGGFace2,n000017,Aaron_Rodgers,0023_01.jpg,vggface2_balanced_100_100/n000017/0023_01.jpg
VGGFace2,n000017,Aaron_Rodgers,0024_01.jpg,vggface2_balanced_100_100/n000017/0024_01.jpg
VGGFace2,n000017,Aaron_Rodgers,0025_01.jpg,vggface2_balanced_100_100/n000017/0025_01.jpg
VGGFace2,n000017,Aaron_Rodgers,0026_01.jpg,vggface2_balanced_100_100/n000017/0026_01.jpg
VGGFace2,n000017,Aaron_Rodgers,0027_01.jpg,vggface2_balanced_100_100/n000017/0027_01.jpg
VGGFace2,n000017,Aaron_Rodgers,0028_01.jpg,vggface2_balanced_100_100/n000017/0028_01.jpg
VGGFace2,n000017,Aaron_Rodgers,0029_01.jpg,vggface2_balanced_100_100/n000017/0029_01.jpg
VGGFace2,n000017,Aaron_Rodgers,0030_01.jpg,vggface2_balanced_100_100/n000017/0030_01.jpg
VGGFace2,n000017,Aaron_Rodgers,0031_01.jpg,vggface2_balanced_100_100/n000017/0031_01.jpg
VGGFace2,n000017,Aaron_Rodgers,0032_01.jpg,vggface2_balanced_100_100/n000017/0032_01.jpg
VGGFace2,n000017,Aaron_Rodgers,0033_01.jpg,vggface2_balanced_100_100/n000017/0033_01.jpg
VGGFace2,n000017,Aaron_Rodgers,0034_01.jpg,vggface2_balanced_100_100/n000017/0034_01.jpg
VGGFace2,n000017,Aaron_Rodgers,0035_01.jpg,vggface2_balanced_100_100/n000017/0035_01.jpg
VGGFace2,n000017,Aaron_Rodgers,0036_01.jpg,vggface2_balanced_100_100/n000017/0036_01.jpg
VGGFace2,n000017,Aaron_Rodgers,0037_01.jpg,vggface2_balanced_100_100/n000017/0037_01.jpg
VGGFace2,n000017,Aaron_Rodgers,0038_01.jpg,vggface2_balanced_100_100/n000017/0038_01.jpg
VGGFace2,n000017,Aaron_Rodgers,0039_01.jpg,vggface2_balanced_100_100/n000017/0039_01.jpg
VGGFace2,n000017,Aaron_Rodgers,0040_02.jpg,vggface2_balanced_100_100/n000017/0040_02.jpg
VGGFace2,n000017,Aaron_Rodgers,0041_01.jpg,vggface2_balanced_100_100/n000017/0041_01.jpg
VGGFace2,n000017,Aaron_Rodgers,0042_01.jpg,vggface2_balanced_100_100/n000017/0042_01.jpg
VGGFace2,n000017,Aaron_Rodgers,0043_13.jpg,vggface2_balanced_100_100/n000017/0043_13.jpg
VGGFace2,n000017,Aaron_Rodgers,0044_01.jpg,vggface2_balanced_100_100/n000017/0044_01.jpg
VGGFace2,n000017,Aaron_Rodgers,0045_01.jpg,vggface2_balanced_100_100/n000017/0045_01.jpg
VGGFace2,n000017,Aaron_Rodgers,0046_01.jpg,vggface2_balanced_100_100/n000017/0046_01.jpg
VGGFace2,n000017,Aaron_Rodgers,0047_01.jpg,vggface2_balanced_100_100/n000017/0047_01.jpg
VGGFace2,n000017,Aaron_Rodgers,0048_01.jpg,vggface2_balanced_100_100/n000017/0048_01.jpg
VGGFace2,n000017,Aaron_Rodgers,0049_03.jpg,vggface2_balanced_100_100/n000017/0049_03.jpg
VGGFace2,n000017,Aaron_Rodgers,0050_01.jpg,vggface2_balanced_100_100/n000017/0050_01.jpg
VGGFace2,n000017,Aaron_Rodgers,0051_01.jpg,vggface2_balanced_100_100/n000017/0051_01.jpg
VGGFace2,n000017,Aaron_Rodgers,0051_02.jpg,vggface2_balanced_100_100/n000017/0051_02.jpg
VGGFace2,n000017,Aaron_Rodgers,0051_03.jpg,vggface2_balanced_100_100/n000017/0051_03.jpg
VGGFace2,n000017,Aaron_Rodgers,0052_01.jpg,vggface2_balanced_100_100/n000017/0052_01.jpg
VGGFace2,n000017,Aaron_Rodgers,0053_01.jpg,vggface2_balanced_100_100/n000017/0053_01.jpg
VGGFace2,n000017,Aaron_Rodgers,0054_01.jpg,vggface2_balanced_100_100/n000017/0054_01.jpg
VGGFace2,n000017,Aaron_Rodgers,0055_01.jpg,vggface2_balanced_100_100/n000017/0055_01.jpg
VGGFace2,n000017,Aaron_Rodgers,0056_01.jpg,vggface2_balanced_100_100/n000017/0056_01.jpg
VGGFace2,n000017,Aaron_Rodgers,0057_01.jpg,vggface2_balanced_100_100/n000017/0057_01.jpg
VGGFace2,n000017,Aaron_Rodgers,0058_01.jpg,vggface2_balanced_100_100/n000017/0058_01.jpg
VGGFace2,n000017,Aaron_Rodgers,0059_01.jpg,vggface2_balanced_100_100/n000017/0059_01.jpg
VGGFace2,n000017,Aaron_Rodgers,0060_01.jpg,vggface2_balanced_100_100/n000017/0060_01.jpg
VGGFace2,n000017,Aaron_Rodgers,0061_01.jpg,vggface2_balanced_100_100/n000017/0061_01.jpg
VGGFace2,n000017,Aaron_Rodgers,0062_01.jpg,vggface2_balanced_100_100/n000017/0062_01.jpg
VGGFace2,n000017,Aaron_Rodgers,0063_01.jpg,vggface2_balanced_100_100/n000017/0063_01.jpg
VGGFace2,n000017,Aaron_Rodgers,0064_01.jpg,vggface2_balanced_100_100/n000017/0064_01.jpg
VGGFace2,n000017,Aaron_Rodgers,0065_01.jpg,vggface2_balanced_100_100/n000017/0065_01.jpg
VGGFace2,n000017,Aaron_Rodgers,0066_01.jpg,vggface2_balanced_100_100/n000017/0066_01.jpg
VGGFace2,n000017,Aaron_Rodgers,0067_01.jpg,vggface2_balanced_100_100/n000017/0067_01.jpg
VGGFace2,n000017,Aaron_Rodgers,0068_01.jpg,vggface2_balanced_100_100/n000017/0068_01.jpg
VGGFace2,n000017,Aaron_Rodgers,0069_02.jpg,vggface2_balanced_100_100/n000017/0069_02.jpg
VGGFace2,n000017,Aaron_Rodgers,0069_03.jpg,vggface2_balanced_100_100/n000017/0069_03.jpg
VGGFace2,n000017,Aaron_Rodgers,0070_02.jpg,vggface2_balanced_100_100/n000017/0070_02.jpg
VGGFace2,n000017,Aaron_Rodgers,0071_01.jpg,vggface2_balanced_100_100/n000017/0071_01.jpg
VGGFace2,n000017,Aaron_Rodgers,0072_01.jpg,vggface2_balanced_100_100/n000017/0072_01.jpg
VGGFace2,n000017,Aaron_Rodgers,0073_01.jpg,vggface2_balanced_100_100/n000017/0073_01.jpg
VGGFace2,n000017,Aaron_Rodgers,0074_02.jpg,vggface2_balanced_100_100/n000017/0074_02.jpg
VGGFace2,n000017,Aaron_Rodgers,0075_01.jpg,vggface2_balanced_100_100/n000017/0075_01.jpg
VGGFace2,n000017,Aaron_Rodgers,0076_02.jpg,vggface2_balanced_100_100/n000017/0076_02.jpg
VGGFace2,n000017,Aaron_Rodgers,0077_01.jpg,vggface2_balanced_100_100/n000017/0077_01.jpg
VGGFace2,n000017,Aaron_Rodgers,0078_01.jpg,vggface2_balanced_100_100/n000017/0078_01.jpg
VGGFace2,n000017,Aaron_Rodgers,0079_01.jpg,vggface2_balanced_100_100/n000017/0079_01.jpg
VGGFace2,n000017,Aaron_Rodgers,0080_02.jpg,vggface2_balanced_100_100/n000017/0080_02.jpg
VGGFace2,n000017,Aaron_Rodgers,0081_01.jpg,vggface2_balanced_100_100/n000017/0081_01.jpg
VGGFace2,n000017,Aaron_Rodgers,0082_01.jpg,vggface2_balanced_100_100/n000017/0082_01.jpg
VGGFace2,n000017,Aaron_Rodgers,0083_01.jpg,vggface2_balanced_100_100/n000017/0083_01.jpg
VGGFace2,n000017,Aaron_Rodgers,0084_01.jpg,vggface2_balanced_100_100/n000017/0084_01.jpg
VGGFace2,n000017,Aaron_Rodgers,0085_01.jpg,vggface2_balanced_100_100/n000017/0085_01.jpg
VGGFace2,n000017,Aaron_Rodgers,0086_02.jpg,vggface2_balanced_100_100/n000017/0086_02.jpg
VGGFace2,n000017,Aaron_Rodgers,0087_01.jpg,vggface2_balanced_100_100/n000017/0087_01.jpg
VGGFace2,n000017,Aaron_Rodgers,0088_01.jpg,vggface2_balanced_100_100/n000017/0088_01.jpg
VGGFace2,n000017,Aaron_Rodgers,0089_01.jpg,vggface2_balanced_100_100/n000017/0089_01.jpg
VGGFace2,n000017,Aaron_Rodgers,0090_01.jpg,vggface2_balanced_100_100/n000017/0090_01.jpg
VGGFace2,n000017,Aaron_Rodgers,0091_01.jpg,vggface2_balanced_100_100/n000017/0091_01.jpg
VGGFace2,n000017,Aaron_Rodgers,0092_01.jpg,vggface2_balanced_100_100/n000017/0092_01.jpg
VGGFace2,n000017,Aaron_Rodgers,0093_01.jpg,vggface2_balanced_100_100/n000017/0093_01.jpg
VGGFace2,n000017,Aaron_Rodgers,0094_02.jpg,vggface2_balanced_100_100/n000017/0094_02.jpg
VGGFace2,n000017,Aaron_Rodgers,0095_01.jpg,vggface2_balanced_100_100/n000017/0095_01.jpg
VGGFace2,n000017,Aaron_Rodgers,0096_01.jpg,vggface2_balanced_100_100/n000017/0096_01.jpg
VGGFace2,n000017,Aaron_Rodgers,0097_01.jpg,vggface2_balanced_100_100/n000017/0097_01.jpg
VGGFace2,n000018,Aaron_Schock,0001_01.jpg,vggface2_balanced_100_100/n000018/0001_01.jpg
VGGFace2,n000018,Aaron_Schock,0002_01.jpg,vggface2_balanced_100_100/n000018/0002_01.jpg
VGGFace2,n000018,Aaron_Schock,0003_02.jpg,vggface2_balanced_100_100/n000018/0003_02.jpg
VGGFace2,n000018,Aaron_Schock,0004_01.jpg,vggface2_balanced_100_100/n000018/0004_01.jpg
VGGFace2,n000018,Aaron_Schock,0005_01.jpg,vggface2_balanced_100_100/n000018/0005_01.jpg
VGGFace2,n000018,Aaron_Schock,0006_01.jpg,vggface2_balanced_100_100/n000018/0006_01.jpg
VGGFace2,n000018,Aaron_Schock,0007_01.jpg,vggface2_balanced_100_100/n000018/0007_01.jpg
VGGFace2,n000018,Aaron_Schock,0008_01.jpg,vggface2_balanced_100_100/n000018/0008_01.jpg
VGGFace2,n000018,Aaron_Schock,0009_02.jpg,vggface2_balanced_100_100/n000018/0009_02.jpg
VGGFace2,n000018,Aaron_Schock,0010_01.jpg,vggface2_balanced_100_100/n000018/0010_01.jpg
VGGFace2,n000018,Aaron_Schock,0011_01.jpg,vggface2_balanced_100_100/n000018/0011_01.jpg
VGGFace2,n000018,Aaron_Schock,0012_01.jpg,vggface2_balanced_100_100/n000018/0012_01.jpg
VGGFace2,n000018,Aaron_Schock,0013_01.jpg,vggface2_balanced_100_100/n000018/0013_01.jpg
VGGFace2,n000018,Aaron_Schock,0013_02.jpg,vggface2_balanced_100_100/n000018/0013_02.jpg
VGGFace2,n000018,Aaron_Schock,0013_03.jpg,vggface2_balanced_100_100/n000018/0013_03.jpg
VGGFace2,n000018,Aaron_Schock,0014_01.jpg,vggface2_balanced_100_100/n000018/0014_01.jpg
VGGFace2,n000018,Aaron_Schock,0015_02.jpg,vggface2_balanced_100_100/n000018/0015_02.jpg
VGGFace2,n000018,Aaron_Schock,0016_01.jpg,vggface2_balanced_100_100/n000018/0016_01.jpg
VGGFace2,n000018,Aaron_Schock,0017_01.jpg,vggface2_balanced_100_100/n000018/0017_01.jpg
VGGFace2,n000018,Aaron_Schock,0018_01.jpg,vggface2_balanced_100_100/n000018/0018_01.jpg
VGGFace2,n000018,Aaron_Schock,0019_02.jpg,vggface2_balanced_100_100/n000018/0019_02.jpg
VGGFace2,n000018,Aaron_Schock,0020_01.jpg,vggface2_balanced_100_100/n000018/0020_01.jpg
VGGFace2,n000018,Aaron_Schock,0021_01.jpg,vggface2_balanced_100_100/n000018/0021_01.jpg
VGGFace2,n000018,Aaron_Schock,0022_01.jpg,vggface2_balanced_100_100/n000018/0022_01.jpg
VGGFace2,n000018,Aaron_Schock,0023_02.jpg,vggface2_balanced_100_100/n000018/0023_02.jpg
VGGFace2,n000018,Aaron_Schock,0024_01.jpg,vggface2_balanced_100_100/n000018/0024_01.jpg
VGGFace2,n000018,Aaron_Schock,0025_01.jpg,vggface2_balanced_100_100/n000018/0025_01.jpg
VGGFace2,n000018,Aaron_Schock,0026_01.jpg,vggface2_balanced_100_100/n000018/0026_01.jpg
VGGFace2,n000018,Aaron_Schock,0027_01.jpg,vggface2_balanced_100_100/n000018/0027_01.jpg
VGGFace2,n000018,Aaron_Schock,0028_01.jpg,vggface2_balanced_100_100/n000018/0028_01.jpg
VGGFace2,n000018,Aaron_Schock,0029_01.jpg,vggface2_balanced_100_100/n000018/0029_01.jpg
VGGFace2,n000018,Aaron_Schock,0030_02.jpg,vggface2_balanced_100_100/n000018/0030_02.jpg
VGGFace2,n000018,Aaron_Schock,0031_02.jpg,vggface2_balanced_100_100/n000018/0031_02.jpg
VGGFace2,n000018,Aaron_Schock,0032_01.jpg,vggface2_balanced_100_100/n000018/0032_01.jpg
VGGFace2,n000018,Aaron_Schock,0033_01.jpg,vggface2_balanced_100_100/n000018/0033_01.jpg
VGGFace2,n000018,Aaron_Schock,0034_01.jpg,vggface2_balanced_100_100/n000018/0034_01.jpg
VGGFace2,n000018,Aaron_Schock,0035_02.jpg,vggface2_balanced_100_100/n000018/0035_02.jpg
VGGFace2,n000018,Aaron_Schock,0036_01.jpg,vggface2_balanced_100_100/n000018/0036_01.jpg
VGGFace2,n000018,Aaron_Schock,0037_01.jpg,vggface2_balanced_100_100/n000018/0037_01.jpg
VGGFace2,n000018,Aaron_Schock,0038_02.jpg,vggface2_balanced_100_100/n000018/0038_02.jpg
VGGFace2,n000018,Aaron_Schock,0039_01.jpg,vggface2_balanced_100_100/n000018/0039_01.jpg
VGGFace2,n000018,Aaron_Schock,0040_01.jpg,vggface2_balanced_100_100/n000018/0040_01.jpg
VGGFace2,n000018,Aaron_Schock,0040_02.jpg,vggface2_balanced_100_100/n000018/0040_02.jpg
VGGFace2,n000018,Aaron_Schock,0041_01.jpg,vggface2_balanced_100_100/n000018/0041_01.jpg
VGGFace2,n000018,Aaron_Schock,0042_01.jpg,vggface2_balanced_100_100/n000018/0042_01.jpg
VGGFace2,n000018,Aaron_Schock,0043_01.jpg,vggface2_balanced_100_100/n000018/0043_01.jpg
VGGFace2,n000018,Aaron_Schock,0044_01.jpg,vggface2_balanced_100_100/n000018/0044_01.jpg
VGGFace2,n000018,Aaron_Schock,0045_01.jpg,vggface2_balanced_100_100/n000018/0045_01.jpg
VGGFace2,n000018,Aaron_Schock,0046_01.jpg,vggface2_balanced_100_100/n000018/0046_01.jpg
VGGFace2,n000018,Aaron_Schock,0047_01.jpg,vggface2_balanced_100_100/n000018/0047_01.jpg
VGGFace2,n000018,Aaron_Schock,0048_01.jpg,vggface2_balanced_100_100/n000018/0048_01.jpg
VGGFace2,n000018,Aaron_Schock,0049_01.jpg,vggface2_balanced_100_100/n000018/0049_01.jpg
VGGFace2,n000018,Aaron_Schock,0050_02.jpg,vggface2_balanced_100_100/n000018/0050_02.jpg
VGGFace2,n000018,Aaron_Schock,0051_01.jpg,vggface2_balanced_100_100/n000018/0051_01.jpg
VGGFace2,n000018,Aaron_Schock,0052_01.jpg,vggface2_balanced_100_100/n000018/0052_01.jpg
VGGFace2,n000018,Aaron_Schock,0053_02.jpg,vggface2_balanced_100_100/n000018/0053_02.jpg
VGGFace2,n000018,Aaron_Schock,0054_03.jpg,vggface2_balanced_100_100/n000018/0054_03.jpg
VGGFace2,n000018,Aaron_Schock,0055_01.jpg,vggface2_balanced_100_100/n000018/0055_01.jpg
VGGFace2,n000018,Aaron_Schock,0056_01.jpg,vggface2_balanced_100_100/n000018/0056_01.jpg
VGGFace2,n000018,Aaron_Schock,0057_01.jpg,vggface2_balanced_100_100/n000018/0057_01.jpg
VGGFace2,n000018,Aaron_Schock,0058_01.jpg,vggface2_balanced_100_100/n000018/0058_01.jpg
VGGFace2,n000018,Aaron_Schock,0059_01.jpg,vggface2_balanced_100_100/n000018/0059_01.jpg
VGGFace2,n000018,Aaron_Schock,0060_01.jpg,vggface2_balanced_100_100/n000018/0060_01.jpg
VGGFace2,n000018,Aaron_Schock,0061_01.jpg,vggface2_balanced_100_100/n000018/0061_01.jpg
VGGFace2,n000018,Aaron_Schock,0062_01.jpg,vggface2_balanced_100_100/n000018/0062_01.jpg
VGGFace2,n000018,Aaron_Schock,0063_01.jpg,vggface2_balanced_100_100/n000018/0063_01.jpg
VGGFace2,n000018,Aaron_Schock,0064_01.jpg,vggface2_balanced_100_100/n000018/0064_01.jpg
VGGFace2,n000018,Aaron_Schock,0065_01.jpg,vggface2_balanced_100_100/n000018/0065_01.jpg
VGGFace2,n000018,Aaron_Schock,0066_02.jpg,vggface2_balanced_100_100/n000018/0066_02.jpg
VGGFace2,n000018,Aaron_Schock,0067_01.jpg,vggface2_balanced_100_100/n000018/0067_01.jpg
VGGFace2,n000018,Aaron_Schock,0068_01.jpg,vggface2_balanced_100_100/n000018/0068_01.jpg
VGGFace2,n000018,Aaron_Schock,0069_01.jpg,vggface2_balanced_100_100/n000018/0069_01.jpg
VGGFace2,n000018,Aaron_Schock,0070_03.jpg,vggface2_balanced_100_100/n000018/0070_03.jpg
VGGFace2,n000018,Aaron_Schock,0071_01.jpg,vggface2_balanced_100_100/n000018/0071_01.jpg
VGGFace2,n000018,Aaron_Schock,0072_01.jpg,vggface2_balanced_100_100/n000018/0072_01.jpg
VGGFace2,n000018,Aaron_Schock,0073_02.jpg,vggface2_balanced_100_100/n000018/0073_02.jpg
VGGFace2,n000018,Aaron_Schock,0074_01.jpg,vggface2_balanced_100_100/n000018/0074_01.jpg
VGGFace2,n000018,Aaron_Schock,0075_01.jpg,vggface2_balanced_100_100/n000018/0075_01.jpg
VGGFace2,n000018,Aaron_Schock,0076_01.jpg,vggface2_balanced_100_100/n000018/0076_01.jpg
VGGFace2,n000018,Aaron_Schock,0077_01.jpg,vggface2_balanced_100_100/n000018/0077_01.jpg
VGGFace2,n000018,Aaron_Schock,0078_01.jpg,vggface2_balanced_100_100/n000018/0078_01.jpg
VGGFace2,n000018,Aaron_Schock,0079_01.jpg,vggface2_balanced_100_100/n000018/0079_01.jpg
VGGFace2,n000018,Aaron_Schock,0080_01.jpg,vggface2_balanced_100_100/n000018/0080_01.jpg
VGGFace2,n000018,Aaron_Schock,0081_01.jpg,vggface2_balanced_100_100/n000018/0081_01.jpg
VGGFace2,n000018,Aaron_Schock,0082_06.jpg,vggface2_balanced_100_100/n000018/0082_06.jpg
VGGFace2,n000018,Aaron_Schock,0083_01.jpg,vggface2_balanced_100_100/n000018/0083_01.jpg
VGGFace2,n000018,Aaron_Schock,0084_01.jpg,vggface2_balanced_100_100/n000018/0084_01.jpg
VGGFace2,n000018,Aaron_Schock,0085_01.jpg,vggface2_balanced_100_100/n000018/0085_01.jpg
VGGFace2,n000018,Aaron_Schock,0086_01.jpg,vggface2_balanced_100_100/n000018/0086_01.jpg
VGGFace2,n000018,Aaron_Schock,0086_02.jpg,vggface2_balanced_100_100/n000018/0086_02.jpg
VGGFace2,n000018,Aaron_Schock,0086_03.jpg,vggface2_balanced_100_100/n000018/0086_03.jpg
VGGFace2,n000018,Aaron_Schock,0087_01.jpg,vggface2_balanced_100_100/n000018/0087_01.jpg
VGGFace2,n000018,Aaron_Schock,0088_01.jpg,vggface2_balanced_100_100/n000018/0088_01.jpg
VGGFace2,n000018,Aaron_Schock,0089_01.jpg,vggface2_balanced_100_100/n000018/0089_01.jpg
VGGFace2,n000018,Aaron_Schock,0090_02.jpg,vggface2_balanced_100_100/n000018/0090_02.jpg
VGGFace2,n000018,Aaron_Schock,0091_01.jpg,vggface2_balanced_100_100/n000018/0091_01.jpg
VGGFace2,n000018,Aaron_Schock,0092_01.jpg,vggface2_balanced_100_100/n000018/0092_01.jpg
VGGFace2,n000018,Aaron_Schock,0093_01.jpg,vggface2_balanced_100_100/n000018/0093_01.jpg
VGGFace2,n000018,Aaron_Schock,0094_02.jpg,vggface2_balanced_100_100/n000018/0094_02.jpg
VGGFace2,n000018,Aaron_Schock,0095_01.jpg,vggface2_balanced_100_100/n000018/0095_01.jpg
VGGFace2,n000019,Aaron_Stanford,0001_01.jpg,vggface2_balanced_100_100/n000019/0001_01.jpg
VGGFace2,n000019,Aaron_Stanford,0002_01.jpg,vggface2_balanced_100_100/n000019/0002_01.jpg
VGGFace2,n000019,Aaron_Stanford,0003_01.jpg,vggface2_balanced_100_100/n000019/0003_01.jpg
VGGFace2,n000019,Aaron_Stanford,0004_01.jpg,vggface2_balanced_100_100/n000019/0004_01.jpg
VGGFace2,n000019,Aaron_Stanford,0005_01.jpg,vggface2_balanced_100_100/n000019/0005_01.jpg
VGGFace2,n000019,Aaron_Stanford,0006_01.jpg,vggface2_balanced_100_100/n000019/0006_01.jpg
VGGFace2,n000019,Aaron_Stanford,0007_01.jpg,vggface2_balanced_100_100/n000019/0007_01.jpg
VGGFace2,n000019,Aaron_Stanford,0008_01.jpg,vggface2_balanced_100_100/n000019/0008_01.jpg
VGGFace2,n000019,Aaron_Stanford,0009_01.jpg,vggface2_balanced_100_100/n000019/0009_01.jpg
VGGFace2,n000019,Aaron_Stanford,0010_01.jpg,vggface2_balanced_100_100/n000019/0010_01.jpg
VGGFace2,n000019,Aaron_Stanford,0011_01.jpg,vggface2_balanced_100_100/n000019/0011_01.jpg
VGGFace2,n000019,Aaron_Stanford,0012_02.jpg,vggface2_balanced_100_100/n000019/0012_02.jpg
VGGFace2,n000019,Aaron_Stanford,0013_01.jpg,vggface2_balanced_100_100/n000019/0013_01.jpg
VGGFace2,n000019,Aaron_Stanford,0014_01.jpg,vggface2_balanced_100_100/n000019/0014_01.jpg
VGGFace2,n000019,Aaron_Stanford,0015_02.jpg,vggface2_balanced_100_100/n000019/0015_02.jpg
VGGFace2,n000019,Aaron_Stanford,0016_03.jpg,vggface2_balanced_100_100/n000019/0016_03.jpg
VGGFace2,n000019,Aaron_Stanford,0017_02.jpg,vggface2_balanced_100_100/n000019/0017_02.jpg
VGGFace2,n000019,Aaron_Stanford,0018_01.jpg,vggface2_balanced_100_100/n000019/0018_01.jpg
VGGFace2,n000019,Aaron_Stanford,0019_01.jpg,vggface2_balanced_100_100/n000019/0019_01.jpg
VGGFace2,n000019,Aaron_Stanford,0020_01.jpg,vggface2_balanced_100_100/n000019/0020_01.jpg
VGGFace2,n000019,Aaron_Stanford,0021_01.jpg,vggface2_balanced_100_100/n000019/0021_01.jpg
VGGFace2,n000019,Aaron_Stanford,0022_01.jpg,vggface2_balanced_100_100/n000019/0022_01.jpg
VGGFace2,n000019,Aaron_Stanford,0023_01.jpg,vggface2_balanced_100_100/n000019/0023_01.jpg
VGGFace2,n000019,Aaron_Stanford,0024_01.jpg,vggface2_balanced_100_100/n000019/0024_01.jpg
VGGFace2,n000019,Aaron_Stanford,0025_02.jpg,vggface2_balanced_100_100/n000019/0025_02.jpg
VGGFace2,n000019,Aaron_Stanford,0026_01.jpg,vggface2_balanced_100_100/n000019/0026_01.jpg
VGGFace2,n000019,Aaron_Stanford,0027_01.jpg,vggface2_balanced_100_100/n000019/0027_01.jpg
VGGFace2,n000019,Aaron_Stanford,0028_01.jpg,vggface2_balanced_100_100/n000019/0028_01.jpg
VGGFace2,n000019,Aaron_Stanford,0029_01.jpg,vggface2_balanced_100_100/n000019/0029_01.jpg
VGGFace2,n000019,Aaron_Stanford,0030_01.jpg,vggface2_balanced_100_100/n000019/0030_01.jpg
VGGFace2,n000019,Aaron_Stanford,0031_01.jpg,vggface2_balanced_100_100/n000019/0031_01.jpg
VGGFace2,n000019,Aaron_Stanford,0032_01.jpg,vggface2_balanced_100_100/n000019/0032_01.jpg
VGGFace2,n000019,Aaron_Stanford,0033_02.jpg,vggface2_balanced_100_100/n000019/0033_02.jpg
VGGFace2,n000019,Aaron_Stanford,0034_02.jpg,vggface2_balanced_100_100/n000019/0034_02.jpg
VGGFace2,n000019,Aaron_Stanford,0035_01.jpg,vggface2_balanced_100_100/n000019/0035_01.jpg
VGGFace2,n000019,Aaron_Stanford,0036_01.jpg,vggface2_balanced_100_100/n000019/0036_01.jpg
VGGFace2,n000019,Aaron_Stanford,0037_01.jpg,vggface2_balanced_100_100/n000019/0037_01.jpg
VGGFace2,n000019,Aaron_Stanford,0038_01.jpg,vggface2_balanced_100_100/n000019/0038_01.jpg
VGGFace2,n000019,Aaron_Stanford,0039_01.jpg,vggface2_balanced_100_100/n000019/0039_01.jpg
VGGFace2,n000019,Aaron_Stanford,0040_02.jpg,vggface2_balanced_100_100/n000019/0040_02.jpg
VGGFace2,n000019,Aaron_Stanford,0041_01.jpg,vggface2_balanced_100_100/n000019/0041_01.jpg
VGGFace2,n000019,Aaron_Stanford,0042_01.jpg,vggface2_balanced_100_100/n000019/0042_01.jpg
VGGFace2,n000019,Aaron_Stanford,0042_02.jpg,vggface2_balanced_100_100/n000019/0042_02.jpg
VGGFace2,n000019,Aaron_Stanford,0043_01.jpg,vggface2_balanced_100_100/n000019/0043_01.jpg
VGGFace2,n000019,Aaron_Stanford,0044_02.jpg,vggface2_balanced_100_100/n000019/0044_02.jpg
VGGFace2,n000019,Aaron_Stanford,0045_01.jpg,vggface2_balanced_100_100/n000019/0045_01.jpg
VGGFace2,n000019,Aaron_Stanford,0046_01.jpg,vggface2_balanced_100_100/n000019/0046_01.jpg
VGGFace2,n000019,Aaron_Stanford,0047_01.jpg,vggface2_balanced_100_100/n000019/0047_01.jpg
VGGFace2,n000019,Aaron_Stanford,0048_01.jpg,vggface2_balanced_100_100/n000019/0048_01.jpg
VGGFace2,n000019,Aaron_Stanford,0049_01.jpg,vggface2_balanced_100_100/n000019/0049_01.jpg
VGGFace2,n000019,Aaron_Stanford,0049_02.jpg,vggface2_balanced_100_100/n000019/0049_02.jpg
VGGFace2,n000019,Aaron_Stanford,0050_01.jpg,vggface2_balanced_100_100/n000019/0050_01.jpg
VGGFace2,n000019,Aaron_Stanford,0051_01.jpg,vggface2_balanced_100_100/n000019/0051_01.jpg
VGGFace2,n000019,Aaron_Stanford,0052_02.jpg,vggface2_balanced_100_100/n000019/0052_02.jpg
VGGFace2,n000019,Aaron_Stanford,0053_01.jpg,vggface2_balanced_100_100/n000019/0053_01.jpg
VGGFace2,n000019,Aaron_Stanford,0054_05.jpg,vggface2_balanced_100_100/n000019/0054_05.jpg
VGGFace2,n000019,Aaron_Stanford,0055_01.jpg,vggface2_balanced_100_100/n000019/0055_01.jpg
VGGFace2,n000019,Aaron_Stanford,0056_01.jpg,vggface2_balanced_100_100/n000019/0056_01.jpg
VGGFace2,n000019,Aaron_Stanford,0057_02.jpg,vggface2_balanced_100_100/n000019/0057_02.jpg
VGGFace2,n000019,Aaron_Stanford,0058_01.jpg,vggface2_balanced_100_100/n000019/0058_01.jpg
VGGFace2,n000019,Aaron_Stanford,0059_01.jpg,vggface2_balanced_100_100/n000019/0059_01.jpg
VGGFace2,n000019,Aaron_Stanford,0060_01.jpg,vggface2_balanced_100_100/n000019/0060_01.jpg
VGGFace2,n000019,Aaron_Stanford,0061_01.jpg,vggface2_balanced_100_100/n000019/0061_01.jpg
VGGFace2,n000019,Aaron_Stanford,0062_02.jpg,vggface2_balanced_100_100/n000019/0062_02.jpg
VGGFace2,n000019,Aaron_Stanford,0063_01.jpg,vggface2_balanced_100_100/n000019/0063_01.jpg
VGGFace2,n000019,Aaron_Stanford,0064_02.jpg,vggface2_balanced_100_100/n000019/0064_02.jpg
VGGFace2,n000019,Aaron_Stanford,0065_01.jpg,vggface2_balanced_100_100/n000019/0065_01.jpg
VGGFace2,n000019,Aaron_Stanford,0066_01.jpg,vggface2_balanced_100_100/n000019/0066_01.jpg
VGGFace2,n000019,Aaron_Stanford,0067_01.jpg,vggface2_balanced_100_100/n000019/0067_01.jpg
VGGFace2,n000019,Aaron_Stanford,0068_01.jpg,vggface2_balanced_100_100/n000019/0068_01.jpg
VGGFace2,n000019,Aaron_Stanford,0069_02.jpg,vggface2_balanced_100_100/n000019/0069_02.jpg
VGGFace2,n000019,Aaron_Stanford,0070_01.jpg,vggface2_balanced_100_100/n000019/0070_01.jpg
VGGFace2,n000019,Aaron_Stanford,0071_01.jpg,vggface2_balanced_100_100/n000019/0071_01.jpg
VGGFace2,n000019,Aaron_Stanford,0072_01.jpg,vggface2_balanced_100_100/n000019/0072_01.jpg
VGGFace2,n000019,Aaron_Stanford,0073_02.jpg,vggface2_balanced_100_100/n000019/0073_02.jpg
VGGFace2,n000019,Aaron_Stanford,0074_01.jpg,vggface2_balanced_100_100/n000019/0074_01.jpg
VGGFace2,n000019,Aaron_Stanford,0074_02.jpg,vggface2_balanced_100_100/n000019/0074_02.jpg
VGGFace2,n000019,Aaron_Stanford,0074_04.jpg,vggface2_balanced_100_100/n000019/0074_04.jpg
VGGFace2,n000019,Aaron_Stanford,0074_05.jpg,vggface2_balanced_100_100/n000019/0074_05.jpg
VGGFace2,n000019,Aaron_Stanford,0074_06.jpg,vggface2_balanced_100_100/n000019/0074_06.jpg
VGGFace2,n000019,Aaron_Stanford,0074_07.jpg,vggface2_balanced_100_100/n000019/0074_07.jpg
VGGFace2,n000019,Aaron_Stanford,0074_08.jpg,vggface2_balanced_100_100/n000019/0074_08.jpg
VGGFace2,n000019,Aaron_Stanford,0074_09.jpg,vggface2_balanced_100_100/n000019/0074_09.jpg
VGGFace2,n000019,Aaron_Stanford,0074_10.jpg,vggface2_balanced_100_100/n000019/0074_10.jpg
VGGFace2,n000019,Aaron_Stanford,0075_01.jpg,vggface2_balanced_100_100/n000019/0075_01.jpg
VGGFace2,n000019,Aaron_Stanford,0076_01.jpg,vggface2_balanced_100_100/n000019/0076_01.jpg
VGGFace2,n000019,Aaron_Stanford,0077_01.jpg,vggface2_balanced_100_100/n000019/0077_01.jpg
VGGFace2,n000019,Aaron_Stanford,0078_01.jpg,vggface2_balanced_100_100/n000019/0078_01.jpg
VGGFace2,n000019,Aaron_Stanford,0079_01.jpg,vggface2_balanced_100_100/n000019/0079_01.jpg
VGGFace2,n000019,Aaron_Stanford,0080_01.jpg,vggface2_balanced_100_100/n000019/0080_01.jpg
VGGFace2,n000019,Aaron_Stanford,0081_01.jpg,vggface2_balanced_100_100/n000019/0081_01.jpg
VGGFace2,n000019,Aaron_Stanford,0082_01.jpg,vggface2_balanced_100_100/n000019/0082_01.jpg
VGGFace2,n000019,Aaron_Stanford,0083_01.jpg,vggface2_balanced_100_100/n000019/0083_01.jpg
VGGFace2,n000019,Aaron_Stanford,0084_02.jpg,vggface2_balanced_100_100/n000019/0084_02.jpg
VGGFace2,n000019,Aaron_Stanford,0085_01.jpg,vggface2_balanced_100_100/n000019/0085_01.jpg
VGGFace2,n000019,Aaron_Stanford,0086_01.jpg,vggface2_balanced_100_100/n000019/0086_01.jpg
VGGFace2,n000019,Aaron_Stanford,0087_02.jpg,vggface2_balanced_100_100/n000019/0087_02.jpg
VGGFace2,n000019,Aaron_Stanford,0088_01.jpg,vggface2_balanced_100_100/n000019/0088_01.jpg
VGGFace2,n000019,Aaron_Stanford,0089_01.jpg,vggface2_balanced_100_100/n000019/0089_01.jpg
VGGFace2,n000019,Aaron_Stanford,0090_01.jpg,vggface2_balanced_100_100/n000019/0090_01.jpg
VGGFace2,n000020,Aaron_Taylor-Johnson,0001_01.jpg,vggface2_balanced_100_100/n000020/0001_01.jpg
VGGFace2,n000020,Aaron_Taylor-Johnson,0002_02.jpg,vggface2_balanced_100_100/n000020/0002_02.jpg
VGGFace2,n000020,Aaron_Taylor-Johnson,0003_01.jpg,vggface2_balanced_100_100/n000020/0003_01.jpg
VGGFace2,n000020,Aaron_Taylor-Johnson,0004_01.jpg,vggface2_balanced_100_100/n000020/0004_01.jpg
VGGFace2,n000020,Aaron_Taylor-Johnson,0005_01.jpg,vggface2_balanced_100_100/n000020/0005_01.jpg
VGGFace2,n000020,Aaron_Taylor-Johnson,0006_01.jpg,vggface2_balanced_100_100/n000020/0006_01.jpg
VGGFace2,n000020,Aaron_Taylor-Johnson,0006_02.jpg,vggface2_balanced_100_100/n000020/0006_02.jpg
VGGFace2,n000020,Aaron_Taylor-Johnson,0007_01.jpg,vggface2_balanced_100_100/n000020/0007_01.jpg
VGGFace2,n000020,Aaron_Taylor-Johnson,0008_01.jpg,vggface2_balanced_100_100/n000020/0008_01.jpg
VGGFace2,n000020,Aaron_Taylor-Johnson,0008_02.jpg,vggface2_balanced_100_100/n000020/0008_02.jpg
VGGFace2,n000020,Aaron_Taylor-Johnson,0009_01.jpg,vggface2_balanced_100_100/n000020/0009_01.jpg
VGGFace2,n000020,Aaron_Taylor-Johnson,0010_01.jpg,vggface2_balanced_100_100/n000020/0010_01.jpg
VGGFace2,n000020,Aaron_Taylor-Johnson,0011_01.jpg,vggface2_balanced_100_100/n000020/0011_01.jpg
VGGFace2,n000020,Aaron_Taylor-Johnson,0012_01.jpg,vggface2_balanced_100_100/n000020/0012_01.jpg
VGGFace2,n000020,Aaron_Taylor-Johnson,0013_02.jpg,vggface2_balanced_100_100/n000020/0013_02.jpg
VGGFace2,n000020,Aaron_Taylor-Johnson,0014_01.jpg,vggface2_balanced_100_100/n000020/0014_01.jpg
VGGFace2,n000020,Aaron_Taylor-Johnson,0015_02.jpg,vggface2_balanced_100_100/n000020/0015_02.jpg
VGGFace2,n000020,Aaron_Taylor-Johnson,0016_01.jpg,vggface2_balanced_100_100/n000020/0016_01.jpg
VGGFace2,n000020,Aaron_Taylor-Johnson,0017_01.jpg,vggface2_balanced_100_100/n000020/0017_01.jpg
VGGFace2,n000020,Aaron_Taylor-Johnson,0018_03.jpg,vggface2_balanced_100_100/n000020/0018_03.jpg
VGGFace2,n000020,Aaron_Taylor-Johnson,0019_01.jpg,vggface2_balanced_100_100/n000020/0019_01.jpg
VGGFace2,n000020,Aaron_Taylor-Johnson,0020_02.jpg,vggface2_balanced_100_100/n000020/0020_02.jpg
VGGFace2,n000020,Aaron_Taylor-Johnson,0021_02.jpg,vggface2_balanced_100_100/n000020/0021_02.jpg
VGGFace2,n000020,Aaron_Taylor-Johnson,0022_01.jpg,vggface2_balanced_100_100/n000020/0022_01.jpg
VGGFace2,n000020,Aaron_Taylor-Johnson,0023_01.jpg,vggface2_balanced_100_100/n000020/0023_01.jpg
VGGFace2,n000020,Aaron_Taylor-Johnson,0024_02.jpg,vggface2_balanced_100_100/n000020/0024_02.jpg
VGGFace2,n000020,Aaron_Taylor-Johnson,0025_01.jpg,vggface2_balanced_100_100/n000020/0025_01.jpg
VGGFace2,n000020,Aaron_Taylor-Johnson,0026_01.jpg,vggface2_balanced_100_100/n000020/0026_01.jpg
VGGFace2,n000020,Aaron_Taylor-Johnson,0027_01.jpg,vggface2_balanced_100_100/n000020/0027_01.jpg
VGGFace2,n000020,Aaron_Taylor-Johnson,0028_03.jpg,vggface2_balanced_100_100/n000020/0028_03.jpg
VGGFace2,n000020,Aaron_Taylor-Johnson,0029_01.jpg,vggface2_balanced_100_100/n000020/0029_01.jpg
VGGFace2,n000020,Aaron_Taylor-Johnson,0030_01.jpg,vggface2_balanced_100_100/n000020/0030_01.jpg
VGGFace2,n000020,Aaron_Taylor-Johnson,0031_01.jpg,vggface2_balanced_100_100/n000020/0031_01.jpg
VGGFace2,n000020,Aaron_Taylor-Johnson,0032_01.jpg,vggface2_balanced_100_100/n000020/0032_01.jpg
VGGFace2,n000020,Aaron_Taylor-Johnson,0033_01.jpg,vggface2_balanced_100_100/n000020/0033_01.jpg
VGGFace2,n000020,Aaron_Taylor-Johnson,0034_01.jpg,vggface2_balanced_100_100/n000020/0034_01.jpg
VGGFace2,n000020,Aaron_Taylor-Johnson,0035_05.jpg,vggface2_balanced_100_100/n000020/0035_05.jpg
VGGFace2,n000020,Aaron_Taylor-Johnson,0036_01.jpg,vggface2_balanced_100_100/n000020/0036_01.jpg
VGGFace2,n000020,Aaron_Taylor-Johnson,0037_01.jpg,vggface2_balanced_100_100/n000020/0037_01.jpg
VGGFace2,n000020,Aaron_Taylor-Johnson,0038_01.jpg,vggface2_balanced_100_100/n000020/0038_01.jpg
VGGFace2,n000020,Aaron_Taylor-Johnson,0038_02.jpg,vggface2_balanced_100_100/n000020/0038_02.jpg
VGGFace2,n000020,Aaron_Taylor-Johnson,0039_01.jpg,vggface2_balanced_100_100/n000020/0039_01.jpg
VGGFace2,n000020,Aaron_Taylor-Johnson,0040_02.jpg,vggface2_balanced_100_100/n000020/0040_02.jpg
VGGFace2,n000020,Aaron_Taylor-Johnson,0041_01.jpg,vggface2_balanced_100_100/n000020/0041_01.jpg
VGGFace2,n000020,Aaron_Taylor-Johnson,0042_01.jpg,vggface2_balanced_100_100/n000020/0042_01.jpg
VGGFace2,n000020,Aaron_Taylor-Johnson,0043_01.jpg,vggface2_balanced_100_100/n000020/0043_01.jpg
VGGFace2,n000020,Aaron_Taylor-Johnson,0044_01.jpg,vggface2_balanced_100_100/n000020/0044_01.jpg
VGGFace2,n000020,Aaron_Taylor-Johnson,0044_02.jpg,vggface2_balanced_100_100/n000020/0044_02.jpg
VGGFace2,n000020,Aaron_Taylor-Johnson,0045_01.jpg,vggface2_balanced_100_100/n000020/0045_01.jpg
VGGFace2,n000020,Aaron_Taylor-Johnson,0046_03.jpg,vggface2_balanced_100_100/n000020/0046_03.jpg
VGGFace2,n000020,Aaron_Taylor-Johnson,0047_01.jpg,vggface2_balanced_100_100/n000020/0047_01.jpg
VGGFace2,n000020,Aaron_Taylor-Johnson,0048_01.jpg,vggface2_balanced_100_100/n000020/0048_01.jpg
VGGFace2,n000020,Aaron_Taylor-Johnson,0049_01.jpg,vggface2_balanced_100_100/n000020/0049_01.jpg
VGGFace2,n000020,Aaron_Taylor-Johnson,0050_02.jpg,vggface2_balanced_100_100/n000020/0050_02.jpg
VGGFace2,n000020,Aaron_Taylor-Johnson,0051_01.jpg,vggface2_balanced_100_100/n000020/0051_01.jpg
VGGFace2,n000020,Aaron_Taylor-Johnson,0052_01.jpg,vggface2_balanced_100_100/n000020/0052_01.jpg
VGGFace2,n000020,Aaron_Taylor-Johnson,0053_01.jpg,vggface2_balanced_100_100/n000020/0053_01.jpg
VGGFace2,n000020,Aaron_Taylor-Johnson,0054_01.jpg,vggface2_balanced_100_100/n000020/0054_01.jpg
VGGFace2,n000020,Aaron_Taylor-Johnson,0055_01.jpg,vggface2_balanced_100_100/n000020/0055_01.jpg
VGGFace2,n000020,Aaron_Taylor-Johnson,0056_01.jpg,vggface2_balanced_100_100/n000020/0056_01.jpg
VGGFace2,n000020,Aaron_Taylor-Johnson,0057_01.jpg,vggface2_balanced_100_100/n000020/0057_01.jpg
VGGFace2,n000020,Aaron_Taylor-Johnson,0058_01.jpg,vggface2_balanced_100_100/n000020/0058_01.jpg
VGGFace2,n000020,Aaron_Taylor-Johnson,0059_01.jpg,vggface2_balanced_100_100/n000020/0059_01.jpg
VGGFace2,n000020,Aaron_Taylor-Johnson,0060_01.jpg,vggface2_balanced_100_100/n000020/0060_01.jpg
VGGFace2,n000020,Aaron_Taylor-Johnson,0061_01.jpg,vggface2_balanced_100_100/n000020/0061_01.jpg
VGGFace2,n000020,Aaron_Taylor-Johnson,0062_01.jpg,vggface2_balanced_100_100/n000020/0062_01.jpg
VGGFace2,n000020,Aaron_Taylor-Johnson,0063_01.jpg,vggface2_balanced_100_100/n000020/0063_01.jpg
VGGFace2,n000020,Aaron_Taylor-Johnson,0064_03.jpg,vggface2_balanced_100_100/n000020/0064_03.jpg
VGGFace2,n000020,Aaron_Taylor-Johnson,0065_01.jpg,vggface2_balanced_100_100/n000020/0065_01.jpg
VGGFace2,n000020,Aaron_Taylor-Johnson,0066_01.jpg,vggface2_balanced_100_100/n000020/0066_01.jpg
VGGFace2,n000020,Aaron_Taylor-Johnson,0067_01.jpg,vggface2_balanced_100_100/n000020/0067_01.jpg
VGGFace2,n000020,Aaron_Taylor-Johnson,0068_01.jpg,vggface2_balanced_100_100/n000020/0068_01.jpg
VGGFace2,n000020,Aaron_Taylor-Johnson,0069_01.jpg,vggface2_balanced_100_100/n000020/0069_01.jpg
VGGFace2,n000020,Aaron_Taylor-Johnson,0070_01.jpg,vggface2_balanced_100_100/n000020/0070_01.jpg
VGGFace2,n000020,Aaron_Taylor-Johnson,0071_01.jpg,vggface2_balanced_100_100/n000020/0071_01.jpg
VGGFace2,n000020,Aaron_Taylor-Johnson,0072_01.jpg,vggface2_balanced_100_100/n000020/0072_01.jpg
VGGFace2,n000020,Aaron_Taylor-Johnson,0073_01.jpg,vggface2_balanced_100_100/n000020/0073_01.jpg
VGGFace2,n000020,Aaron_Taylor-Johnson,0074_02.jpg,vggface2_balanced_100_100/n000020/0074_02.jpg
VGGFace2,n000020,Aaron_Taylor-Johnson,0075_01.jpg,vggface2_balanced_100_100/n000020/0075_01.jpg
VGGFace2,n000020,Aaron_Taylor-Johnson,0076_01.jpg,vggface2_balanced_100_100/n000020/0076_01.jpg
VGGFace2,n000020,Aaron_Taylor-Johnson,0077_01.jpg,vggface2_balanced_100_100/n000020/0077_01.jpg
VGGFace2,n000020,Aaron_Taylor-Johnson,0078_01.jpg,vggface2_balanced_100_100/n000020/0078_01.jpg
VGGFace2,n000020,Aaron_Taylor-Johnson,0079_01.jpg,vggface2_balanced_100_100/n000020/0079_01.jpg
VGGFace2,n000020,Aaron_Taylor-Johnson,0080_01.jpg,vggface2_balanced_100_100/n000020/0080_01.jpg
VGGFace2,n000020,Aaron_Taylor-Johnson,0081_01.jpg,vggface2_balanced_100_100/n000020/0081_01.jpg
VGGFace2,n000020,Aaron_Taylor-Johnson,0082_01.jpg,vggface2_balanced_100_100/n000020/0082_01.jpg
VGGFace2,n000020,Aaron_Taylor-Johnson,0083_02.jpg,vggface2_balanced_100_100/n000020/0083_02.jpg
VGGFace2,n000020,Aaron_Taylor-Johnson,0084_01.jpg,vggface2_balanced_100_100/n000020/0084_01.jpg
VGGFace2,n000020,Aaron_Taylor-Johnson,0085_01.jpg,vggface2_balanced_100_100/n000020/0085_01.jpg
VGGFace2,n000020,Aaron_Taylor-Johnson,0086_01.jpg,vggface2_balanced_100_100/n000020/0086_01.jpg
VGGFace2,n000020,Aaron_Taylor-Johnson,0087_02.jpg,vggface2_balanced_100_100/n000020/0087_02.jpg
VGGFace2,n000020,Aaron_Taylor-Johnson,0088_01.jpg,vggface2_balanced_100_100/n000020/0088_01.jpg
VGGFace2,n000020,Aaron_Taylor-Johnson,0089_02.jpg,vggface2_balanced_100_100/n000020/0089_02.jpg
VGGFace2,n000020,Aaron_Taylor-Johnson,0090_01.jpg,vggface2_balanced_100_100/n000020/0090_01.jpg
VGGFace2,n000020,Aaron_Taylor-Johnson,0091_01.jpg,vggface2_balanced_100_100/n000020/0091_01.jpg
VGGFace2,n000020,Aaron_Taylor-Johnson,0092_01.jpg,vggface2_balanced_100_100/n000020/0092_01.jpg
VGGFace2,n000020,Aaron_Taylor-Johnson,0093_01.jpg,vggface2_balanced_100_100/n000020/0093_01.jpg
VGGFace2,n000020,Aaron_Taylor-Johnson,0094_01.jpg,vggface2_balanced_100_100/n000020/0094_01.jpg
VGGFace2,n000020,Aaron_Taylor-Johnson,0094_02.jpg,vggface2_balanced_100_100/n000020/0094_02.jpg
VGGFace2,n000020,Aaron_Taylor-Johnson,0094_03.jpg,vggface2_balanced_100_100/n000020/0094_03.jpg
VGGFace2,n000021,Aaron_Tippin,0001_01.jpg,vggface2_balanced_100_100/n000021/0001_01.jpg
VGGFace2,n000021,Aaron_Tippin,0002_02.jpg,vggface2_balanced_100_100/n000021/0002_02.jpg
VGGFace2,n000021,Aaron_Tippin,0003_01.jpg,vggface2_balanced_100_100/n000021/0003_01.jpg
VGGFace2,n000021,Aaron_Tippin,0004_01.jpg,vggface2_balanced_100_100/n000021/0004_01.jpg
VGGFace2,n000021,Aaron_Tippin,0005_02.jpg,vggface2_balanced_100_100/n000021/0005_02.jpg
VGGFace2,n000021,Aaron_Tippin,0006_01.jpg,vggface2_balanced_100_100/n000021/0006_01.jpg
VGGFace2,n000021,Aaron_Tippin,0007_01.jpg,vggface2_balanced_100_100/n000021/0007_01.jpg
VGGFace2,n000021,Aaron_Tippin,0008_01.jpg,vggface2_balanced_100_100/n000021/0008_01.jpg
VGGFace2,n000021,Aaron_Tippin,0009_01.jpg,vggface2_balanced_100_100/n000021/0009_01.jpg
VGGFace2,n000021,Aaron_Tippin,0010_01.jpg,vggface2_balanced_100_100/n000021/0010_01.jpg
VGGFace2,n000021,Aaron_Tippin,0011_01.jpg,vggface2_balanced_100_100/n000021/0011_01.jpg
VGGFace2,n000021,Aaron_Tippin,0012_01.jpg,vggface2_balanced_100_100/n000021/0012_01.jpg
VGGFace2,n000021,Aaron_Tippin,0013_01.jpg,vggface2_balanced_100_100/n000021/0013_01.jpg
VGGFace2,n000021,Aaron_Tippin,0014_03.jpg,vggface2_balanced_100_100/n000021/0014_03.jpg
VGGFace2,n000021,Aaron_Tippin,0015_02.jpg,vggface2_balanced_100_100/n000021/0015_02.jpg
VGGFace2,n000021,Aaron_Tippin,0016_01.jpg,vggface2_balanced_100_100/n000021/0016_01.jpg
VGGFace2,n000021,Aaron_Tippin,0017_03.jpg,vggface2_balanced_100_100/n000021/0017_03.jpg
VGGFace2,n000021,Aaron_Tippin,0018_03.jpg,vggface2_balanced_100_100/n000021/0018_03.jpg
VGGFace2,n000021,Aaron_Tippin,0019_01.jpg,vggface2_balanced_100_100/n000021/0019_01.jpg
VGGFace2,n000021,Aaron_Tippin,0020_01.jpg,vggface2_balanced_100_100/n000021/0020_01.jpg
VGGFace2,n000021,Aaron_Tippin,0021_01.jpg,vggface2_balanced_100_100/n000021/0021_01.jpg
VGGFace2,n000021,Aaron_Tippin,0022_01.jpg,vggface2_balanced_100_100/n000021/0022_01.jpg
VGGFace2,n000021,Aaron_Tippin,0023_01.jpg,vggface2_balanced_100_100/n000021/0023_01.jpg
VGGFace2,n000021,Aaron_Tippin,0024_01.jpg,vggface2_balanced_100_100/n000021/0024_01.jpg
VGGFace2,n000021,Aaron_Tippin,0025_01.jpg,vggface2_balanced_100_100/n000021/0025_01.jpg
VGGFace2,n000021,Aaron_Tippin,0026_01.jpg,vggface2_balanced_100_100/n000021/0026_01.jpg
VGGFace2,n000021,Aaron_Tippin,0027_01.jpg,vggface2_balanced_100_100/n000021/0027_01.jpg
VGGFace2,n000021,Aaron_Tippin,0028_02.jpg,vggface2_balanced_100_100/n000021/0028_02.jpg
VGGFace2,n000021,Aaron_Tippin,0029_01.jpg,vggface2_balanced_100_100/n000021/0029_01.jpg
VGGFace2,n000021,Aaron_Tippin,0030_01.jpg,vggface2_balanced_100_100/n000021/0030_01.jpg
VGGFace2,n000021,Aaron_Tippin,0031_01.jpg,vggface2_balanced_100_100/n000021/0031_01.jpg
VGGFace2,n000021,Aaron_Tippin,0032_02.jpg,vggface2_balanced_100_100/n000021/0032_02.jpg
VGGFace2,n000021,Aaron_Tippin,0033_01.jpg,vggface2_balanced_100_100/n000021/0033_01.jpg
VGGFace2,n000021,Aaron_Tippin,0034_01.jpg,vggface2_balanced_100_100/n000021/0034_01.jpg
VGGFace2,n000021,Aaron_Tippin,0035_01.jpg,vggface2_balanced_100_100/n000021/0035_01.jpg
VGGFace2,n000021,Aaron_Tippin,0036_03.jpg,vggface2_balanced_100_100/n000021/0036_03.jpg
VGGFace2,n000021,Aaron_Tippin,0037_01.jpg,vggface2_balanced_100_100/n000021/0037_01.jpg
VGGFace2,n000021,Aaron_Tippin,0038_01.jpg,vggface2_balanced_100_100/n000021/0038_01.jpg
VGGFace2,n000021,Aaron_Tippin,0039_01.jpg,vggface2_balanced_100_100/n000021/0039_01.jpg
VGGFace2,n000021,Aaron_Tippin,0040_01.jpg,vggface2_balanced_100_100/n000021/0040_01.jpg
VGGFace2,n000021,Aaron_Tippin,0041_02.jpg,vggface2_balanced_100_100/n000021/0041_02.jpg
VGGFace2,n000021,Aaron_Tippin,0042_01.jpg,vggface2_balanced_100_100/n000021/0042_01.jpg
VGGFace2,n000021,Aaron_Tippin,0043_01.jpg,vggface2_balanced_100_100/n000021/0043_01.jpg
VGGFace2,n000021,Aaron_Tippin,0044_02.jpg,vggface2_balanced_100_100/n000021/0044_02.jpg
VGGFace2,n000021,Aaron_Tippin,0045_01.jpg,vggface2_balanced_100_100/n000021/0045_01.jpg
VGGFace2,n000021,Aaron_Tippin,0046_01.jpg,vggface2_balanced_100_100/n000021/0046_01.jpg
VGGFace2,n000021,Aaron_Tippin,0047_02.jpg,vggface2_balanced_100_100/n000021/0047_02.jpg
VGGFace2,n000021,Aaron_Tippin,0048_01.jpg,vggface2_balanced_100_100/n000021/0048_01.jpg
VGGFace2,n000021,Aaron_Tippin,0049_01.jpg,vggface2_balanced_100_100/n000021/0049_01.jpg
VGGFace2,n000021,Aaron_Tippin,0050_01.jpg,vggface2_balanced_100_100/n000021/0050_01.jpg
VGGFace2,n000021,Aaron_Tippin,0051_01.jpg,vggface2_balanced_100_100/n000021/0051_01.jpg
VGGFace2,n000021,Aaron_Tippin,0052_01.jpg,vggface2_balanced_100_100/n000021/0052_01.jpg
VGGFace2,n000021,Aaron_Tippin,0053_01.jpg,vggface2_balanced_100_100/n000021/0053_01.jpg
VGGFace2,n000021,Aaron_Tippin,0054_01.jpg,vggface2_balanced_100_100/n000021/0054_01.jpg
VGGFace2,n000021,Aaron_Tippin,0054_02.jpg,vggface2_balanced_100_100/n000021/0054_02.jpg
VGGFace2,n000021,Aaron_Tippin,0055_01.jpg,vggface2_balanced_100_100/n000021/0055_01.jpg
VGGFace2,n000021,Aaron_Tippin,0056_01.jpg,vggface2_balanced_100_100/n000021/0056_01.jpg
VGGFace2,n000021,Aaron_Tippin,0057_01.jpg,vggface2_balanced_100_100/n000021/0057_01.jpg
VGGFace2,n000021,Aaron_Tippin,0058_01.jpg,vggface2_balanced_100_100/n000021/0058_01.jpg
VGGFace2,n000021,Aaron_Tippin,0059_01.jpg,vggface2_balanced_100_100/n000021/0059_01.jpg
VGGFace2,n000021,Aaron_Tippin,0060_01.jpg,vggface2_balanced_100_100/n000021/0060_01.jpg
VGGFace2,n000021,Aaron_Tippin,0061_01.jpg,vggface2_balanced_100_100/n000021/0061_01.jpg
VGGFace2,n000021,Aaron_Tippin,0062_01.jpg,vggface2_balanced_100_100/n000021/0062_01.jpg
VGGFace2,n000021,Aaron_Tippin,0063_01.jpg,vggface2_balanced_100_100/n000021/0063_01.jpg
VGGFace2,n000021,Aaron_Tippin,0064_01.jpg,vggface2_balanced_100_100/n000021/0064_01.jpg
VGGFace2,n000021,Aaron_Tippin,0065_01.jpg,vggface2_balanced_100_100/n000021/0065_01.jpg
VGGFace2,n000021,Aaron_Tippin,0066_01.jpg,vggface2_balanced_100_100/n000021/0066_01.jpg
VGGFace2,n000021,Aaron_Tippin,0067_01.jpg,vggface2_balanced_100_100/n000021/0067_01.jpg
VGGFace2,n000021,Aaron_Tippin,0068_01.jpg,vggface2_balanced_100_100/n000021/0068_01.jpg
VGGFace2,n000021,Aaron_Tippin,0069_01.jpg,vggface2_balanced_100_100/n000021/0069_01.jpg
VGGFace2,n000021,Aaron_Tippin,0070_01.jpg,vggface2_balanced_100_100/n000021/0070_01.jpg
VGGFace2,n000021,Aaron_Tippin,0071_01.jpg,vggface2_balanced_100_100/n000021/0071_01.jpg
VGGFace2,n000021,Aaron_Tippin,0072_01.jpg,vggface2_balanced_100_100/n000021/0072_01.jpg
VGGFace2,n000021,Aaron_Tippin,0072_03.jpg,vggface2_balanced_100_100/n000021/0072_03.jpg
VGGFace2,n000021,Aaron_Tippin,0073_01.jpg,vggface2_balanced_100_100/n000021/0073_01.jpg
VGGFace2,n000021,Aaron_Tippin,0073_03.jpg,vggface2_balanced_100_100/n000021/0073_03.jpg
VGGFace2,n000021,Aaron_Tippin,0074_01.jpg,vggface2_balanced_100_100/n000021/0074_01.jpg
VGGFace2,n000021,Aaron_Tippin,0075_01.jpg,vggface2_balanced_100_100/n000021/0075_01.jpg
VGGFace2,n000021,Aaron_Tippin,0076_01.jpg,vggface2_balanced_100_100/n000021/0076_01.jpg
VGGFace2,n000021,Aaron_Tippin,0077_01.jpg,vggface2_balanced_100_100/n000021/0077_01.jpg
VGGFace2,n000021,Aaron_Tippin,0078_01.jpg,vggface2_balanced_100_100/n000021/0078_01.jpg
VGGFace2,n000021,Aaron_Tippin,0079_02.jpg,vggface2_balanced_100_100/n000021/0079_02.jpg
VGGFace2,n000021,Aaron_Tippin,0080_01.jpg,vggface2_balanced_100_100/n000021/0080_01.jpg
VGGFace2,n000021,Aaron_Tippin,0080_02.jpg,vggface2_balanced_100_100/n000021/0080_02.jpg
VGGFace2,n000021,Aaron_Tippin,0081_01.jpg,vggface2_balanced_100_100/n000021/0081_01.jpg
VGGFace2,n000021,Aaron_Tippin,0082_01.jpg,vggface2_balanced_100_100/n000021/0082_01.jpg
VGGFace2,n000021,Aaron_Tippin,0083_01.jpg,vggface2_balanced_100_100/n000021/0083_01.jpg
VGGFace2,n000021,Aaron_Tippin,0084_01.jpg,vggface2_balanced_100_100/n000021/0084_01.jpg
VGGFace2,n000021,Aaron_Tippin,0085_01.jpg,vggface2_balanced_100_100/n000021/0085_01.jpg
VGGFace2,n000021,Aaron_Tippin,0086_02.jpg,vggface2_balanced_100_100/n000021/0086_02.jpg
VGGFace2,n000021,Aaron_Tippin,0087_01.jpg,vggface2_balanced_100_100/n000021/0087_01.jpg
VGGFace2,n000021,Aaron_Tippin,0088_01.jpg,vggface2_balanced_100_100/n000021/0088_01.jpg
VGGFace2,n000021,Aaron_Tippin,0089_01.jpg,vggface2_balanced_100_100/n000021/0089_01.jpg
VGGFace2,n000021,Aaron_Tippin,0090_01.jpg,vggface2_balanced_100_100/n000021/0090_01.jpg
VGGFace2,n000021,Aaron_Tippin,0091_01.jpg,vggface2_balanced_100_100/n000021/0091_01.jpg
VGGFace2,n000021,Aaron_Tippin,0092_01.jpg,vggface2_balanced_100_100/n000021/0092_01.jpg
VGGFace2,n000021,Aaron_Tippin,0093_01.jpg,vggface2_balanced_100_100/n000021/0093_01.jpg
VGGFace2,n000021,Aaron_Tippin,0094_02.jpg,vggface2_balanced_100_100/n000021/0094_02.jpg
VGGFace2,n000021,Aaron_Tippin,0095_01.jpg,vggface2_balanced_100_100/n000021/0095_01.jpg
VGGFace2,n000021,Aaron_Tippin,0096_01.jpg,vggface2_balanced_100_100/n000021/0096_01.jpg
VGGFace2,n000022,Aarti_Chhabria,0001_01.jpg,vggface2_balanced_100_100/n000022/0001_01.jpg
VGGFace2,n000022,Aarti_Chhabria,0002_01.jpg,vggface2_balanced_100_100/n000022/0002_01.jpg
VGGFace2,n000022,Aarti_Chhabria,0003_01.jpg,vggface2_balanced_100_100/n000022/0003_01.jpg
VGGFace2,n000022,Aarti_Chhabria,0004_01.jpg,vggface2_balanced_100_100/n000022/0004_01.jpg
VGGFace2,n000022,Aarti_Chhabria,0005_01.jpg,vggface2_balanced_100_100/n000022/0005_01.jpg
VGGFace2,n000022,Aarti_Chhabria,0006_01.jpg,vggface2_balanced_100_100/n000022/0006_01.jpg
VGGFace2,n000022,Aarti_Chhabria,0007_01.jpg,vggface2_balanced_100_100/n000022/0007_01.jpg
VGGFace2,n000022,Aarti_Chhabria,0008_01.jpg,vggface2_balanced_100_100/n000022/0008_01.jpg
VGGFace2,n000022,Aarti_Chhabria,0009_01.jpg,vggface2_balanced_100_100/n000022/0009_01.jpg
VGGFace2,n000022,Aarti_Chhabria,0010_01.jpg,vggface2_balanced_100_100/n000022/0010_01.jpg
VGGFace2,n000022,Aarti_Chhabria,0011_02.jpg,vggface2_balanced_100_100/n000022/0011_02.jpg
VGGFace2,n000022,Aarti_Chhabria,0012_01.jpg,vggface2_balanced_100_100/n000022/0012_01.jpg
VGGFace2,n000022,Aarti_Chhabria,0013_01.jpg,vggface2_balanced_100_100/n000022/0013_01.jpg
VGGFace2,n000022,Aarti_Chhabria,0014_01.jpg,vggface2_balanced_100_100/n000022/0014_01.jpg
VGGFace2,n000022,Aarti_Chhabria,0015_01.jpg,vggface2_balanced_100_100/n000022/0015_01.jpg
VGGFace2,n000022,Aarti_Chhabria,0016_01.jpg,vggface2_balanced_100_100/n000022/0016_01.jpg
VGGFace2,n000022,Aarti_Chhabria,0017_01.jpg,vggface2_balanced_100_100/n000022/0017_01.jpg
VGGFace2,n000022,Aarti_Chhabria,0018_01.jpg,vggface2_balanced_100_100/n000022/0018_01.jpg
VGGFace2,n000022,Aarti_Chhabria,0019_01.jpg,vggface2_balanced_100_100/n000022/0019_01.jpg
VGGFace2,n000022,Aarti_Chhabria,0020_01.jpg,vggface2_balanced_100_100/n000022/0020_01.jpg
VGGFace2,n000022,Aarti_Chhabria,0021_01.jpg,vggface2_balanced_100_100/n000022/0021_01.jpg
VGGFace2,n000022,Aarti_Chhabria,0022_01.jpg,vggface2_balanced_100_100/n000022/0022_01.jpg
VGGFace2,n000022,Aarti_Chhabria,0023_01.jpg,vggface2_balanced_100_100/n000022/0023_01.jpg
VGGFace2,n000022,Aarti_Chhabria,0024_01.jpg,vggface2_balanced_100_100/n000022/0024_01.jpg
VGGFace2,n000022,Aarti_Chhabria,0025_01.jpg,vggface2_balanced_100_100/n000022/0025_01.jpg
VGGFace2,n000022,Aarti_Chhabria,0026_01.jpg,vggface2_balanced_100_100/n000022/0026_01.jpg
VGGFace2,n000022,Aarti_Chhabria,0027_01.jpg,vggface2_balanced_100_100/n000022/0027_01.jpg
VGGFace2,n000022,Aarti_Chhabria,0028_01.jpg,vggface2_balanced_100_100/n000022/0028_01.jpg
VGGFace2,n000022,Aarti_Chhabria,0029_01.jpg,vggface2_balanced_100_100/n000022/0029_01.jpg
VGGFace2,n000022,Aarti_Chhabria,0030_01.jpg,vggface2_balanced_100_100/n000022/0030_01.jpg
VGGFace2,n000022,Aarti_Chhabria,0031_01.jpg,vggface2_balanced_100_100/n000022/0031_01.jpg
VGGFace2,n000022,Aarti_Chhabria,0032_01.jpg,vggface2_balanced_100_100/n000022/0032_01.jpg
VGGFace2,n000022,Aarti_Chhabria,0033_01.jpg,vggface2_balanced_100_100/n000022/0033_01.jpg
VGGFace2,n000022,Aarti_Chhabria,0034_01.jpg,vggface2_balanced_100_100/n000022/0034_01.jpg
VGGFace2,n000022,Aarti_Chhabria,0035_01.jpg,vggface2_balanced_100_100/n000022/0035_01.jpg
VGGFace2,n000022,Aarti_Chhabria,0036_01.jpg,vggface2_balanced_100_100/n000022/0036_01.jpg
VGGFace2,n000022,Aarti_Chhabria,0037_01.jpg,vggface2_balanced_100_100/n000022/0037_01.jpg
VGGFace2,n000022,Aarti_Chhabria,0038_01.jpg,vggface2_balanced_100_100/n000022/0038_01.jpg
VGGFace2,n000022,Aarti_Chhabria,0039_01.jpg,vggface2_balanced_100_100/n000022/0039_01.jpg
VGGFace2,n000022,Aarti_Chhabria,0040_01.jpg,vggface2_balanced_100_100/n000022/0040_01.jpg
VGGFace2,n000022,Aarti_Chhabria,0041_01.jpg,vggface2_balanced_100_100/n000022/0041_01.jpg
VGGFace2,n000022,Aarti_Chhabria,0042_01.jpg,vggface2_balanced_100_100/n000022/0042_01.jpg
VGGFace2,n000022,Aarti_Chhabria,0043_01.jpg,vggface2_balanced_100_100/n000022/0043_01.jpg
VGGFace2,n000022,Aarti_Chhabria,0044_01.jpg,vggface2_balanced_100_100/n000022/0044_01.jpg
VGGFace2,n000022,Aarti_Chhabria,0045_01.jpg,vggface2_balanced_100_100/n000022/0045_01.jpg
VGGFace2,n000022,Aarti_Chhabria,0046_01.jpg,vggface2_balanced_100_100/n000022/0046_01.jpg
VGGFace2,n000022,Aarti_Chhabria,0047_01.jpg,vggface2_balanced_100_100/n000022/0047_01.jpg
VGGFace2,n000022,Aarti_Chhabria,0048_02.jpg,vggface2_balanced_100_100/n000022/0048_02.jpg
VGGFace2,n000022,Aarti_Chhabria,0049_01.jpg,vggface2_balanced_100_100/n000022/0049_01.jpg
VGGFace2,n000022,Aarti_Chhabria,0050_01.jpg,vggface2_balanced_100_100/n000022/0050_01.jpg
VGGFace2,n000022,Aarti_Chhabria,0051_01.jpg,vggface2_balanced_100_100/n000022/0051_01.jpg
VGGFace2,n000022,Aarti_Chhabria,0052_01.jpg,vggface2_balanced_100_100/n000022/0052_01.jpg
VGGFace2,n000022,Aarti_Chhabria,0053_01.jpg,vggface2_balanced_100_100/n000022/0053_01.jpg
VGGFace2,n000022,Aarti_Chhabria,0054_01.jpg,vggface2_balanced_100_100/n000022/0054_01.jpg
VGGFace2,n000022,Aarti_Chhabria,0055_01.jpg,vggface2_balanced_100_100/n000022/0055_01.jpg
VGGFace2,n000022,Aarti_Chhabria,0056_01.jpg,vggface2_balanced_100_100/n000022/0056_01.jpg
VGGFace2,n000022,Aarti_Chhabria,0057_01.jpg,vggface2_balanced_100_100/n000022/0057_01.jpg
VGGFace2,n000022,Aarti_Chhabria,0058_01.jpg,vggface2_balanced_100_100/n000022/0058_01.jpg
VGGFace2,n000022,Aarti_Chhabria,0059_01.jpg,vggface2_balanced_100_100/n000022/0059_01.jpg
VGGFace2,n000022,Aarti_Chhabria,0060_01.jpg,vggface2_balanced_100_100/n000022/0060_01.jpg
VGGFace2,n000022,Aarti_Chhabria,0061_01.jpg,vggface2_balanced_100_100/n000022/0061_01.jpg
VGGFace2,n000022,Aarti_Chhabria,0062_01.jpg,vggface2_balanced_100_100/n000022/0062_01.jpg
VGGFace2,n000022,Aarti_Chhabria,0063_01.jpg,vggface2_balanced_100_100/n000022/0063_01.jpg
VGGFace2,n000022,Aarti_Chhabria,0064_02.jpg,vggface2_balanced_100_100/n000022/0064_02.jpg
VGGFace2,n000022,Aarti_Chhabria,0065_01.jpg,vggface2_balanced_100_100/n000022/0065_01.jpg
VGGFace2,n000022,Aarti_Chhabria,0066_01.jpg,vggface2_balanced_100_100/n000022/0066_01.jpg
VGGFace2,n000022,Aarti_Chhabria,0067_01.jpg,vggface2_balanced_100_100/n000022/0067_01.jpg
VGGFace2,n000022,Aarti_Chhabria,0068_01.jpg,vggface2_balanced_100_100/n000022/0068_01.jpg
VGGFace2,n000022,Aarti_Chhabria,0069_01.jpg,vggface2_balanced_100_100/n000022/0069_01.jpg
VGGFace2,n000022,Aarti_Chhabria,0070_01.jpg,vggface2_balanced_100_100/n000022/0070_01.jpg
VGGFace2,n000022,Aarti_Chhabria,0071_01.jpg,vggface2_balanced_100_100/n000022/0071_01.jpg
VGGFace2,n000022,Aarti_Chhabria,0072_01.jpg,vggface2_balanced_100_100/n000022/0072_01.jpg
VGGFace2,n000022,Aarti_Chhabria,0073_01.jpg,vggface2_balanced_100_100/n000022/0073_01.jpg
VGGFace2,n000022,Aarti_Chhabria,0074_01.jpg,vggface2_balanced_100_100/n000022/0074_01.jpg
VGGFace2,n000022,Aarti_Chhabria,0075_01.jpg,vggface2_balanced_100_100/n000022/0075_01.jpg
VGGFace2,n000022,Aarti_Chhabria,0076_01.jpg,vggface2_balanced_100_100/n000022/0076_01.jpg
VGGFace2,n000022,Aarti_Chhabria,0077_01.jpg,vggface2_balanced_100_100/n000022/0077_01.jpg
VGGFace2,n000022,Aarti_Chhabria,0078_01.jpg,vggface2_balanced_100_100/n000022/0078_01.jpg
VGGFace2,n000022,Aarti_Chhabria,0079_01.jpg,vggface2_balanced_100_100/n000022/0079_01.jpg
VGGFace2,n000022,Aarti_Chhabria,0080_01.jpg,vggface2_balanced_100_100/n000022/0080_01.jpg
VGGFace2,n000022,Aarti_Chhabria,0081_02.jpg,vggface2_balanced_100_100/n000022/0081_02.jpg
VGGFace2,n000022,Aarti_Chhabria,0082_01.jpg,vggface2_balanced_100_100/n000022/0082_01.jpg
VGGFace2,n000022,Aarti_Chhabria,0083_01.jpg,vggface2_balanced_100_100/n000022/0083_01.jpg
VGGFace2,n000022,Aarti_Chhabria,0084_02.jpg,vggface2_balanced_100_100/n000022/0084_02.jpg
VGGFace2,n000022,Aarti_Chhabria,0085_01.jpg,vggface2_balanced_100_100/n000022/0085_01.jpg
VGGFace2,n000022,Aarti_Chhabria,0086_01.jpg,vggface2_balanced_100_100/n000022/0086_01.jpg
VGGFace2,n000022,Aarti_Chhabria,0086_02.jpg,vggface2_balanced_100_100/n000022/0086_02.jpg
VGGFace2,n000022,Aarti_Chhabria,0087_01.jpg,vggface2_balanced_100_100/n000022/0087_01.jpg
VGGFace2,n000022,Aarti_Chhabria,0088_01.jpg,vggface2_balanced_100_100/n000022/0088_01.jpg
VGGFace2,n000022,Aarti_Chhabria,0089_01.jpg,vggface2_balanced_100_100/n000022/0089_01.jpg
VGGFace2,n000022,Aarti_Chhabria,0090_01.jpg,vggface2_balanced_100_100/n000022/0090_01.jpg
VGGFace2,n000022,Aarti_Chhabria,0091_01.jpg,vggface2_balanced_100_100/n000022/0091_01.jpg
VGGFace2,n000022,Aarti_Chhabria,0092_01.jpg,vggface2_balanced_100_100/n000022/0092_01.jpg
VGGFace2,n000022,Aarti_Chhabria,0093_01.jpg,vggface2_balanced_100_100/n000022/0093_01.jpg
VGGFace2,n000022,Aarti_Chhabria,0094_01.jpg,vggface2_balanced_100_100/n000022/0094_01.jpg
VGGFace2,n000022,Aarti_Chhabria,0095_01.jpg,vggface2_balanced_100_100/n000022/0095_01.jpg
VGGFace2,n000022,Aarti_Chhabria,0096_01.jpg,vggface2_balanced_100_100/n000022/0096_01.jpg
VGGFace2,n000022,Aarti_Chhabria,0097_01.jpg,vggface2_balanced_100_100/n000022/0097_01.jpg
VGGFace2,n000022,Aarti_Chhabria,0098_01.jpg,vggface2_balanced_100_100/n000022/0098_01.jpg
VGGFace2,n000022,Aarti_Chhabria,0099_01.jpg,vggface2_balanced_100_100/n000022/0099_01.jpg
VGGFace2,n000023,Aarón_Díaz,0001_01.jpg,vggface2_balanced_100_100/n000023/0001_01.jpg
VGGFace2,n000023,Aarón_Díaz,0002_01.jpg,vggface2_balanced_100_100/n000023/0002_01.jpg
VGGFace2,n000023,Aarón_Díaz,0003_01.jpg,vggface2_balanced_100_100/n000023/0003_01.jpg
VGGFace2,n000023,Aarón_Díaz,0004_01.jpg,vggface2_balanced_100_100/n000023/0004_01.jpg
VGGFace2,n000023,Aarón_Díaz,0005_01.jpg,vggface2_balanced_100_100/n000023/0005_01.jpg
VGGFace2,n000023,Aarón_Díaz,0006_01.jpg,vggface2_balanced_100_100/n000023/0006_01.jpg
VGGFace2,n000023,Aarón_Díaz,0007_01.jpg,vggface2_balanced_100_100/n000023/0007_01.jpg
VGGFace2,n000023,Aarón_Díaz,0008_01.jpg,vggface2_balanced_100_100/n000023/0008_01.jpg
VGGFace2,n000023,Aarón_Díaz,0009_01.jpg,vggface2_balanced_100_100/n000023/0009_01.jpg
VGGFace2,n000023,Aarón_Díaz,0010_01.jpg,vggface2_balanced_100_100/n000023/0010_01.jpg
VGGFace2,n000023,Aarón_Díaz,0011_01.jpg,vggface2_balanced_100_100/n000023/0011_01.jpg
VGGFace2,n000023,Aarón_Díaz,0012_01.jpg,vggface2_balanced_100_100/n000023/0012_01.jpg
VGGFace2,n000023,Aarón_Díaz,0013_01.jpg,vggface2_balanced_100_100/n000023/0013_01.jpg
VGGFace2,n000023,Aarón_Díaz,0014_01.jpg,vggface2_balanced_100_100/n000023/0014_01.jpg
VGGFace2,n000023,Aarón_Díaz,0015_01.jpg,vggface2_balanced_100_100/n000023/0015_01.jpg
VGGFace2,n000023,Aarón_Díaz,0016_01.jpg,vggface2_balanced_100_100/n000023/0016_01.jpg
VGGFace2,n000023,Aarón_Díaz,0017_01.jpg,vggface2_balanced_100_100/n000023/0017_01.jpg
VGGFace2,n000023,Aarón_Díaz,0018_02.jpg,vggface2_balanced_100_100/n000023/0018_02.jpg
VGGFace2,n000023,Aarón_Díaz,0019_02.jpg,vggface2_balanced_100_100/n000023/0019_02.jpg
VGGFace2,n000023,Aarón_Díaz,0020_01.jpg,vggface2_balanced_100_100/n000023/0020_01.jpg
VGGFace2,n000023,Aarón_Díaz,0021_01.jpg,vggface2_balanced_100_100/n000023/0021_01.jpg
VGGFace2,n000023,Aarón_Díaz,0022_01.jpg,vggface2_balanced_100_100/n000023/0022_01.jpg
VGGFace2,n000023,Aarón_Díaz,0023_01.jpg,vggface2_balanced_100_100/n000023/0023_01.jpg
VGGFace2,n000023,Aarón_Díaz,0024_02.jpg,vggface2_balanced_100_100/n000023/0024_02.jpg
VGGFace2,n000023,Aarón_Díaz,0025_01.jpg,vggface2_balanced_100_100/n000023/0025_01.jpg
VGGFace2,n000023,Aarón_Díaz,0026_01.jpg,vggface2_balanced_100_100/n000023/0026_01.jpg
VGGFace2,n000023,Aarón_Díaz,0027_02.jpg,vggface2_balanced_100_100/n000023/0027_02.jpg
VGGFace2,n000023,Aarón_Díaz,0028_02.jpg,vggface2_balanced_100_100/n000023/0028_02.jpg
VGGFace2,n000023,Aarón_Díaz,0029_01.jpg,vggface2_balanced_100_100/n000023/0029_01.jpg
VGGFace2,n000023,Aarón_Díaz,0030_01.jpg,vggface2_balanced_100_100/n000023/0030_01.jpg
VGGFace2,n000023,Aarón_Díaz,0031_01.jpg,vggface2_balanced_100_100/n000023/0031_01.jpg
VGGFace2,n000023,Aarón_Díaz,0032_01.jpg,vggface2_balanced_100_100/n000023/0032_01.jpg
VGGFace2,n000023,Aarón_Díaz,0033_01.jpg,vggface2_balanced_100_100/n000023/0033_01.jpg
VGGFace2,n000023,Aarón_Díaz,0034_01.jpg,vggface2_balanced_100_100/n000023/0034_01.jpg
VGGFace2,n000023,Aarón_Díaz,0035_01.jpg,vggface2_balanced_100_100/n000023/0035_01.jpg
VGGFace2,n000023,Aarón_Díaz,0036_01.jpg,vggface2_balanced_100_100/n000023/0036_01.jpg
VGGFace2,n000023,Aarón_Díaz,0037_01.jpg,vggface2_balanced_100_100/n000023/0037_01.jpg
VGGFace2,n000023,Aarón_Díaz,0038_01.jpg,vggface2_balanced_100_100/n000023/0038_01.jpg
VGGFace2,n000023,Aarón_Díaz,0039_01.jpg,vggface2_balanced_100_100/n000023/0039_01.jpg
VGGFace2,n000023,Aarón_Díaz,0040_01.jpg,vggface2_balanced_100_100/n000023/0040_01.jpg
VGGFace2,n000023,Aarón_Díaz,0041_01.jpg,vggface2_balanced_100_100/n000023/0041_01.jpg
VGGFace2,n000023,Aarón_Díaz,0042_01.jpg,vggface2_balanced_100_100/n000023/0042_01.jpg
VGGFace2,n000023,Aarón_Díaz,0043_02.jpg,vggface2_balanced_100_100/n000023/0043_02.jpg
VGGFace2,n000023,Aarón_Díaz,0044_01.jpg,vggface2_balanced_100_100/n000023/0044_01.jpg
VGGFace2,n000023,Aarón_Díaz,0044_02.jpg,vggface2_balanced_100_100/n000023/0044_02.jpg
VGGFace2,n000023,Aarón_Díaz,0045_01.jpg,vggface2_balanced_100_100/n000023/0045_01.jpg
VGGFace2,n000023,Aarón_Díaz,0046_01.jpg,vggface2_balanced_100_100/n000023/0046_01.jpg
VGGFace2,n000023,Aarón_Díaz,0047_01.jpg,vggface2_balanced_100_100/n000023/0047_01.jpg
VGGFace2,n000023,Aarón_Díaz,0048_01.jpg,vggface2_balanced_100_100/n000023/0048_01.jpg
VGGFace2,n000023,Aarón_Díaz,0049_02.jpg,vggface2_balanced_100_100/n000023/0049_02.jpg
VGGFace2,n000023,Aarón_Díaz,0050_01.jpg,vggface2_balanced_100_100/n000023/0050_01.jpg
VGGFace2,n000023,Aarón_Díaz,0051_01.jpg,vggface2_balanced_100_100/n000023/0051_01.jpg
VGGFace2,n000023,Aarón_Díaz,0052_01.jpg,vggface2_balanced_100_100/n000023/0052_01.jpg
VGGFace2,n000023,Aarón_Díaz,0053_01.jpg,vggface2_balanced_100_100/n000023/0053_01.jpg
VGGFace2,n000023,Aarón_Díaz,0054_01.jpg,vggface2_balanced_100_100/n000023/0054_01.jpg
VGGFace2,n000023,Aarón_Díaz,0055_01.jpg,vggface2_balanced_100_100/n000023/0055_01.jpg
VGGFace2,n000023,Aarón_Díaz,0056_01.jpg,vggface2_balanced_100_100/n000023/0056_01.jpg
VGGFace2,n000023,Aarón_Díaz,0057_01.jpg,vggface2_balanced_100_100/n000023/0057_01.jpg
VGGFace2,n000023,Aarón_Díaz,0058_02.jpg,vggface2_balanced_100_100/n000023/0058_02.jpg
VGGFace2,n000023,Aarón_Díaz,0059_03.jpg,vggface2_balanced_100_100/n000023/0059_03.jpg
VGGFace2,n000023,Aarón_Díaz,0060_01.jpg,vggface2_balanced_100_100/n000023/0060_01.jpg
VGGFace2,n000023,Aarón_Díaz,0061_01.jpg,vggface2_balanced_100_100/n000023/0061_01.jpg
VGGFace2,n000023,Aarón_Díaz,0062_01.jpg,vggface2_balanced_100_100/n000023/0062_01.jpg
VGGFace2,n000023,Aarón_Díaz,0063_01.jpg,vggface2_balanced_100_100/n000023/0063_01.jpg
VGGFace2,n000023,Aarón_Díaz,0064_01.jpg,vggface2_balanced_100_100/n000023/0064_01.jpg
VGGFace2,n000023,Aarón_Díaz,0065_01.jpg,vggface2_balanced_100_100/n000023/0065_01.jpg
VGGFace2,n000023,Aarón_Díaz,0066_01.jpg,vggface2_balanced_100_100/n000023/0066_01.jpg
VGGFace2,n000023,Aarón_Díaz,0067_01.jpg,vggface2_balanced_100_100/n000023/0067_01.jpg
VGGFace2,n000023,Aarón_Díaz,0068_01.jpg,vggface2_balanced_100_100/n000023/0068_01.jpg
VGGFace2,n000023,Aarón_Díaz,0068_02.jpg,vggface2_balanced_100_100/n000023/0068_02.jpg
VGGFace2,n000023,Aarón_Díaz,0069_01.jpg,vggface2_balanced_100_100/n000023/0069_01.jpg
VGGFace2,n000023,Aarón_Díaz,0070_01.jpg,vggface2_balanced_100_100/n000023/0070_01.jpg
VGGFace2,n000023,Aarón_Díaz,0071_01.jpg,vggface2_balanced_100_100/n000023/0071_01.jpg
VGGFace2,n000023,Aarón_Díaz,0072_01.jpg,vggface2_balanced_100_100/n000023/0072_01.jpg
VGGFace2,n000023,Aarón_Díaz,0073_01.jpg,vggface2_balanced_100_100/n000023/0073_01.jpg
VGGFace2,n000023,Aarón_Díaz,0074_01.jpg,vggface2_balanced_100_100/n000023/0074_01.jpg
VGGFace2,n000023,Aarón_Díaz,0075_01.jpg,vggface2_balanced_100_100/n000023/0075_01.jpg
VGGFace2,n000023,Aarón_Díaz,0076_01.jpg,vggface2_balanced_100_100/n000023/0076_01.jpg
VGGFace2,n000023,Aarón_Díaz,0076_02.jpg,vggface2_balanced_100_100/n000023/0076_02.jpg
VGGFace2,n000023,Aarón_Díaz,0076_04.jpg,vggface2_balanced_100_100/n000023/0076_04.jpg
VGGFace2,n000023,Aarón_Díaz,0077_01.jpg,vggface2_balanced_100_100/n000023/0077_01.jpg
VGGFace2,n000023,Aarón_Díaz,0078_01.jpg,vggface2_balanced_100_100/n000023/0078_01.jpg
VGGFace2,n000023,Aarón_Díaz,0079_01.jpg,vggface2_balanced_100_100/n000023/0079_01.jpg
VGGFace2,n000023,Aarón_Díaz,0080_02.jpg,vggface2_balanced_100_100/n000023/0080_02.jpg
VGGFace2,n000023,Aarón_Díaz,0081_01.jpg,vggface2_balanced_100_100/n000023/0081_01.jpg
VGGFace2,n000023,Aarón_Díaz,0083_01.jpg,vggface2_balanced_100_100/n000023/0083_01.jpg
VGGFace2,n000023,Aarón_Díaz,0084_01.jpg,vggface2_balanced_100_100/n000023/0084_01.jpg
VGGFace2,n000023,Aarón_Díaz,0085_01.jpg,vggface2_balanced_100_100/n000023/0085_01.jpg
VGGFace2,n000023,Aarón_Díaz,0086_02.jpg,vggface2_balanced_100_100/n000023/0086_02.jpg
VGGFace2,n000023,Aarón_Díaz,0087_01.jpg,vggface2_balanced_100_100/n000023/0087_01.jpg
VGGFace2,n000023,Aarón_Díaz,0088_01.jpg,vggface2_balanced_100_100/n000023/0088_01.jpg
VGGFace2,n000023,Aarón_Díaz,0089_01.jpg,vggface2_balanced_100_100/n000023/0089_01.jpg
VGGFace2,n000023,Aarón_Díaz,0090_01.jpg,vggface2_balanced_100_100/n000023/0090_01.jpg
VGGFace2,n000023,Aarón_Díaz,0091_01.jpg,vggface2_balanced_100_100/n000023/0091_01.jpg
VGGFace2,n000023,Aarón_Díaz,0092_01.jpg,vggface2_balanced_100_100/n000023/0092_01.jpg
VGGFace2,n000023,Aarón_Díaz,0093_01.jpg,vggface2_balanced_100_100/n000023/0093_01.jpg
VGGFace2,n000023,Aarón_Díaz,0094_01.jpg,vggface2_balanced_100_100/n000023/0094_01.jpg
VGGFace2,n000023,Aarón_Díaz,0095_01.jpg,vggface2_balanced_100_100/n000023/0095_01.jpg
VGGFace2,n000023,Aarón_Díaz,0096_01.jpg,vggface2_balanced_100_100/n000023/0096_01.jpg
VGGFace2,n000023,Aarón_Díaz,0097_01.jpg,vggface2_balanced_100_100/n000023/0097_01.jpg
VGGFace2,n000024,Abbey_Clancy,0001_01.jpg,vggface2_balanced_100_100/n000024/0001_01.jpg
VGGFace2,n000024,Abbey_Clancy,0002_01.jpg,vggface2_balanced_100_100/n000024/0002_01.jpg
VGGFace2,n000024,Abbey_Clancy,0003_01.jpg,vggface2_balanced_100_100/n000024/0003_01.jpg
VGGFace2,n000024,Abbey_Clancy,0004_01.jpg,vggface2_balanced_100_100/n000024/0004_01.jpg
VGGFace2,n000024,Abbey_Clancy,0005_02.jpg,vggface2_balanced_100_100/n000024/0005_02.jpg
VGGFace2,n000024,Abbey_Clancy,0006_01.jpg,vggface2_balanced_100_100/n000024/0006_01.jpg
VGGFace2,n000024,Abbey_Clancy,0007_01.jpg,vggface2_balanced_100_100/n000024/0007_01.jpg
VGGFace2,n000024,Abbey_Clancy,0008_01.jpg,vggface2_balanced_100_100/n000024/0008_01.jpg
VGGFace2,n000024,Abbey_Clancy,0009_01.jpg,vggface2_balanced_100_100/n000024/0009_01.jpg
VGGFace2,n000024,Abbey_Clancy,0010_01.jpg,vggface2_balanced_100_100/n000024/0010_01.jpg
VGGFace2,n000024,Abbey_Clancy,0011_01.jpg,vggface2_balanced_100_100/n000024/0011_01.jpg
VGGFace2,n000024,Abbey_Clancy,0012_01.jpg,vggface2_balanced_100_100/n000024/0012_01.jpg
VGGFace2,n000024,Abbey_Clancy,0013_01.jpg,vggface2_balanced_100_100/n000024/0013_01.jpg
VGGFace2,n000024,Abbey_Clancy,0014_01.jpg,vggface2_balanced_100_100/n000024/0014_01.jpg
VGGFace2,n000024,Abbey_Clancy,0014_02.jpg,vggface2_balanced_100_100/n000024/0014_02.jpg
VGGFace2,n000024,Abbey_Clancy,0015_06.jpg,vggface2_balanced_100_100/n000024/0015_06.jpg
VGGFace2,n000024,Abbey_Clancy,0016_01.jpg,vggface2_balanced_100_100/n000024/0016_01.jpg
VGGFace2,n000024,Abbey_Clancy,0017_01.jpg,vggface2_balanced_100_100/n000024/0017_01.jpg
VGGFace2,n000024,Abbey_Clancy,0018_01.jpg,vggface2_balanced_100_100/n000024/0018_01.jpg
VGGFace2,n000024,Abbey_Clancy,0019_01.jpg,vggface2_balanced_100_100/n000024/0019_01.jpg
VGGFace2,n000024,Abbey_Clancy,0020_01.jpg,vggface2_balanced_100_100/n000024/0020_01.jpg
VGGFace2,n000024,Abbey_Clancy,0021_01.jpg,vggface2_balanced_100_100/n000024/0021_01.jpg
VGGFace2,n000024,Abbey_Clancy,0022_01.jpg,vggface2_balanced_100_100/n000024/0022_01.jpg
VGGFace2,n000024,Abbey_Clancy,0023_01.jpg,vggface2_balanced_100_100/n000024/0023_01.jpg
VGGFace2,n000024,Abbey_Clancy,0024_01.jpg,vggface2_balanced_100_100/n000024/0024_01.jpg
VGGFace2,n000024,Abbey_Clancy,0025_01.jpg,vggface2_balanced_100_100/n000024/0025_01.jpg
VGGFace2,n000024,Abbey_Clancy,0026_01.jpg,vggface2_balanced_100_100/n000024/0026_01.jpg
VGGFace2,n000024,Abbey_Clancy,0027_01.jpg,vggface2_balanced_100_100/n000024/0027_01.jpg
VGGFace2,n000024,Abbey_Clancy,0028_01.jpg,vggface2_balanced_100_100/n000024/0028_01.jpg
VGGFace2,n000024,Abbey_Clancy,0029_01.jpg,vggface2_balanced_100_100/n000024/0029_01.jpg
VGGFace2,n000024,Abbey_Clancy,0030_01.jpg,vggface2_balanced_100_100/n000024/0030_01.jpg
VGGFace2,n000024,Abbey_Clancy,0031_01.jpg,vggface2_balanced_100_100/n000024/0031_01.jpg
VGGFace2,n000024,Abbey_Clancy,0032_01.jpg,vggface2_balanced_100_100/n000024/0032_01.jpg
VGGFace2,n000024,Abbey_Clancy,0033_01.jpg,vggface2_balanced_100_100/n000024/0033_01.jpg
VGGFace2,n000024,Abbey_Clancy,0034_01.jpg,vggface2_balanced_100_100/n000024/0034_01.jpg
VGGFace2,n000024,Abbey_Clancy,0035_01.jpg,vggface2_balanced_100_100/n000024/0035_01.jpg
VGGFace2,n000024,Abbey_Clancy,0036_02.jpg,vggface2_balanced_100_100/n000024/0036_02.jpg
VGGFace2,n000024,Abbey_Clancy,0037_01.jpg,vggface2_balanced_100_100/n000024/0037_01.jpg
VGGFace2,n000024,Abbey_Clancy,0038_01.jpg,vggface2_balanced_100_100/n000024/0038_01.jpg
VGGFace2,n000024,Abbey_Clancy,0039_01.jpg,vggface2_balanced_100_100/n000024/0039_01.jpg
VGGFace2,n000024,Abbey_Clancy,0040_01.jpg,vggface2_balanced_100_100/n000024/0040_01.jpg
VGGFace2,n000024,Abbey_Clancy,0041_01.jpg,vggface2_balanced_100_100/n000024/0041_01.jpg
VGGFace2,n000024,Abbey_Clancy,0042_02.jpg,vggface2_balanced_100_100/n000024/0042_02.jpg
VGGFace2,n000024,Abbey_Clancy,0043_01.jpg,vggface2_balanced_100_100/n000024/0043_01.jpg
VGGFace2,n000024,Abbey_Clancy,0043_02.jpg,vggface2_balanced_100_100/n000024/0043_02.jpg
VGGFace2,n000024,Abbey_Clancy,0044_01.jpg,vggface2_balanced_100_100/n000024/0044_01.jpg
VGGFace2,n000024,Abbey_Clancy,0044_02.jpg,vggface2_balanced_100_100/n000024/0044_02.jpg
VGGFace2,n000024,Abbey_Clancy,0045_01.jpg,vggface2_balanced_100_100/n000024/0045_01.jpg
VGGFace2,n000024,Abbey_Clancy,0046_02.jpg,vggface2_balanced_100_100/n000024/0046_02.jpg
VGGFace2,n000024,Abbey_Clancy,0047_01.jpg,vggface2_balanced_100_100/n000024/0047_01.jpg
VGGFace2,n000024,Abbey_Clancy,0048_01.jpg,vggface2_balanced_100_100/n000024/0048_01.jpg
VGGFace2,n000024,Abbey_Clancy,0049_01.jpg,vggface2_balanced_100_100/n000024/0049_01.jpg
VGGFace2,n000024,Abbey_Clancy,0050_02.jpg,vggface2_balanced_100_100/n000024/0050_02.jpg
VGGFace2,n000024,Abbey_Clancy,0051_01.jpg,vggface2_balanced_100_100/n000024/0051_01.jpg
VGGFace2,n000024,Abbey_Clancy,0052_01.jpg,vggface2_balanced_100_100/n000024/0052_01.jpg
VGGFace2,n000024,Abbey_Clancy,0053_01.jpg,vggface2_balanced_100_100/n000024/0053_01.jpg
VGGFace2,n000024,Abbey_Clancy,0054_01.jpg,vggface2_balanced_100_100/n000024/0054_01.jpg
VGGFace2,n000024,Abbey_Clancy,0055_01.jpg,vggface2_balanced_100_100/n000024/0055_01.jpg
VGGFace2,n000024,Abbey_Clancy,0056_01.jpg,vggface2_balanced_100_100/n000024/0056_01.jpg
VGGFace2,n000024,Abbey_Clancy,0057_01.jpg,vggface2_balanced_100_100/n000024/0057_01.jpg
VGGFace2,n000024,Abbey_Clancy,0058_01.jpg,vggface2_balanced_100_100/n000024/0058_01.jpg
VGGFace2,n000024,Abbey_Clancy,0059_01.jpg,vggface2_balanced_100_100/n000024/0059_01.jpg
VGGFace2,n000024,Abbey_Clancy,0060_01.jpg,vggface2_balanced_100_100/n000024/0060_01.jpg
VGGFace2,n000024,Abbey_Clancy,0061_01.jpg,vggface2_balanced_100_100/n000024/0061_01.jpg
VGGFace2,n000024,Abbey_Clancy,0062_01.jpg,vggface2_balanced_100_100/n000024/0062_01.jpg
VGGFace2,n000024,Abbey_Clancy,0063_01.jpg,vggface2_balanced_100_100/n000024/0063_01.jpg
VGGFace2,n000024,Abbey_Clancy,0064_01.jpg,vggface2_balanced_100_100/n000024/0064_01.jpg
VGGFace2,n000024,Abbey_Clancy,0065_02.jpg,vggface2_balanced_100_100/n000024/0065_02.jpg
VGGFace2,n000024,Abbey_Clancy,0066_01.jpg,vggface2_balanced_100_100/n000024/0066_01.jpg
VGGFace2,n000024,Abbey_Clancy,0067_01.jpg,vggface2_balanced_100_100/n000024/0067_01.jpg
VGGFace2,n000024,Abbey_Clancy,0068_01.jpg,vggface2_balanced_100_100/n000024/0068_01.jpg
VGGFace2,n000024,Abbey_Clancy,0069_01.jpg,vggface2_balanced_100_100/n000024/0069_01.jpg
VGGFace2,n000024,Abbey_Clancy,0070_01.jpg,vggface2_balanced_100_100/n000024/0070_01.jpg
VGGFace2,n000024,Abbey_Clancy,0071_01.jpg,vggface2_balanced_100_100/n000024/0071_01.jpg
VGGFace2,n000024,Abbey_Clancy,0072_01.jpg,vggface2_balanced_100_100/n000024/0072_01.jpg
VGGFace2,n000024,Abbey_Clancy,0073_01.jpg,vggface2_balanced_100_100/n000024/0073_01.jpg
VGGFace2,n000024,Abbey_Clancy,0074_03.jpg,vggface2_balanced_100_100/n000024/0074_03.jpg
VGGFace2,n000024,Abbey_Clancy,0075_01.jpg,vggface2_balanced_100_100/n000024/0075_01.jpg
VGGFace2,n000024,Abbey_Clancy,0076_04.jpg,vggface2_balanced_100_100/n000024/0076_04.jpg
VGGFace2,n000024,Abbey_Clancy,0077_01.jpg,vggface2_balanced_100_100/n000024/0077_01.jpg
VGGFace2,n000024,Abbey_Clancy,0078_01.jpg,vggface2_balanced_100_100/n000024/0078_01.jpg
VGGFace2,n000024,Abbey_Clancy,0079_01.jpg,vggface2_balanced_100_100/n000024/0079_01.jpg
VGGFace2,n000024,Abbey_Clancy,0080_01.jpg,vggface2_balanced_100_100/n000024/0080_01.jpg
VGGFace2,n000024,Abbey_Clancy,0082_01.jpg,vggface2_balanced_100_100/n000024/0082_01.jpg
VGGFace2,n000024,Abbey_Clancy,0083_01.jpg,vggface2_balanced_100_100/n000024/0083_01.jpg
VGGFace2,n000024,Abbey_Clancy,0084_01.jpg,vggface2_balanced_100_100/n000024/0084_01.jpg
VGGFace2,n000024,Abbey_Clancy,0085_01.jpg,vggface2_balanced_100_100/n000024/0085_01.jpg
VGGFace2,n000024,Abbey_Clancy,0086_01.jpg,vggface2_balanced_100_100/n000024/0086_01.jpg
VGGFace2,n000024,Abbey_Clancy,0087_01.jpg,vggface2_balanced_100_100/n000024/0087_01.jpg
VGGFace2,n000024,Abbey_Clancy,0088_01.jpg,vggface2_balanced_100_100/n000024/0088_01.jpg
VGGFace2,n000024,Abbey_Clancy,0089_01.jpg,vggface2_balanced_100_100/n000024/0089_01.jpg
VGGFace2,n000024,Abbey_Clancy,0090_01.jpg,vggface2_balanced_100_100/n000024/0090_01.jpg
VGGFace2,n000024,Abbey_Clancy,0091_01.jpg,vggface2_balanced_100_100/n000024/0091_01.jpg
VGGFace2,n000024,Abbey_Clancy,0092_01.jpg,vggface2_balanced_100_100/n000024/0092_01.jpg
VGGFace2,n000024,Abbey_Clancy,0093_01.jpg,vggface2_balanced_100_100/n000024/0093_01.jpg
VGGFace2,n000024,Abbey_Clancy,0094_01.jpg,vggface2_balanced_100_100/n000024/0094_01.jpg
VGGFace2,n000024,Abbey_Clancy,0095_01.jpg,vggface2_balanced_100_100/n000024/0095_01.jpg
VGGFace2,n000024,Abbey_Clancy,0096_01.jpg,vggface2_balanced_100_100/n000024/0096_01.jpg
VGGFace2,n000024,Abbey_Clancy,0096_02.jpg,vggface2_balanced_100_100/n000024/0096_02.jpg
VGGFace2,n000024,Abbey_Clancy,0097_06.jpg,vggface2_balanced_100_100/n000024/0097_06.jpg
VGGFace2,n000025,Abby_Elliott,0001_01.jpg,vggface2_balanced_100_100/n000025/0001_01.jpg
VGGFace2,n000025,Abby_Elliott,0002_01.jpg,vggface2_balanced_100_100/n000025/0002_01.jpg
VGGFace2,n000025,Abby_Elliott,0003_01.jpg,vggface2_balanced_100_100/n000025/0003_01.jpg
VGGFace2,n000025,Abby_Elliott,0004_01.jpg,vggface2_balanced_100_100/n000025/0004_01.jpg
VGGFace2,n000025,Abby_Elliott,0005_01.jpg,vggface2_balanced_100_100/n000025/0005_01.jpg
VGGFace2,n000025,Abby_Elliott,0006_01.jpg,vggface2_balanced_100_100/n000025/0006_01.jpg
VGGFace2,n000025,Abby_Elliott,0007_01.jpg,vggface2_balanced_100_100/n000025/0007_01.jpg
VGGFace2,n000025,Abby_Elliott,0008_01.jpg,vggface2_balanced_100_100/n000025/0008_01.jpg
VGGFace2,n000025,Abby_Elliott,0009_01.jpg,vggface2_balanced_100_100/n000025/0009_01.jpg
VGGFace2,n000025,Abby_Elliott,0010_01.jpg,vggface2_balanced_100_100/n000025/0010_01.jpg
VGGFace2,n000025,Abby_Elliott,0011_01.jpg,vggface2_balanced_100_100/n000025/0011_01.jpg
VGGFace2,n000025,Abby_Elliott,0012_01.jpg,vggface2_balanced_100_100/n000025/0012_01.jpg
VGGFace2,n000025,Abby_Elliott,0013_01.jpg,vggface2_balanced_100_100/n000025/0013_01.jpg
VGGFace2,n000025,Abby_Elliott,0014_01.jpg,vggface2_balanced_100_100/n000025/0014_01.jpg
VGGFace2,n000025,Abby_Elliott,0015_01.jpg,vggface2_balanced_100_100/n000025/0015_01.jpg
VGGFace2,n000025,Abby_Elliott,0016_01.jpg,vggface2_balanced_100_100/n000025/0016_01.jpg
VGGFace2,n000025,Abby_Elliott,0017_01.jpg,vggface2_balanced_100_100/n000025/0017_01.jpg
VGGFace2,n000025,Abby_Elliott,0018_01.jpg,vggface2_balanced_100_100/n000025/0018_01.jpg
VGGFace2,n000025,Abby_Elliott,0019_04.jpg,vggface2_balanced_100_100/n000025/0019_04.jpg
VGGFace2,n000025,Abby_Elliott,0020_01.jpg,vggface2_balanced_100_100/n000025/0020_01.jpg
VGGFace2,n000025,Abby_Elliott,0021_02.jpg,vggface2_balanced_100_100/n000025/0021_02.jpg
VGGFace2,n000025,Abby_Elliott,0022_01.jpg,vggface2_balanced_100_100/n000025/0022_01.jpg
VGGFace2,n000025,Abby_Elliott,0023_01.jpg,vggface2_balanced_100_100/n000025/0023_01.jpg
VGGFace2,n000025,Abby_Elliott,0024_01.jpg,vggface2_balanced_100_100/n000025/0024_01.jpg
VGGFace2,n000025,Abby_Elliott,0025_01.jpg,vggface2_balanced_100_100/n000025/0025_01.jpg
VGGFace2,n000025,Abby_Elliott,0026_01.jpg,vggface2_balanced_100_100/n000025/0026_01.jpg
VGGFace2,n000025,Abby_Elliott,0027_01.jpg,vggface2_balanced_100_100/n000025/0027_01.jpg
VGGFace2,n000025,Abby_Elliott,0028_01.jpg,vggface2_balanced_100_100/n000025/0028_01.jpg
VGGFace2,n000025,Abby_Elliott,0029_01.jpg,vggface2_balanced_100_100/n000025/0029_01.jpg
VGGFace2,n000025,Abby_Elliott,0030_02.jpg,vggface2_balanced_100_100/n000025/0030_02.jpg
VGGFace2,n000025,Abby_Elliott,0031_01.jpg,vggface2_balanced_100_100/n000025/0031_01.jpg
VGGFace2,n000025,Abby_Elliott,0032_01.jpg,vggface2_balanced_100_100/n000025/0032_01.jpg
VGGFace2,n000025,Abby_Elliott,0033_01.jpg,vggface2_balanced_100_100/n000025/0033_01.jpg
VGGFace2,n000025,Abby_Elliott,0034_02.jpg,vggface2_balanced_100_100/n000025/0034_02.jpg
VGGFace2,n000025,Abby_Elliott,0035_01.jpg,vggface2_balanced_100_100/n000025/0035_01.jpg
VGGFace2,n000025,Abby_Elliott,0036_01.jpg,vggface2_balanced_100_100/n000025/0036_01.jpg
VGGFace2,n000025,Abby_Elliott,0037_01.jpg,vggface2_balanced_100_100/n000025/0037_01.jpg
VGGFace2,n000025,Abby_Elliott,0038_01.jpg,vggface2_balanced_100_100/n000025/0038_01.jpg
VGGFace2,n000025,Abby_Elliott,0039_01.jpg,vggface2_balanced_100_100/n000025/0039_01.jpg
VGGFace2,n000025,Abby_Elliott,0040_01.jpg,vggface2_balanced_100_100/n000025/0040_01.jpg
VGGFace2,n000025,Abby_Elliott,0041_01.jpg,vggface2_balanced_100_100/n000025/0041_01.jpg
VGGFace2,n000025,Abby_Elliott,0042_01.jpg,vggface2_balanced_100_100/n000025/0042_01.jpg
VGGFace2,n000025,Abby_Elliott,0043_01.jpg,vggface2_balanced_100_100/n000025/0043_01.jpg
VGGFace2,n000025,Abby_Elliott,0044_01.jpg,vggface2_balanced_100_100/n000025/0044_01.jpg
VGGFace2,n000025,Abby_Elliott,0045_02.jpg,vggface2_balanced_100_100/n000025/0045_02.jpg
VGGFace2,n000025,Abby_Elliott,0046_01.jpg,vggface2_balanced_100_100/n000025/0046_01.jpg
VGGFace2,n000025,Abby_Elliott,0047_01.jpg,vggface2_balanced_100_100/n000025/0047_01.jpg
VGGFace2,n000025,Abby_Elliott,0048_01.jpg,vggface2_balanced_100_100/n000025/0048_01.jpg
VGGFace2,n000025,Abby_Elliott,0049_01.jpg,vggface2_balanced_100_100/n000025/0049_01.jpg
VGGFace2,n000025,Abby_Elliott,0050_01.jpg,vggface2_balanced_100_100/n000025/0050_01.jpg
VGGFace2,n000025,Abby_Elliott,0051_02.jpg,vggface2_balanced_100_100/n000025/0051_02.jpg
VGGFace2,n000025,Abby_Elliott,0052_01.jpg,vggface2_balanced_100_100/n000025/0052_01.jpg
VGGFace2,n000025,Abby_Elliott,0053_02.jpg,vggface2_balanced_100_100/n000025/0053_02.jpg
VGGFace2,n000025,Abby_Elliott,0054_01.jpg,vggface2_balanced_100_100/n000025/0054_01.jpg
VGGFace2,n000025,Abby_Elliott,0055_01.jpg,vggface2_balanced_100_100/n000025/0055_01.jpg
VGGFace2,n000025,Abby_Elliott,0056_01.jpg,vggface2_balanced_100_100/n000025/0056_01.jpg
VGGFace2,n000025,Abby_Elliott,0057_01.jpg,vggface2_balanced_100_100/n000025/0057_01.jpg
VGGFace2,n000025,Abby_Elliott,0058_01.jpg,vggface2_balanced_100_100/n000025/0058_01.jpg
VGGFace2,n000025,Abby_Elliott,0059_02.jpg,vggface2_balanced_100_100/n000025/0059_02.jpg
VGGFace2,n000025,Abby_Elliott,0060_01.jpg,vggface2_balanced_100_100/n000025/0060_01.jpg
VGGFace2,n000025,Abby_Elliott,0061_01.jpg,vggface2_balanced_100_100/n000025/0061_01.jpg
VGGFace2,n000025,Abby_Elliott,0062_01.jpg,vggface2_balanced_100_100/n000025/0062_01.jpg
VGGFace2,n000025,Abby_Elliott,0063_01.jpg,vggface2_balanced_100_100/n000025/0063_01.jpg
VGGFace2,n000025,Abby_Elliott,0064_01.jpg,vggface2_balanced_100_100/n000025/0064_01.jpg
VGGFace2,n000025,Abby_Elliott,0065_01.jpg,vggface2_balanced_100_100/n000025/0065_01.jpg
VGGFace2,n000025,Abby_Elliott,0066_01.jpg,vggface2_balanced_100_100/n000025/0066_01.jpg
VGGFace2,n000025,Abby_Elliott,0067_01.jpg,vggface2_balanced_100_100/n000025/0067_01.jpg
VGGFace2,n000025,Abby_Elliott,0068_02.jpg,vggface2_balanced_100_100/n000025/0068_02.jpg
VGGFace2,n000025,Abby_Elliott,0069_01.jpg,vggface2_balanced_100_100/n000025/0069_01.jpg
VGGFace2,n000025,Abby_Elliott,0070_02.jpg,vggface2_balanced_100_100/n000025/0070_02.jpg
VGGFace2,n000025,Abby_Elliott,0071_01.jpg,vggface2_balanced_100_100/n000025/0071_01.jpg
VGGFace2,n000025,Abby_Elliott,0072_01.jpg,vggface2_balanced_100_100/n000025/0072_01.jpg
VGGFace2,n000025,Abby_Elliott,0073_02.jpg,vggface2_balanced_100_100/n000025/0073_02.jpg
VGGFace2,n000025,Abby_Elliott,0074_01.jpg,vggface2_balanced_100_100/n000025/0074_01.jpg
VGGFace2,n000025,Abby_Elliott,0075_02.jpg,vggface2_balanced_100_100/n000025/0075_02.jpg
VGGFace2,n000025,Abby_Elliott,0076_01.jpg,vggface2_balanced_100_100/n000025/0076_01.jpg
VGGFace2,n000025,Abby_Elliott,0077_03.jpg,vggface2_balanced_100_100/n000025/0077_03.jpg
VGGFace2,n000025,Abby_Elliott,0078_03.jpg,vggface2_balanced_100_100/n000025/0078_03.jpg
VGGFace2,n000025,Abby_Elliott,0079_01.jpg,vggface2_balanced_100_100/n000025/0079_01.jpg
VGGFace2,n000025,Abby_Elliott,0080_02.jpg,vggface2_balanced_100_100/n000025/0080_02.jpg
VGGFace2,n000025,Abby_Elliott,0081_01.jpg,vggface2_balanced_100_100/n000025/0081_01.jpg
VGGFace2,n000025,Abby_Elliott,0082_02.jpg,vggface2_balanced_100_100/n000025/0082_02.jpg
VGGFace2,n000025,Abby_Elliott,0083_01.jpg,vggface2_balanced_100_100/n000025/0083_01.jpg
VGGFace2,n000025,Abby_Elliott,0084_01.jpg,vggface2_balanced_100_100/n000025/0084_01.jpg
VGGFace2,n000025,Abby_Elliott,0085_01.jpg,vggface2_balanced_100_100/n000025/0085_01.jpg
VGGFace2,n000025,Abby_Elliott,0086_01.jpg,vggface2_balanced_100_100/n000025/0086_01.jpg
VGGFace2,n000025,Abby_Elliott,0087_01.jpg,vggface2_balanced_100_100/n000025/0087_01.jpg
VGGFace2,n000025,Abby_Elliott,0088_01.jpg,vggface2_balanced_100_100/n000025/0088_01.jpg
VGGFace2,n000025,Abby_Elliott,0089_02.jpg,vggface2_balanced_100_100/n000025/0089_02.jpg
VGGFace2,n000025,Abby_Elliott,0090_01.jpg,vggface2_balanced_100_100/n000025/0090_01.jpg
VGGFace2,n000025,Abby_Elliott,0091_01.jpg,vggface2_balanced_100_100/n000025/0091_01.jpg
VGGFace2,n000025,Abby_Elliott,0092_02.jpg,vggface2_balanced_100_100/n000025/0092_02.jpg
VGGFace2,n000025,Abby_Elliott,0093_02.jpg,vggface2_balanced_100_100/n000025/0093_02.jpg
VGGFace2,n000025,Abby_Elliott,0094_01.jpg,vggface2_balanced_100_100/n000025/0094_01.jpg
VGGFace2,n000025,Abby_Elliott,0095_01.jpg,vggface2_balanced_100_100/n000025/0095_01.jpg
VGGFace2,n000025,Abby_Elliott,0096_08.jpg,vggface2_balanced_100_100/n000025/0096_08.jpg
VGGFace2,n000025,Abby_Elliott,0097_01.jpg,vggface2_balanced_100_100/n000025/0097_01.jpg
VGGFace2,n000025,Abby_Elliott,0098_02.jpg,vggface2_balanced_100_100/n000025/0098_02.jpg
VGGFace2,n000025,Abby_Elliott,0099_02.jpg,vggface2_balanced_100_100/n000025/0099_02.jpg
VGGFace2,n000025,Abby_Elliott,0100_02.jpg,vggface2_balanced_100_100/n000025/0100_02.jpg
VGGFace2,n000026,Abdelaziz_Bouteflika,0001_01.jpg,vggface2_balanced_100_100/n000026/0001_01.jpg
VGGFace2,n000026,Abdelaziz_Bouteflika,0002_01.jpg,vggface2_balanced_100_100/n000026/0002_01.jpg
VGGFace2,n000026,Abdelaziz_Bouteflika,0003_01.jpg,vggface2_balanced_100_100/n000026/0003_01.jpg
VGGFace2,n000026,Abdelaziz_Bouteflika,0004_01.jpg,vggface2_balanced_100_100/n000026/0004_01.jpg
VGGFace2,n000026,Abdelaziz_Bouteflika,0005_01.jpg,vggface2_balanced_100_100/n000026/0005_01.jpg
VGGFace2,n000026,Abdelaziz_Bouteflika,0006_01.jpg,vggface2_balanced_100_100/n000026/0006_01.jpg
VGGFace2,n000026,Abdelaziz_Bouteflika,0007_01.jpg,vggface2_balanced_100_100/n000026/0007_01.jpg
VGGFace2,n000026,Abdelaziz_Bouteflika,0008_03.jpg,vggface2_balanced_100_100/n000026/0008_03.jpg
VGGFace2,n000026,Abdelaziz_Bouteflika,0009_01.jpg,vggface2_balanced_100_100/n000026/0009_01.jpg
VGGFace2,n000026,Abdelaziz_Bouteflika,0010_01.jpg,vggface2_balanced_100_100/n000026/0010_01.jpg
VGGFace2,n000026,Abdelaziz_Bouteflika,0011_01.jpg,vggface2_balanced_100_100/n000026/0011_01.jpg
VGGFace2,n000026,Abdelaziz_Bouteflika,0012_01.jpg,vggface2_balanced_100_100/n000026/0012_01.jpg
VGGFace2,n000026,Abdelaziz_Bouteflika,0013_01.jpg,vggface2_balanced_100_100/n000026/0013_01.jpg
VGGFace2,n000026,Abdelaziz_Bouteflika,0013_02.jpg,vggface2_balanced_100_100/n000026/0013_02.jpg
VGGFace2,n000026,Abdelaziz_Bouteflika,0014_01.jpg,vggface2_balanced_100_100/n000026/0014_01.jpg
VGGFace2,n000026,Abdelaziz_Bouteflika,0015_01.jpg,vggface2_balanced_100_100/n000026/0015_01.jpg
VGGFace2,n000026,Abdelaziz_Bouteflika,0016_01.jpg,vggface2_balanced_100_100/n000026/0016_01.jpg
VGGFace2,n000026,Abdelaziz_Bouteflika,0017_02.jpg,vggface2_balanced_100_100/n000026/0017_02.jpg
VGGFace2,n000026,Abdelaziz_Bouteflika,0018_01.jpg,vggface2_balanced_100_100/n000026/0018_01.jpg
VGGFace2,n000026,Abdelaziz_Bouteflika,0019_01.jpg,vggface2_balanced_100_100/n000026/0019_01.jpg
VGGFace2,n000026,Abdelaziz_Bouteflika,0020_01.jpg,vggface2_balanced_100_100/n000026/0020_01.jpg
VGGFace2,n000026,Abdelaziz_Bouteflika,0021_01.jpg,vggface2_balanced_100_100/n000026/0021_01.jpg
VGGFace2,n000026,Abdelaziz_Bouteflika,0022_01.jpg,vggface2_balanced_100_100/n000026/0022_01.jpg
VGGFace2,n000026,Abdelaziz_Bouteflika,0023_01.jpg,vggface2_balanced_100_100/n000026/0023_01.jpg
VGGFace2,n000026,Abdelaziz_Bouteflika,0024_01.jpg,vggface2_balanced_100_100/n000026/0024_01.jpg
VGGFace2,n000026,Abdelaziz_Bouteflika,0025_01.jpg,vggface2_balanced_100_100/n000026/0025_01.jpg
VGGFace2,n000026,Abdelaziz_Bouteflika,0026_01.jpg,vggface2_balanced_100_100/n000026/0026_01.jpg
VGGFace2,n000026,Abdelaziz_Bouteflika,0027_04.jpg,vggface2_balanced_100_100/n000026/0027_04.jpg
VGGFace2,n000026,Abdelaziz_Bouteflika,0028_01.jpg,vggface2_balanced_100_100/n000026/0028_01.jpg
VGGFace2,n000026,Abdelaziz_Bouteflika,0029_01.jpg,vggface2_balanced_100_100/n000026/0029_01.jpg
VGGFace2,n000026,Abdelaziz_Bouteflika,0030_01.jpg,vggface2_balanced_100_100/n000026/0030_01.jpg
VGGFace2,n000026,Abdelaziz_Bouteflika,0031_01.jpg,vggface2_balanced_100_100/n000026/0031_01.jpg
VGGFace2,n000026,Abdelaziz_Bouteflika,0032_01.jpg,vggface2_balanced_100_100/n000026/0032_01.jpg
VGGFace2,n000026,Abdelaziz_Bouteflika,0033_01.jpg,vggface2_balanced_100_100/n000026/0033_01.jpg
VGGFace2,n000026,Abdelaziz_Bouteflika,0034_01.jpg,vggface2_balanced_100_100/n000026/0034_01.jpg
VGGFace2,n000026,Abdelaziz_Bouteflika,0035_01.jpg,vggface2_balanced_100_100/n000026/0035_01.jpg
VGGFace2,n000026,Abdelaziz_Bouteflika,0036_01.jpg,vggface2_balanced_100_100/n000026/0036_01.jpg
VGGFace2,n000026,Abdelaziz_Bouteflika,0037_03.jpg,vggface2_balanced_100_100/n000026/0037_03.jpg
VGGFace2,n000026,Abdelaziz_Bouteflika,0038_01.jpg,vggface2_balanced_100_100/n000026/0038_01.jpg
VGGFace2,n000026,Abdelaziz_Bouteflika,0039_01.jpg,vggface2_balanced_100_100/n000026/0039_01.jpg
VGGFace2,n000026,Abdelaziz_Bouteflika,0040_01.jpg,vggface2_balanced_100_100/n000026/0040_01.jpg
VGGFace2,n000026,Abdelaziz_Bouteflika,0041_01.jpg,vggface2_balanced_100_100/n000026/0041_01.jpg
VGGFace2,n000026,Abdelaziz_Bouteflika,0042_01.jpg,vggface2_balanced_100_100/n000026/0042_01.jpg
VGGFace2,n000026,Abdelaziz_Bouteflika,0043_01.jpg,vggface2_balanced_100_100/n000026/0043_01.jpg
VGGFace2,n000026,Abdelaziz_Bouteflika,0044_01.jpg,vggface2_balanced_100_100/n000026/0044_01.jpg
VGGFace2,n000026,Abdelaziz_Bouteflika,0045_01.jpg,vggface2_balanced_100_100/n000026/0045_01.jpg
VGGFace2,n000026,Abdelaziz_Bouteflika,0046_01.jpg,vggface2_balanced_100_100/n000026/0046_01.jpg
VGGFace2,n000026,Abdelaziz_Bouteflika,0046_02.jpg,vggface2_balanced_100_100/n000026/0046_02.jpg
VGGFace2,n000026,Abdelaziz_Bouteflika,0047_01.jpg,vggface2_balanced_100_100/n000026/0047_01.jpg
VGGFace2,n000026,Abdelaziz_Bouteflika,0048_03.jpg,vggface2_balanced_100_100/n000026/0048_03.jpg
VGGFace2,n000026,Abdelaziz_Bouteflika,0049_01.jpg,vggface2_balanced_100_100/n000026/0049_01.jpg
VGGFace2,n000026,Abdelaziz_Bouteflika,0050_01.jpg,vggface2_balanced_100_100/n000026/0050_01.jpg
VGGFace2,n000026,Abdelaziz_Bouteflika,0051_04.jpg,vggface2_balanced_100_100/n000026/0051_04.jpg
VGGFace2,n000026,Abdelaziz_Bouteflika,0052_01.jpg,vggface2_balanced_100_100/n000026/0052_01.jpg
VGGFace2,n000026,Abdelaziz_Bouteflika,0053_02.jpg,vggface2_balanced_100_100/n000026/0053_02.jpg
VGGFace2,n000026,Abdelaziz_Bouteflika,0054_01.jpg,vggface2_balanced_100_100/n000026/0054_01.jpg
VGGFace2,n000026,Abdelaziz_Bouteflika,0055_03.jpg,vggface2_balanced_100_100/n000026/0055_03.jpg
VGGFace2,n000026,Abdelaziz_Bouteflika,0056_02.jpg,vggface2_balanced_100_100/n000026/0056_02.jpg
VGGFace2,n000026,Abdelaziz_Bouteflika,0057_01.jpg,vggface2_balanced_100_100/n000026/0057_01.jpg
VGGFace2,n000026,Abdelaziz_Bouteflika,0058_01.jpg,vggface2_balanced_100_100/n000026/0058_01.jpg
VGGFace2,n000026,Abdelaziz_Bouteflika,0059_01.jpg,vggface2_balanced_100_100/n000026/0059_01.jpg
VGGFace2,n000026,Abdelaziz_Bouteflika,0060_01.jpg,vggface2_balanced_100_100/n000026/0060_01.jpg
VGGFace2,n000026,Abdelaziz_Bouteflika,0061_03.jpg,vggface2_balanced_100_100/n000026/0061_03.jpg
VGGFace2,n000026,Abdelaziz_Bouteflika,0062_01.jpg,vggface2_balanced_100_100/n000026/0062_01.jpg
VGGFace2,n000026,Abdelaziz_Bouteflika,0063_06.jpg,vggface2_balanced_100_100/n000026/0063_06.jpg
VGGFace2,n000026,Abdelaziz_Bouteflika,0064_01.jpg,vggface2_balanced_100_100/n000026/0064_01.jpg
VGGFace2,n000026,Abdelaziz_Bouteflika,0065_01.jpg,vggface2_balanced_100_100/n000026/0065_01.jpg
VGGFace2,n000026,Abdelaziz_Bouteflika,0066_01.jpg,vggface2_balanced_100_100/n000026/0066_01.jpg
VGGFace2,n000026,Abdelaziz_Bouteflika,0067_01.jpg,vggface2_balanced_100_100/n000026/0067_01.jpg
VGGFace2,n000026,Abdelaziz_Bouteflika,0068_04.jpg,vggface2_balanced_100_100/n000026/0068_04.jpg
VGGFace2,n000026,Abdelaziz_Bouteflika,0069_01.jpg,vggface2_balanced_100_100/n000026/0069_01.jpg
VGGFace2,n000026,Abdelaziz_Bouteflika,0070_01.jpg,vggface2_balanced_100_100/n000026/0070_01.jpg
VGGFace2,n000026,Abdelaziz_Bouteflika,0071_01.jpg,vggface2_balanced_100_100/n000026/0071_01.jpg
VGGFace2,n000026,Abdelaziz_Bouteflika,0072_01.jpg,vggface2_balanced_100_100/n000026/0072_01.jpg
VGGFace2,n000026,Abdelaziz_Bouteflika,0073_01.jpg,vggface2_balanced_100_100/n000026/0073_01.jpg
VGGFace2,n000026,Abdelaziz_Bouteflika,0074_02.jpg,vggface2_balanced_100_100/n000026/0074_02.jpg
VGGFace2,n000026,Abdelaziz_Bouteflika,0075_01.jpg,vggface2_balanced_100_100/n000026/0075_01.jpg
VGGFace2,n000026,Abdelaziz_Bouteflika,0076_02.jpg,vggface2_balanced_100_100/n000026/0076_02.jpg
VGGFace2,n000026,Abdelaziz_Bouteflika,0077_01.jpg,vggface2_balanced_100_100/n000026/0077_01.jpg
VGGFace2,n000026,Abdelaziz_Bouteflika,0078_01.jpg,vggface2_balanced_100_100/n000026/0078_01.jpg
VGGFace2,n000026,Abdelaziz_Bouteflika,0079_01.jpg,vggface2_balanced_100_100/n000026/0079_01.jpg
VGGFace2,n000026,Abdelaziz_Bouteflika,0080_01.jpg,vggface2_balanced_100_100/n000026/0080_01.jpg
VGGFace2,n000026,Abdelaziz_Bouteflika,0081_01.jpg,vggface2_balanced_100_100/n000026/0081_01.jpg
VGGFace2,n000026,Abdelaziz_Bouteflika,0082_02.jpg,vggface2_balanced_100_100/n000026/0082_02.jpg
VGGFace2,n000026,Abdelaziz_Bouteflika,0083_01.jpg,vggface2_balanced_100_100/n000026/0083_01.jpg
VGGFace2,n000026,Abdelaziz_Bouteflika,0084_01.jpg,vggface2_balanced_100_100/n000026/0084_01.jpg
VGGFace2,n000026,Abdelaziz_Bouteflika,0085_01.jpg,vggface2_balanced_100_100/n000026/0085_01.jpg
VGGFace2,n000026,Abdelaziz_Bouteflika,0086_01.jpg,vggface2_balanced_100_100/n000026/0086_01.jpg
VGGFace2,n000026,Abdelaziz_Bouteflika,0087_01.jpg,vggface2_balanced_100_100/n000026/0087_01.jpg
VGGFace2,n000026,Abdelaziz_Bouteflika,0088_01.jpg,vggface2_balanced_100_100/n000026/0088_01.jpg
VGGFace2,n000026,Abdelaziz_Bouteflika,0089_01.jpg,vggface2_balanced_100_100/n000026/0089_01.jpg
VGGFace2,n000026,Abdelaziz_Bouteflika,0090_02.jpg,vggface2_balanced_100_100/n000026/0090_02.jpg
VGGFace2,n000026,Abdelaziz_Bouteflika,0091_01.jpg,vggface2_balanced_100_100/n000026/0091_01.jpg
VGGFace2,n000026,Abdelaziz_Bouteflika,0092_04.jpg,vggface2_balanced_100_100/n000026/0092_04.jpg
VGGFace2,n000026,Abdelaziz_Bouteflika,0093_01.jpg,vggface2_balanced_100_100/n000026/0093_01.jpg
VGGFace2,n000026,Abdelaziz_Bouteflika,0094_01.jpg,vggface2_balanced_100_100/n000026/0094_01.jpg
VGGFace2,n000026,Abdelaziz_Bouteflika,0095_01.jpg,vggface2_balanced_100_100/n000026/0095_01.jpg
VGGFace2,n000026,Abdelaziz_Bouteflika,0096_05.jpg,vggface2_balanced_100_100/n000026/0096_05.jpg
VGGFace2,n000026,Abdelaziz_Bouteflika,0097_02.jpg,vggface2_balanced_100_100/n000026/0097_02.jpg
VGGFace2,n000026,Abdelaziz_Bouteflika,0098_01.jpg,vggface2_balanced_100_100/n000026/0098_01.jpg
VGGFace2,n000027,Abdul_Hadi_Awang,0001_01.jpg,vggface2_balanced_100_100/n000027/0001_01.jpg
VGGFace2,n000027,Abdul_Hadi_Awang,0002_01.jpg,vggface2_balanced_100_100/n000027/0002_01.jpg
VGGFace2,n000027,Abdul_Hadi_Awang,0003_01.jpg,vggface2_balanced_100_100/n000027/0003_01.jpg
VGGFace2,n000027,Abdul_Hadi_Awang,0004_01.jpg,vggface2_balanced_100_100/n000027/0004_01.jpg
VGGFace2,n000027,Abdul_Hadi_Awang,0005_01.jpg,vggface2_balanced_100_100/n000027/0005_01.jpg
VGGFace2,n000027,Abdul_Hadi_Awang,0005_02.jpg,vggface2_balanced_100_100/n000027/0005_02.jpg
VGGFace2,n000027,Abdul_Hadi_Awang,0006_01.jpg,vggface2_balanced_100_100/n000027/0006_01.jpg
VGGFace2,n000027,Abdul_Hadi_Awang,0007_01.jpg,vggface2_balanced_100_100/n000027/0007_01.jpg
VGGFace2,n000027,Abdul_Hadi_Awang,0008_01.jpg,vggface2_balanced_100_100/n000027/0008_01.jpg
VGGFace2,n000027,Abdul_Hadi_Awang,0009_01.jpg,vggface2_balanced_100_100/n000027/0009_01.jpg
VGGFace2,n000027,Abdul_Hadi_Awang,0010_01.jpg,vggface2_balanced_100_100/n000027/0010_01.jpg
VGGFace2,n000027,Abdul_Hadi_Awang,0011_01.jpg,vggface2_balanced_100_100/n000027/0011_01.jpg
VGGFace2,n000027,Abdul_Hadi_Awang,0011_02.jpg,vggface2_balanced_100_100/n000027/0011_02.jpg
VGGFace2,n000027,Abdul_Hadi_Awang,0012_01.jpg,vggface2_balanced_100_100/n000027/0012_01.jpg
VGGFace2,n000027,Abdul_Hadi_Awang,0013_01.jpg,vggface2_balanced_100_100/n000027/0013_01.jpg
VGGFace2,n000027,Abdul_Hadi_Awang,0014_01.jpg,vggface2_balanced_100_100/n000027/0014_01.jpg
VGGFace2,n000027,Abdul_Hadi_Awang,0015_01.jpg,vggface2_balanced_100_100/n000027/0015_01.jpg
VGGFace2,n000027,Abdul_Hadi_Awang,0016_01.jpg,vggface2_balanced_100_100/n000027/0016_01.jpg
VGGFace2,n000027,Abdul_Hadi_Awang,0017_01.jpg,vggface2_balanced_100_100/n000027/0017_01.jpg
VGGFace2,n000027,Abdul_Hadi_Awang,0018_01.jpg,vggface2_balanced_100_100/n000027/0018_01.jpg
VGGFace2,n000027,Abdul_Hadi_Awang,0019_01.jpg,vggface2_balanced_100_100/n000027/0019_01.jpg
VGGFace2,n000027,Abdul_Hadi_Awang,0020_01.jpg,vggface2_balanced_100_100/n000027/0020_01.jpg
VGGFace2,n000027,Abdul_Hadi_Awang,0021_01.jpg,vggface2_balanced_100_100/n000027/0021_01.jpg
VGGFace2,n000027,Abdul_Hadi_Awang,0022_01.jpg,vggface2_balanced_100_100/n000027/0022_01.jpg
VGGFace2,n000027,Abdul_Hadi_Awang,0023_01.jpg,vggface2_balanced_100_100/n000027/0023_01.jpg
VGGFace2,n000027,Abdul_Hadi_Awang,0023_02.jpg,vggface2_balanced_100_100/n000027/0023_02.jpg
VGGFace2,n000027,Abdul_Hadi_Awang,0023_03.jpg,vggface2_balanced_100_100/n000027/0023_03.jpg
VGGFace2,n000027,Abdul_Hadi_Awang,0023_04.jpg,vggface2_balanced_100_100/n000027/0023_04.jpg
VGGFace2,n000027,Abdul_Hadi_Awang,0023_05.jpg,vggface2_balanced_100_100/n000027/0023_05.jpg
VGGFace2,n000027,Abdul_Hadi_Awang,0023_06.jpg,vggface2_balanced_100_100/n000027/0023_06.jpg
VGGFace2,n000027,Abdul_Hadi_Awang,0023_07.jpg,vggface2_balanced_100_100/n000027/0023_07.jpg
VGGFace2,n000027,Abdul_Hadi_Awang,0023_08.jpg,vggface2_balanced_100_100/n000027/0023_08.jpg
VGGFace2,n000027,Abdul_Hadi_Awang,0023_09.jpg,vggface2_balanced_100_100/n000027/0023_09.jpg
VGGFace2,n000027,Abdul_Hadi_Awang,0023_10.jpg,vggface2_balanced_100_100/n000027/0023_10.jpg
VGGFace2,n000027,Abdul_Hadi_Awang,0024_01.jpg,vggface2_balanced_100_100/n000027/0024_01.jpg
VGGFace2,n000027,Abdul_Hadi_Awang,0025_01.jpg,vggface2_balanced_100_100/n000027/0025_01.jpg
VGGFace2,n000027,Abdul_Hadi_Awang,0026_01.jpg,vggface2_balanced_100_100/n000027/0026_01.jpg
VGGFace2,n000027,Abdul_Hadi_Awang,0027_01.jpg,vggface2_balanced_100_100/n000027/0027_01.jpg
VGGFace2,n000027,Abdul_Hadi_Awang,0028_01.jpg,vggface2_balanced_100_100/n000027/0028_01.jpg
VGGFace2,n000027,Abdul_Hadi_Awang,0029_01.jpg,vggface2_balanced_100_100/n000027/0029_01.jpg
VGGFace2,n000027,Abdul_Hadi_Awang,0030_02.jpg,vggface2_balanced_100_100/n000027/0030_02.jpg
VGGFace2,n000027,Abdul_Hadi_Awang,0031_01.jpg,vggface2_balanced_100_100/n000027/0031_01.jpg
VGGFace2,n000027,Abdul_Hadi_Awang,0032_02.jpg,vggface2_balanced_100_100/n000027/0032_02.jpg
VGGFace2,n000027,Abdul_Hadi_Awang,0032_03.jpg,vggface2_balanced_100_100/n000027/0032_03.jpg
VGGFace2,n000027,Abdul_Hadi_Awang,0032_05.jpg,vggface2_balanced_100_100/n000027/0032_05.jpg
VGGFace2,n000027,Abdul_Hadi_Awang,0033_01.jpg,vggface2_balanced_100_100/n000027/0033_01.jpg
VGGFace2,n000027,Abdul_Hadi_Awang,0034_01.jpg,vggface2_balanced_100_100/n000027/0034_01.jpg
VGGFace2,n000027,Abdul_Hadi_Awang,0035_01.jpg,vggface2_balanced_100_100/n000027/0035_01.jpg
VGGFace2,n000027,Abdul_Hadi_Awang,0036_01.jpg,vggface2_balanced_100_100/n000027/0036_01.jpg
VGGFace2,n000027,Abdul_Hadi_Awang,0037_01.jpg,vggface2_balanced_100_100/n000027/0037_01.jpg
VGGFace2,n000027,Abdul_Hadi_Awang,0038_01.jpg,vggface2_balanced_100_100/n000027/0038_01.jpg
VGGFace2,n000027,Abdul_Hadi_Awang,0039_01.jpg,vggface2_balanced_100_100/n000027/0039_01.jpg
VGGFace2,n000027,Abdul_Hadi_Awang,0040_01.jpg,vggface2_balanced_100_100/n000027/0040_01.jpg
VGGFace2,n000027,Abdul_Hadi_Awang,0041_01.jpg,vggface2_balanced_100_100/n000027/0041_01.jpg
VGGFace2,n000027,Abdul_Hadi_Awang,0042_01.jpg,vggface2_balanced_100_100/n000027/0042_01.jpg
VGGFace2,n000027,Abdul_Hadi_Awang,0043_01.jpg,vggface2_balanced_100_100/n000027/0043_01.jpg
VGGFace2,n000027,Abdul_Hadi_Awang,0044_01.jpg,vggface2_balanced_100_100/n000027/0044_01.jpg
VGGFace2,n000027,Abdul_Hadi_Awang,0044_02.jpg,vggface2_balanced_100_100/n000027/0044_02.jpg
VGGFace2,n000027,Abdul_Hadi_Awang,0045_01.jpg,vggface2_balanced_100_100/n000027/0045_01.jpg
VGGFace2,n000027,Abdul_Hadi_Awang,0046_01.jpg,vggface2_balanced_100_100/n000027/0046_01.jpg
VGGFace2,n000027,Abdul_Hadi_Awang,0047_01.jpg,vggface2_balanced_100_100/n000027/0047_01.jpg
VGGFace2,n000027,Abdul_Hadi_Awang,0048_01.jpg,vggface2_balanced_100_100/n000027/0048_01.jpg
VGGFace2,n000027,Abdul_Hadi_Awang,0049_01.jpg,vggface2_balanced_100_100/n000027/0049_01.jpg
VGGFace2,n000027,Abdul_Hadi_Awang,0049_02.jpg,vggface2_balanced_100_100/n000027/0049_02.jpg
VGGFace2,n000027,Abdul_Hadi_Awang,0050_01.jpg,vggface2_balanced_100_100/n000027/0050_01.jpg
VGGFace2,n000027,Abdul_Hadi_Awang,0051_01.jpg,vggface2_balanced_100_100/n000027/0051_01.jpg
VGGFace2,n000027,Abdul_Hadi_Awang,0052_01.jpg,vggface2_balanced_100_100/n000027/0052_01.jpg
VGGFace2,n000027,Abdul_Hadi_Awang,0053_01.jpg,vggface2_balanced_100_100/n000027/0053_01.jpg
VGGFace2,n000027,Abdul_Hadi_Awang,0054_01.jpg,vggface2_balanced_100_100/n000027/0054_01.jpg
VGGFace2,n000027,Abdul_Hadi_Awang,0055_01.jpg,vggface2_balanced_100_100/n000027/0055_01.jpg
VGGFace2,n000027,Abdul_Hadi_Awang,0056_01.jpg,vggface2_balanced_100_100/n000027/0056_01.jpg
VGGFace2,n000027,Abdul_Hadi_Awang,0057_01.jpg,vggface2_balanced_100_100/n000027/0057_01.jpg
VGGFace2,n000027,Abdul_Hadi_Awang,0058_01.jpg,vggface2_balanced_100_100/n000027/0058_01.jpg
VGGFace2,n000027,Abdul_Hadi_Awang,0059_01.jpg,vggface2_balanced_100_100/n000027/0059_01.jpg
VGGFace2,n000027,Abdul_Hadi_Awang,0059_02.jpg,vggface2_balanced_100_100/n000027/0059_02.jpg
VGGFace2,n000027,Abdul_Hadi_Awang,0060_01.jpg,vggface2_balanced_100_100/n000027/0060_01.jpg
VGGFace2,n000027,Abdul_Hadi_Awang,0061_01.jpg,vggface2_balanced_100_100/n000027/0061_01.jpg
VGGFace2,n000027,Abdul_Hadi_Awang,0062_01.jpg,vggface2_balanced_100_100/n000027/0062_01.jpg
VGGFace2,n000027,Abdul_Hadi_Awang,0063_01.jpg,vggface2_balanced_100_100/n000027/0063_01.jpg
VGGFace2,n000027,Abdul_Hadi_Awang,0064_01.jpg,vggface2_balanced_100_100/n000027/0064_01.jpg
VGGFace2,n000027,Abdul_Hadi_Awang,0065_01.jpg,vggface2_balanced_100_100/n000027/0065_01.jpg
VGGFace2,n000027,Abdul_Hadi_Awang,0066_01.jpg,vggface2_balanced_100_100/n000027/0066_01.jpg
VGGFace2,n000027,Abdul_Hadi_Awang,0067_02.jpg,vggface2_balanced_100_100/n000027/0067_02.jpg
VGGFace2,n000027,Abdul_Hadi_Awang,0068_01.jpg,vggface2_balanced_100_100/n000027/0068_01.jpg
VGGFace2,n000027,Abdul_Hadi_Awang,0069_01.jpg,vggface2_balanced_100_100/n000027/0069_01.jpg
VGGFace2,n000027,Abdul_Hadi_Awang,0070_01.jpg,vggface2_balanced_100_100/n000027/0070_01.jpg
VGGFace2,n000027,Abdul_Hadi_Awang,0070_02.jpg,vggface2_balanced_100_100/n000027/0070_02.jpg
VGGFace2,n000027,Abdul_Hadi_Awang,0071_01.jpg,vggface2_balanced_100_100/n000027/0071_01.jpg
VGGFace2,n000027,Abdul_Hadi_Awang,0072_01.jpg,vggface2_balanced_100_100/n000027/0072_01.jpg
VGGFace2,n000027,Abdul_Hadi_Awang,0073_01.jpg,vggface2_balanced_100_100/n000027/0073_01.jpg
VGGFace2,n000027,Abdul_Hadi_Awang,0074_02.jpg,vggface2_balanced_100_100/n000027/0074_02.jpg
VGGFace2,n000027,Abdul_Hadi_Awang,0075_01.jpg,vggface2_balanced_100_100/n000027/0075_01.jpg
VGGFace2,n000027,Abdul_Hadi_Awang,0076_04.jpg,vggface2_balanced_100_100/n000027/0076_04.jpg
VGGFace2,n000027,Abdul_Hadi_Awang,0078_01.jpg,vggface2_balanced_100_100/n000027/0078_01.jpg
VGGFace2,n000027,Abdul_Hadi_Awang,0079_01.jpg,vggface2_balanced_100_100/n000027/0079_01.jpg
VGGFace2,n000027,Abdul_Hadi_Awang,0080_01.jpg,vggface2_balanced_100_100/n000027/0080_01.jpg
VGGFace2,n000027,Abdul_Hadi_Awang,0081_01.jpg,vggface2_balanced_100_100/n000027/0081_01.jpg
VGGFace2,n000027,Abdul_Hadi_Awang,0082_01.jpg,vggface2_balanced_100_100/n000027/0082_01.jpg
VGGFace2,n000027,Abdul_Hadi_Awang,0083_01.jpg,vggface2_balanced_100_100/n000027/0083_01.jpg
VGGFace2,n000027,Abdul_Hadi_Awang,0084_02.jpg,vggface2_balanced_100_100/n000027/0084_02.jpg
VGGFace2,n000028,Abdul_Qadeer_Khan,0001_01.jpg,vggface2_balanced_100_100/n000028/0001_01.jpg
VGGFace2,n000028,Abdul_Qadeer_Khan,0002_01.jpg,vggface2_balanced_100_100/n000028/0002_01.jpg
VGGFace2,n000028,Abdul_Qadeer_Khan,0003_01.jpg,vggface2_balanced_100_100/n000028/0003_01.jpg
VGGFace2,n000028,Abdul_Qadeer_Khan,0004_01.jpg,vggface2_balanced_100_100/n000028/0004_01.jpg
VGGFace2,n000028,Abdul_Qadeer_Khan,0005_01.jpg,vggface2_balanced_100_100/n000028/0005_01.jpg
VGGFace2,n000028,Abdul_Qadeer_Khan,0006_01.jpg,vggface2_balanced_100_100/n000028/0006_01.jpg
VGGFace2,n000028,Abdul_Qadeer_Khan,0007_01.jpg,vggface2_balanced_100_100/n000028/0007_01.jpg
VGGFace2,n000028,Abdul_Qadeer_Khan,0008_01.jpg,vggface2_balanced_100_100/n000028/0008_01.jpg
VGGFace2,n000028,Abdul_Qadeer_Khan,0009_01.jpg,vggface2_balanced_100_100/n000028/0009_01.jpg
VGGFace2,n000028,Abdul_Qadeer_Khan,0010_02.jpg,vggface2_balanced_100_100/n000028/0010_02.jpg
VGGFace2,n000028,Abdul_Qadeer_Khan,0011_01.jpg,vggface2_balanced_100_100/n000028/0011_01.jpg
VGGFace2,n000028,Abdul_Qadeer_Khan,0012_14.jpg,vggface2_balanced_100_100/n000028/0012_14.jpg
VGGFace2,n000028,Abdul_Qadeer_Khan,0013_01.jpg,vggface2_balanced_100_100/n000028/0013_01.jpg
VGGFace2,n000028,Abdul_Qadeer_Khan,0014_01.jpg,vggface2_balanced_100_100/n000028/0014_01.jpg
VGGFace2,n000028,Abdul_Qadeer_Khan,0015_01.jpg,vggface2_balanced_100_100/n000028/0015_01.jpg
VGGFace2,n000028,Abdul_Qadeer_Khan,0016_01.jpg,vggface2_balanced_100_100/n000028/0016_01.jpg
VGGFace2,n000028,Abdul_Qadeer_Khan,0016_02.jpg,vggface2_balanced_100_100/n000028/0016_02.jpg
VGGFace2,n000028,Abdul_Qadeer_Khan,0016_04.jpg,vggface2_balanced_100_100/n000028/0016_04.jpg
VGGFace2,n000028,Abdul_Qadeer_Khan,0016_05.jpg,vggface2_balanced_100_100/n000028/0016_05.jpg
VGGFace2,n000028,Abdul_Qadeer_Khan,0017_02.jpg,vggface2_balanced_100_100/n000028/0017_02.jpg
VGGFace2,n000028,Abdul_Qadeer_Khan,0018_01.jpg,vggface2_balanced_100_100/n000028/0018_01.jpg
VGGFace2,n000028,Abdul_Qadeer_Khan,0019_01.jpg,vggface2_balanced_100_100/n000028/0019_01.jpg
VGGFace2,n000028,Abdul_Qadeer_Khan,0019_03.jpg,vggface2_balanced_100_100/n000028/0019_03.jpg
VGGFace2,n000028,Abdul_Qadeer_Khan,0020_02.jpg,vggface2_balanced_100_100/n000028/0020_02.jpg
VGGFace2,n000028,Abdul_Qadeer_Khan,0021_01.jpg,vggface2_balanced_100_100/n000028/0021_01.jpg
VGGFace2,n000028,Abdul_Qadeer_Khan,0022_01.jpg,vggface2_balanced_100_100/n000028/0022_01.jpg
VGGFace2,n000028,Abdul_Qadeer_Khan,0023_01.jpg,vggface2_balanced_100_100/n000028/0023_01.jpg
VGGFace2,n000028,Abdul_Qadeer_Khan,0024_01.jpg,vggface2_balanced_100_100/n000028/0024_01.jpg
VGGFace2,n000028,Abdul_Qadeer_Khan,0025_01.jpg,vggface2_balanced_100_100/n000028/0025_01.jpg
VGGFace2,n000028,Abdul_Qadeer_Khan,0026_01.jpg,vggface2_balanced_100_100/n000028/0026_01.jpg
VGGFace2,n000028,Abdul_Qadeer_Khan,0027_01.jpg,vggface2_balanced_100_100/n000028/0027_01.jpg
VGGFace2,n000028,Abdul_Qadeer_Khan,0028_01.jpg,vggface2_balanced_100_100/n000028/0028_01.jpg
VGGFace2,n000028,Abdul_Qadeer_Khan,0029_01.jpg,vggface2_balanced_100_100/n000028/0029_01.jpg
VGGFace2,n000028,Abdul_Qadeer_Khan,0031_01.jpg,vggface2_balanced_100_100/n000028/0031_01.jpg
VGGFace2,n000028,Abdul_Qadeer_Khan,0032_01.jpg,vggface2_balanced_100_100/n000028/0032_01.jpg
VGGFace2,n000028,Abdul_Qadeer_Khan,0033_03.jpg,vggface2_balanced_100_100/n000028/0033_03.jpg
VGGFace2,n000028,Abdul_Qadeer_Khan,0034_01.jpg,vggface2_balanced_100_100/n000028/0034_01.jpg
VGGFace2,n000028,Abdul_Qadeer_Khan,0035_05.jpg,vggface2_balanced_100_100/n000028/0035_05.jpg
VGGFace2,n000028,Abdul_Qadeer_Khan,0036_01.jpg,vggface2_balanced_100_100/n000028/0036_01.jpg
VGGFace2,n000028,Abdul_Qadeer_Khan,0037_01.jpg,vggface2_balanced_100_100/n000028/0037_01.jpg
VGGFace2,n000028,Abdul_Qadeer_Khan,0038_01.jpg,vggface2_balanced_100_100/n000028/0038_01.jpg
VGGFace2,n000028,Abdul_Qadeer_Khan,0039_01.jpg,vggface2_balanced_100_100/n000028/0039_01.jpg
VGGFace2,n000028,Abdul_Qadeer_Khan,0040_04.jpg,vggface2_balanced_100_100/n000028/0040_04.jpg
VGGFace2,n000028,Abdul_Qadeer_Khan,0041_04.jpg,vggface2_balanced_100_100/n000028/0041_04.jpg
VGGFace2,n000028,Abdul_Qadeer_Khan,0041_05.jpg,vggface2_balanced_100_100/n000028/0041_05.jpg
VGGFace2,n000028,Abdul_Qadeer_Khan,0042_01.jpg,vggface2_balanced_100_100/n000028/0042_01.jpg
VGGFace2,n000028,Abdul_Qadeer_Khan,0043_02.jpg,vggface2_balanced_100_100/n000028/0043_02.jpg
VGGFace2,n000028,Abdul_Qadeer_Khan,0043_04.jpg,vggface2_balanced_100_100/n000028/0043_04.jpg
VGGFace2,n000028,Abdul_Qadeer_Khan,0044_01.jpg,vggface2_balanced_100_100/n000028/0044_01.jpg
VGGFace2,n000028,Abdul_Qadeer_Khan,0045_04.jpg,vggface2_balanced_100_100/n000028/0045_04.jpg
VGGFace2,n000028,Abdul_Qadeer_Khan,0046_01.jpg,vggface2_balanced_100_100/n000028/0046_01.jpg
VGGFace2,n000028,Abdul_Qadeer_Khan,0047_01.jpg,vggface2_balanced_100_100/n000028/0047_01.jpg
VGGFace2,n000028,Abdul_Qadeer_Khan,0048_01.jpg,vggface2_balanced_100_100/n000028/0048_01.jpg
VGGFace2,n000028,Abdul_Qadeer_Khan,0049_01.jpg,vggface2_balanced_100_100/n000028/0049_01.jpg
VGGFace2,n000028,Abdul_Qadeer_Khan,0050_01.jpg,vggface2_balanced_100_100/n000028/0050_01.jpg
VGGFace2,n000028,Abdul_Qadeer_Khan,0052_01.jpg,vggface2_balanced_100_100/n000028/0052_01.jpg
VGGFace2,n000028,Abdul_Qadeer_Khan,0053_03.jpg,vggface2_balanced_100_100/n000028/0053_03.jpg
VGGFace2,n000028,Abdul_Qadeer_Khan,0054_01.jpg,vggface2_balanced_100_100/n000028/0054_01.jpg
VGGFace2,n000028,Abdul_Qadeer_Khan,0055_01.jpg,vggface2_balanced_100_100/n000028/0055_01.jpg
VGGFace2,n000028,Abdul_Qadeer_Khan,0056_01.jpg,vggface2_balanced_100_100/n000028/0056_01.jpg
VGGFace2,n000028,Abdul_Qadeer_Khan,0056_02.jpg,vggface2_balanced_100_100/n000028/0056_02.jpg
VGGFace2,n000028,Abdul_Qadeer_Khan,0057_01.jpg,vggface2_balanced_100_100/n000028/0057_01.jpg
VGGFace2,n000028,Abdul_Qadeer_Khan,0058_01.jpg,vggface2_balanced_100_100/n000028/0058_01.jpg
VGGFace2,n000028,Abdul_Qadeer_Khan,0059_01.jpg,vggface2_balanced_100_100/n000028/0059_01.jpg
VGGFace2,n000028,Abdul_Qadeer_Khan,0060_01.jpg,vggface2_balanced_100_100/n000028/0060_01.jpg
VGGFace2,n000028,Abdul_Qadeer_Khan,0061_01.jpg,vggface2_balanced_100_100/n000028/0061_01.jpg
VGGFace2,n000028,Abdul_Qadeer_Khan,0062_01.jpg,vggface2_balanced_100_100/n000028/0062_01.jpg
VGGFace2,n000028,Abdul_Qadeer_Khan,0063_02.jpg,vggface2_balanced_100_100/n000028/0063_02.jpg
VGGFace2,n000028,Abdul_Qadeer_Khan,0064_02.jpg,vggface2_balanced_100_100/n000028/0064_02.jpg
VGGFace2,n000028,Abdul_Qadeer_Khan,0065_01.jpg,vggface2_balanced_100_100/n000028/0065_01.jpg
VGGFace2,n000028,Abdul_Qadeer_Khan,0066_01.jpg,vggface2_balanced_100_100/n000028/0066_01.jpg
VGGFace2,n000028,Abdul_Qadeer_Khan,0067_01.jpg,vggface2_balanced_100_100/n000028/0067_01.jpg
VGGFace2,n000028,Abdul_Qadeer_Khan,0068_01.jpg,vggface2_balanced_100_100/n000028/0068_01.jpg
VGGFace2,n000028,Abdul_Qadeer_Khan,0069_01.jpg,vggface2_balanced_100_100/n000028/0069_01.jpg
VGGFace2,n000028,Abdul_Qadeer_Khan,0070_01.jpg,vggface2_balanced_100_100/n000028/0070_01.jpg
VGGFace2,n000028,Abdul_Qadeer_Khan,0072_01.jpg,vggface2_balanced_100_100/n000028/0072_01.jpg
VGGFace2,n000028,Abdul_Qadeer_Khan,0073_01.jpg,vggface2_balanced_100_100/n000028/0073_01.jpg
VGGFace2,n000028,Abdul_Qadeer_Khan,0074_01.jpg,vggface2_balanced_100_100/n000028/0074_01.jpg
VGGFace2,n000028,Abdul_Qadeer_Khan,0075_01.jpg,vggface2_balanced_100_100/n000028/0075_01.jpg
VGGFace2,n000028,Abdul_Qadeer_Khan,0076_01.jpg,vggface2_balanced_100_100/n000028/0076_01.jpg
VGGFace2,n000028,Abdul_Qadeer_Khan,0077_02.jpg,vggface2_balanced_100_100/n000028/0077_02.jpg
VGGFace2,n000028,Abdul_Qadeer_Khan,0078_02.jpg,vggface2_balanced_100_100/n000028/0078_02.jpg
VGGFace2,n000028,Abdul_Qadeer_Khan,0079_01.jpg,vggface2_balanced_100_100/n000028/0079_01.jpg
VGGFace2,n000028,Abdul_Qadeer_Khan,0080_01.jpg,vggface2_balanced_100_100/n000028/0080_01.jpg
VGGFace2,n000028,Abdul_Qadeer_Khan,0081_03.jpg,vggface2_balanced_100_100/n000028/0081_03.jpg
VGGFace2,n000028,Abdul_Qadeer_Khan,0082_01.jpg,vggface2_balanced_100_100/n000028/0082_01.jpg
VGGFace2,n000028,Abdul_Qadeer_Khan,0083_01.jpg,vggface2_balanced_100_100/n000028/0083_01.jpg
VGGFace2,n000028,Abdul_Qadeer_Khan,0084_01.jpg,vggface2_balanced_100_100/n000028/0084_01.jpg
VGGFace2,n000028,Abdul_Qadeer_Khan,0085_03.jpg,vggface2_balanced_100_100/n000028/0085_03.jpg
VGGFace2,n000028,Abdul_Qadeer_Khan,0086_01.jpg,vggface2_balanced_100_100/n000028/0086_01.jpg
VGGFace2,n000028,Abdul_Qadeer_Khan,0087_02.jpg,vggface2_balanced_100_100/n000028/0087_02.jpg
VGGFace2,n000028,Abdul_Qadeer_Khan,0088_01.jpg,vggface2_balanced_100_100/n000028/0088_01.jpg
VGGFace2,n000028,Abdul_Qadeer_Khan,0089_01.jpg,vggface2_balanced_100_100/n000028/0089_01.jpg
VGGFace2,n000028,Abdul_Qadeer_Khan,0090_01.jpg,vggface2_balanced_100_100/n000028/0090_01.jpg
VGGFace2,n000028,Abdul_Qadeer_Khan,0091_04.jpg,vggface2_balanced_100_100/n000028/0091_04.jpg
VGGFace2,n000028,Abdul_Qadeer_Khan,0092_01.jpg,vggface2_balanced_100_100/n000028/0092_01.jpg
VGGFace2,n000028,Abdul_Qadeer_Khan,0093_01.jpg,vggface2_balanced_100_100/n000028/0093_01.jpg
VGGFace2,n000028,Abdul_Qadeer_Khan,0094_01.jpg,vggface2_balanced_100_100/n000028/0094_01.jpg
VGGFace2,n000028,Abdul_Qadeer_Khan,0095_01.jpg,vggface2_balanced_100_100/n000028/0095_01.jpg
VGGFace2,n000028,Abdul_Qadeer_Khan,0096_06.jpg,vggface2_balanced_100_100/n000028/0096_06.jpg
VGGFace2,n000030,Abdüllatif_Şener,0001_01.jpg,vggface2_balanced_100_100/n000030/0001_01.jpg
VGGFace2,n000030,Abdüllatif_Şener,0002_01.jpg,vggface2_balanced_100_100/n000030/0002_01.jpg
VGGFace2,n000030,Abdüllatif_Şener,0003_01.jpg,vggface2_balanced_100_100/n000030/0003_01.jpg
VGGFace2,n000030,Abdüllatif_Şener,0004_01.jpg,vggface2_balanced_100_100/n000030/0004_01.jpg
VGGFace2,n000030,Abdüllatif_Şener,0005_03.jpg,vggface2_balanced_100_100/n000030/0005_03.jpg
VGGFace2,n000030,Abdüllatif_Şener,0006_01.jpg,vggface2_balanced_100_100/n000030/0006_01.jpg
VGGFace2,n000030,Abdüllatif_Şener,0007_01.jpg,vggface2_balanced_100_100/n000030/0007_01.jpg
VGGFace2,n000030,Abdüllatif_Şener,0008_01.jpg,vggface2_balanced_100_100/n000030/0008_01.jpg
VGGFace2,n000030,Abdüllatif_Şener,0009_02.jpg,vggface2_balanced_100_100/n000030/0009_02.jpg
VGGFace2,n000030,Abdüllatif_Şener,0010_01.jpg,vggface2_balanced_100_100/n000030/0010_01.jpg
VGGFace2,n000030,Abdüllatif_Şener,0011_01.jpg,vggface2_balanced_100_100/n000030/0011_01.jpg
VGGFace2,n000030,Abdüllatif_Şener,0012_01.jpg,vggface2_balanced_100_100/n000030/0012_01.jpg
VGGFace2,n000030,Abdüllatif_Şener,0013_01.jpg,vggface2_balanced_100_100/n000030/0013_01.jpg
VGGFace2,n000030,Abdüllatif_Şener,0014_01.jpg,vggface2_balanced_100_100/n000030/0014_01.jpg
VGGFace2,n000030,Abdüllatif_Şener,0015_01.jpg,vggface2_balanced_100_100/n000030/0015_01.jpg
VGGFace2,n000030,Abdüllatif_Şener,0016_03.jpg,vggface2_balanced_100_100/n000030/0016_03.jpg
VGGFace2,n000030,Abdüllatif_Şener,0017_01.jpg,vggface2_balanced_100_100/n000030/0017_01.jpg
VGGFace2,n000030,Abdüllatif_Şener,0018_03.jpg,vggface2_balanced_100_100/n000030/0018_03.jpg
VGGFace2,n000030,Abdüllatif_Şener,0019_01.jpg,vggface2_balanced_100_100/n000030/0019_01.jpg
VGGFace2,n000030,Abdüllatif_Şener,0020_01.jpg,vggface2_balanced_100_100/n000030/0020_01.jpg
VGGFace2,n000030,Abdüllatif_Şener,0021_01.jpg,vggface2_balanced_100_100/n000030/0021_01.jpg
VGGFace2,n000030,Abdüllatif_Şener,0022_01.jpg,vggface2_balanced_100_100/n000030/0022_01.jpg
VGGFace2,n000030,Abdüllatif_Şener,0023_01.jpg,vggface2_balanced_100_100/n000030/0023_01.jpg
VGGFace2,n000030,Abdüllatif_Şener,0024_03.jpg,vggface2_balanced_100_100/n000030/0024_03.jpg
VGGFace2,n000030,Abdüllatif_Şener,0025_01.jpg,vggface2_balanced_100_100/n000030/0025_01.jpg
VGGFace2,n000030,Abdüllatif_Şener,0026_01.jpg,vggface2_balanced_100_100/n000030/0026_01.jpg
VGGFace2,n000030,Abdüllatif_Şener,0027_01.jpg,vggface2_balanced_100_100/n000030/0027_01.jpg
VGGFace2,n000030,Abdüllatif_Şener,0028_01.jpg,vggface2_balanced_100_100/n000030/0028_01.jpg
VGGFace2,n000030,Abdüllatif_Şener,0029_01.jpg,vggface2_balanced_100_100/n000030/0029_01.jpg
VGGFace2,n000030,Abdüllatif_Şener,0030_01.jpg,vggface2_balanced_100_100/n000030/0030_01.jpg
VGGFace2,n000030,Abdüllatif_Şener,0031_01.jpg,vggface2_balanced_100_100/n000030/0031_01.jpg
VGGFace2,n000030,Abdüllatif_Şener,0032_01.jpg,vggface2_balanced_100_100/n000030/0032_01.jpg
VGGFace2,n000030,Abdüllatif_Şener,0033_01.jpg,vggface2_balanced_100_100/n000030/0033_01.jpg
VGGFace2,n000030,Abdüllatif_Şener,0034_01.jpg,vggface2_balanced_100_100/n000030/0034_01.jpg
VGGFace2,n000030,Abdüllatif_Şener,0035_01.jpg,vggface2_balanced_100_100/n000030/0035_01.jpg
VGGFace2,n000030,Abdüllatif_Şener,0036_01.jpg,vggface2_balanced_100_100/n000030/0036_01.jpg
VGGFace2,n000030,Abdüllatif_Şener,0037_01.jpg,vggface2_balanced_100_100/n000030/0037_01.jpg
VGGFace2,n000030,Abdüllatif_Şener,0038_01.jpg,vggface2_balanced_100_100/n000030/0038_01.jpg
VGGFace2,n000030,Abdüllatif_Şener,0039_01.jpg,vggface2_balanced_100_100/n000030/0039_01.jpg
VGGFace2,n000030,Abdüllatif_Şener,0040_01.jpg,vggface2_balanced_100_100/n000030/0040_01.jpg
VGGFace2,n000030,Abdüllatif_Şener,0041_01.jpg,vggface2_balanced_100_100/n000030/0041_01.jpg
VGGFace2,n000030,Abdüllatif_Şener,0042_01.jpg,vggface2_balanced_100_100/n000030/0042_01.jpg
VGGFace2,n000030,Abdüllatif_Şener,0043_01.jpg,vggface2_balanced_100_100/n000030/0043_01.jpg
VGGFace2,n000030,Abdüllatif_Şener,0044_01.jpg,vggface2_balanced_100_100/n000030/0044_01.jpg
VGGFace2,n000030,Abdüllatif_Şener,0045_01.jpg,vggface2_balanced_100_100/n000030/0045_01.jpg
VGGFace2,n000030,Abdüllatif_Şener,0046_01.jpg,vggface2_balanced_100_100/n000030/0046_01.jpg
VGGFace2,n000030,Abdüllatif_Şener,0047_01.jpg,vggface2_balanced_100_100/n000030/0047_01.jpg
VGGFace2,n000030,Abdüllatif_Şener,0048_01.jpg,vggface2_balanced_100_100/n000030/0048_01.jpg
VGGFace2,n000030,Abdüllatif_Şener,0049_01.jpg,vggface2_balanced_100_100/n000030/0049_01.jpg
VGGFace2,n000030,Abdüllatif_Şener,0050_01.jpg,vggface2_balanced_100_100/n000030/0050_01.jpg
VGGFace2,n000030,Abdüllatif_Şener,0051_01.jpg,vggface2_balanced_100_100/n000030/0051_01.jpg
VGGFace2,n000030,Abdüllatif_Şener,0052_01.jpg,vggface2_balanced_100_100/n000030/0052_01.jpg
VGGFace2,n000030,Abdüllatif_Şener,0053_01.jpg,vggface2_balanced_100_100/n000030/0053_01.jpg
VGGFace2,n000030,Abdüllatif_Şener,0054_01.jpg,vggface2_balanced_100_100/n000030/0054_01.jpg
VGGFace2,n000030,Abdüllatif_Şener,0055_01.jpg,vggface2_balanced_100_100/n000030/0055_01.jpg
VGGFace2,n000030,Abdüllatif_Şener,0056_01.jpg,vggface2_balanced_100_100/n000030/0056_01.jpg
VGGFace2,n000030,Abdüllatif_Şener,0057_01.jpg,vggface2_balanced_100_100/n000030/0057_01.jpg
VGGFace2,n000030,Abdüllatif_Şener,0058_01.jpg,vggface2_balanced_100_100/n000030/0058_01.jpg
VGGFace2,n000030,Abdüllatif_Şener,0059_01.jpg,vggface2_balanced_100_100/n000030/0059_01.jpg
VGGFace2,n000030,Abdüllatif_Şener,0060_01.jpg,vggface2_balanced_100_100/n000030/0060_01.jpg
VGGFace2,n000030,Abdüllatif_Şener,0061_01.jpg,vggface2_balanced_100_100/n000030/0061_01.jpg
VGGFace2,n000030,Abdüllatif_Şener,0062_01.jpg,vggface2_balanced_100_100/n000030/0062_01.jpg
VGGFace2,n000030,Abdüllatif_Şener,0063_01.jpg,vggface2_balanced_100_100/n000030/0063_01.jpg
VGGFace2,n000030,Abdüllatif_Şener,0064_01.jpg,vggface2_balanced_100_100/n000030/0064_01.jpg
VGGFace2,n000030,Abdüllatif_Şener,0065_01.jpg,vggface2_balanced_100_100/n000030/0065_01.jpg
VGGFace2,n000030,Abdüllatif_Şener,0066_01.jpg,vggface2_balanced_100_100/n000030/0066_01.jpg
VGGFace2,n000030,Abdüllatif_Şener,0067_01.jpg,vggface2_balanced_100_100/n000030/0067_01.jpg
VGGFace2,n000030,Abdüllatif_Şener,0068_01.jpg,vggface2_balanced_100_100/n000030/0068_01.jpg
VGGFace2,n000030,Abdüllatif_Şener,0069_01.jpg,vggface2_balanced_100_100/n000030/0069_01.jpg
VGGFace2,n000030,Abdüllatif_Şener,0070_01.jpg,vggface2_balanced_100_100/n000030/0070_01.jpg
VGGFace2,n000030,Abdüllatif_Şener,0071_01.jpg,vggface2_balanced_100_100/n000030/0071_01.jpg
VGGFace2,n000030,Abdüllatif_Şener,0072_01.jpg,vggface2_balanced_100_100/n000030/0072_01.jpg
VGGFace2,n000030,Abdüllatif_Şener,0073_01.jpg,vggface2_balanced_100_100/n000030/0073_01.jpg
VGGFace2,n000030,Abdüllatif_Şener,0074_01.jpg,vggface2_balanced_100_100/n000030/0074_01.jpg
VGGFace2,n000030,Abdüllatif_Şener,0075_01.jpg,vggface2_balanced_100_100/n000030/0075_01.jpg
VGGFace2,n000030,Abdüllatif_Şener,0076_01.jpg,vggface2_balanced_100_100/n000030/0076_01.jpg
VGGFace2,n000030,Abdüllatif_Şener,0077_01.jpg,vggface2_balanced_100_100/n000030/0077_01.jpg
VGGFace2,n000030,Abdüllatif_Şener,0078_01.jpg,vggface2_balanced_100_100/n000030/0078_01.jpg
VGGFace2,n000030,Abdüllatif_Şener,0079_01.jpg,vggface2_balanced_100_100/n000030/0079_01.jpg
VGGFace2,n000030,Abdüllatif_Şener,0080_01.jpg,vggface2_balanced_100_100/n000030/0080_01.jpg
VGGFace2,n000030,Abdüllatif_Şener,0081_01.jpg,vggface2_balanced_100_100/n000030/0081_01.jpg
VGGFace2,n000030,Abdüllatif_Şener,0082_01.jpg,vggface2_balanced_100_100/n000030/0082_01.jpg
VGGFace2,n000030,Abdüllatif_Şener,0083_02.jpg,vggface2_balanced_100_100/n000030/0083_02.jpg
VGGFace2,n000030,Abdüllatif_Şener,0084_01.jpg,vggface2_balanced_100_100/n000030/0084_01.jpg
VGGFace2,n000030,Abdüllatif_Şener,0085_01.jpg,vggface2_balanced_100_100/n000030/0085_01.jpg
VGGFace2,n000030,Abdüllatif_Şener,0086_01.jpg,vggface2_balanced_100_100/n000030/0086_01.jpg
VGGFace2,n000030,Abdüllatif_Şener,0087_01.jpg,vggface2_balanced_100_100/n000030/0087_01.jpg
VGGFace2,n000030,Abdüllatif_Şener,0088_01.jpg,vggface2_balanced_100_100/n000030/0088_01.jpg
VGGFace2,n000030,Abdüllatif_Şener,0089_01.jpg,vggface2_balanced_100_100/n000030/0089_01.jpg
VGGFace2,n000030,Abdüllatif_Şener,0090_01.jpg,vggface2_balanced_100_100/n000030/0090_01.jpg
VGGFace2,n000030,Abdüllatif_Şener,0091_01.jpg,vggface2_balanced_100_100/n000030/0091_01.jpg
VGGFace2,n000030,Abdüllatif_Şener,0092_01.jpg,vggface2_balanced_100_100/n000030/0092_01.jpg
VGGFace2,n000030,Abdüllatif_Şener,0093_01.jpg,vggface2_balanced_100_100/n000030/0093_01.jpg
VGGFace2,n000030,Abdüllatif_Şener,0094_01.jpg,vggface2_balanced_100_100/n000030/0094_01.jpg
VGGFace2,n000030,Abdüllatif_Şener,0095_02.jpg,vggface2_balanced_100_100/n000030/0095_02.jpg
VGGFace2,n000030,Abdüllatif_Şener,0096_01.jpg,vggface2_balanced_100_100/n000030/0096_01.jpg
VGGFace2,n000030,Abdüllatif_Şener,0097_01.jpg,vggface2_balanced_100_100/n000030/0097_01.jpg
VGGFace2,n000030,Abdüllatif_Şener,0098_01.jpg,vggface2_balanced_100_100/n000030/0098_01.jpg
VGGFace2,n000030,Abdüllatif_Şener,0099_01.jpg,vggface2_balanced_100_100/n000030/0099_01.jpg
VGGFace2,n000030,Abdüllatif_Şener,0100_01.jpg,vggface2_balanced_100_100/n000030/0100_01.jpg
VGGFace2,n000031,Abel_Braga,0001_01.jpg,vggface2_balanced_100_100/n000031/0001_01.jpg
VGGFace2,n000031,Abel_Braga,0002_01.jpg,vggface2_balanced_100_100/n000031/0002_01.jpg
VGGFace2,n000031,Abel_Braga,0003_01.jpg,vggface2_balanced_100_100/n000031/0003_01.jpg
VGGFace2,n000031,Abel_Braga,0004_01.jpg,vggface2_balanced_100_100/n000031/0004_01.jpg
VGGFace2,n000031,Abel_Braga,0005_01.jpg,vggface2_balanced_100_100/n000031/0005_01.jpg
VGGFace2,n000031,Abel_Braga,0006_01.jpg,vggface2_balanced_100_100/n000031/0006_01.jpg
VGGFace2,n000031,Abel_Braga,0007_02.jpg,vggface2_balanced_100_100/n000031/0007_02.jpg
VGGFace2,n000031,Abel_Braga,0008_01.jpg,vggface2_balanced_100_100/n000031/0008_01.jpg
VGGFace2,n000031,Abel_Braga,0009_01.jpg,vggface2_balanced_100_100/n000031/0009_01.jpg
VGGFace2,n000031,Abel_Braga,0010_01.jpg,vggface2_balanced_100_100/n000031/0010_01.jpg
VGGFace2,n000031,Abel_Braga,0011_01.jpg,vggface2_balanced_100_100/n000031/0011_01.jpg
VGGFace2,n000031,Abel_Braga,0012_01.jpg,vggface2_balanced_100_100/n000031/0012_01.jpg
VGGFace2,n000031,Abel_Braga,0013_01.jpg,vggface2_balanced_100_100/n000031/0013_01.jpg
VGGFace2,n000031,Abel_Braga,0014_01.jpg,vggface2_balanced_100_100/n000031/0014_01.jpg
VGGFace2,n000031,Abel_Braga,0015_01.jpg,vggface2_balanced_100_100/n000031/0015_01.jpg
VGGFace2,n000031,Abel_Braga,0016_01.jpg,vggface2_balanced_100_100/n000031/0016_01.jpg
VGGFace2,n000031,Abel_Braga,0017_01.jpg,vggface2_balanced_100_100/n000031/0017_01.jpg
VGGFace2,n000031,Abel_Braga,0018_01.jpg,vggface2_balanced_100_100/n000031/0018_01.jpg
VGGFace2,n000031,Abel_Braga,0019_01.jpg,vggface2_balanced_100_100/n000031/0019_01.jpg
VGGFace2,n000031,Abel_Braga,0020_01.jpg,vggface2_balanced_100_100/n000031/0020_01.jpg
VGGFace2,n000031,Abel_Braga,0021_01.jpg,vggface2_balanced_100_100/n000031/0021_01.jpg
VGGFace2,n000031,Abel_Braga,0022_01.jpg,vggface2_balanced_100_100/n000031/0022_01.jpg
VGGFace2,n000031,Abel_Braga,0023_01.jpg,vggface2_balanced_100_100/n000031/0023_01.jpg
VGGFace2,n000031,Abel_Braga,0024_01.jpg,vggface2_balanced_100_100/n000031/0024_01.jpg
VGGFace2,n000031,Abel_Braga,0025_01.jpg,vggface2_balanced_100_100/n000031/0025_01.jpg
VGGFace2,n000031,Abel_Braga,0026_01.jpg,vggface2_balanced_100_100/n000031/0026_01.jpg
VGGFace2,n000031,Abel_Braga,0027_01.jpg,vggface2_balanced_100_100/n000031/0027_01.jpg
VGGFace2,n000031,Abel_Braga,0028_01.jpg,vggface2_balanced_100_100/n000031/0028_01.jpg
VGGFace2,n000031,Abel_Braga,0029_01.jpg,vggface2_balanced_100_100/n000031/0029_01.jpg
VGGFace2,n000031,Abel_Braga,0030_01.jpg,vggface2_balanced_100_100/n000031/0030_01.jpg
VGGFace2,n000031,Abel_Braga,0031_01.jpg,vggface2_balanced_100_100/n000031/0031_01.jpg
VGGFace2,n000031,Abel_Braga,0032_01.jpg,vggface2_balanced_100_100/n000031/0032_01.jpg
VGGFace2,n000031,Abel_Braga,0033_01.jpg,vggface2_balanced_100_100/n000031/0033_01.jpg
VGGFace2,n000031,Abel_Braga,0034_01.jpg,vggface2_balanced_100_100/n000031/0034_01.jpg
VGGFace2,n000031,Abel_Braga,0035_01.jpg,vggface2_balanced_100_100/n000031/0035_01.jpg
VGGFace2,n000031,Abel_Braga,0036_01.jpg,vggface2_balanced_100_100/n000031/0036_01.jpg
VGGFace2,n000031,Abel_Braga,0037_01.jpg,vggface2_balanced_100_100/n000031/0037_01.jpg
VGGFace2,n000031,Abel_Braga,0038_01.jpg,vggface2_balanced_100_100/n000031/0038_01.jpg
VGGFace2,n000031,Abel_Braga,0039_01.jpg,vggface2_balanced_100_100/n000031/0039_01.jpg
VGGFace2,n000031,Abel_Braga,0040_01.jpg,vggface2_balanced_100_100/n000031/0040_01.jpg
VGGFace2,n000031,Abel_Braga,0041_01.jpg,vggface2_balanced_100_100/n000031/0041_01.jpg
VGGFace2,n000031,Abel_Braga,0042_01.jpg,vggface2_balanced_100_100/n000031/0042_01.jpg
VGGFace2,n000031,Abel_Braga,0043_01.jpg,vggface2_balanced_100_100/n000031/0043_01.jpg
VGGFace2,n000031,Abel_Braga,0044_01.jpg,vggface2_balanced_100_100/n000031/0044_01.jpg
VGGFace2,n000031,Abel_Braga,0045_01.jpg,vggface2_balanced_100_100/n000031/0045_01.jpg
VGGFace2,n000031,Abel_Braga,0046_01.jpg,vggface2_balanced_100_100/n000031/0046_01.jpg
VGGFace2,n000031,Abel_Braga,0047_01.jpg,vggface2_balanced_100_100/n000031/0047_01.jpg
VGGFace2,n000031,Abel_Braga,0048_01.jpg,vggface2_balanced_100_100/n000031/0048_01.jpg
VGGFace2,n000031,Abel_Braga,0049_01.jpg,vggface2_balanced_100_100/n000031/0049_01.jpg
VGGFace2,n000031,Abel_Braga,0050_01.jpg,vggface2_balanced_100_100/n000031/0050_01.jpg
VGGFace2,n000031,Abel_Braga,0051_01.jpg,vggface2_balanced_100_100/n000031/0051_01.jpg
VGGFace2,n000031,Abel_Braga,0052_01.jpg,vggface2_balanced_100_100/n000031/0052_01.jpg
VGGFace2,n000031,Abel_Braga,0053_01.jpg,vggface2_balanced_100_100/n000031/0053_01.jpg
VGGFace2,n000031,Abel_Braga,0054_01.jpg,vggface2_balanced_100_100/n000031/0054_01.jpg
VGGFace2,n000031,Abel_Braga,0055_01.jpg,vggface2_balanced_100_100/n000031/0055_01.jpg
VGGFace2,n000031,Abel_Braga,0056_01.jpg,vggface2_balanced_100_100/n000031/0056_01.jpg
VGGFace2,n000031,Abel_Braga,0057_01.jpg,vggface2_balanced_100_100/n000031/0057_01.jpg
VGGFace2,n000031,Abel_Braga,0058_01.jpg,vggface2_balanced_100_100/n000031/0058_01.jpg
VGGFace2,n000031,Abel_Braga,0059_01.jpg,vggface2_balanced_100_100/n000031/0059_01.jpg
VGGFace2,n000031,Abel_Braga,0060_02.jpg,vggface2_balanced_100_100/n000031/0060_02.jpg
VGGFace2,n000031,Abel_Braga,0061_01.jpg,vggface2_balanced_100_100/n000031/0061_01.jpg
VGGFace2,n000031,Abel_Braga,0062_01.jpg,vggface2_balanced_100_100/n000031/0062_01.jpg
VGGFace2,n000031,Abel_Braga,0063_01.jpg,vggface2_balanced_100_100/n000031/0063_01.jpg
VGGFace2,n000031,Abel_Braga,0064_01.jpg,vggface2_balanced_100_100/n000031/0064_01.jpg
VGGFace2,n000031,Abel_Braga,0065_01.jpg,vggface2_balanced_100_100/n000031/0065_01.jpg
VGGFace2,n000031,Abel_Braga,0066_01.jpg,vggface2_balanced_100_100/n000031/0066_01.jpg
VGGFace2,n000031,Abel_Braga,0067_01.jpg,vggface2_balanced_100_100/n000031/0067_01.jpg
VGGFace2,n000031,Abel_Braga,0068_01.jpg,vggface2_balanced_100_100/n000031/0068_01.jpg
VGGFace2,n000031,Abel_Braga,0069_01.jpg,vggface2_balanced_100_100/n000031/0069_01.jpg
VGGFace2,n000031,Abel_Braga,0070_01.jpg,vggface2_balanced_100_100/n000031/0070_01.jpg
VGGFace2,n000031,Abel_Braga,0071_01.jpg,vggface2_balanced_100_100/n000031/0071_01.jpg
VGGFace2,n000031,Abel_Braga,0072_01.jpg,vggface2_balanced_100_100/n000031/0072_01.jpg
VGGFace2,n000031,Abel_Braga,0073_01.jpg,vggface2_balanced_100_100/n000031/0073_01.jpg
VGGFace2,n000031,Abel_Braga,0074_01.jpg,vggface2_balanced_100_100/n000031/0074_01.jpg
VGGFace2,n000031,Abel_Braga,0075_01.jpg,vggface2_balanced_100_100/n000031/0075_01.jpg
VGGFace2,n000031,Abel_Braga,0076_01.jpg,vggface2_balanced_100_100/n000031/0076_01.jpg
VGGFace2,n000031,Abel_Braga,0077_01.jpg,vggface2_balanced_100_100/n000031/0077_01.jpg
VGGFace2,n000031,Abel_Braga,0078_01.jpg,vggface2_balanced_100_100/n000031/0078_01.jpg
VGGFace2,n000031,Abel_Braga,0079_01.jpg,vggface2_balanced_100_100/n000031/0079_01.jpg
VGGFace2,n000031,Abel_Braga,0080_02.jpg,vggface2_balanced_100_100/n000031/0080_02.jpg
VGGFace2,n000031,Abel_Braga,0081_01.jpg,vggface2_balanced_100_100/n000031/0081_01.jpg
VGGFace2,n000031,Abel_Braga,0082_01.jpg,vggface2_balanced_100_100/n000031/0082_01.jpg
VGGFace2,n000031,Abel_Braga,0083_01.jpg,vggface2_balanced_100_100/n000031/0083_01.jpg
VGGFace2,n000031,Abel_Braga,0084_01.jpg,vggface2_balanced_100_100/n000031/0084_01.jpg
VGGFace2,n000031,Abel_Braga,0085_01.jpg,vggface2_balanced_100_100/n000031/0085_01.jpg
VGGFace2,n000031,Abel_Braga,0086_01.jpg,vggface2_balanced_100_100/n000031/0086_01.jpg
VGGFace2,n000031,Abel_Braga,0087_01.jpg,vggface2_balanced_100_100/n000031/0087_01.jpg
VGGFace2,n000031,Abel_Braga,0088_01.jpg,vggface2_balanced_100_100/n000031/0088_01.jpg
VGGFace2,n000031,Abel_Braga,0089_01.jpg,vggface2_balanced_100_100/n000031/0089_01.jpg
VGGFace2,n000031,Abel_Braga,0091_01.jpg,vggface2_balanced_100_100/n000031/0091_01.jpg
VGGFace2,n000031,Abel_Braga,0092_01.jpg,vggface2_balanced_100_100/n000031/0092_01.jpg
VGGFace2,n000031,Abel_Braga,0093_01.jpg,vggface2_balanced_100_100/n000031/0093_01.jpg
VGGFace2,n000031,Abel_Braga,0094_01.jpg,vggface2_balanced_100_100/n000031/0094_01.jpg
VGGFace2,n000031,Abel_Braga,0095_01.jpg,vggface2_balanced_100_100/n000031/0095_01.jpg
VGGFace2,n000031,Abel_Braga,0096_01.jpg,vggface2_balanced_100_100/n000031/0096_01.jpg
VGGFace2,n000031,Abel_Braga,0097_01.jpg,vggface2_balanced_100_100/n000031/0097_01.jpg
VGGFace2,n000031,Abel_Braga,0098_01.jpg,vggface2_balanced_100_100/n000031/0098_01.jpg
VGGFace2,n000031,Abel_Braga,0099_01.jpg,vggface2_balanced_100_100/n000031/0099_01.jpg
VGGFace2,n000031,Abel_Braga,0100_01.jpg,vggface2_balanced_100_100/n000031/0100_01.jpg
VGGFace2,n000031,Abel_Braga,0101_02.jpg,vggface2_balanced_100_100/n000031/0101_02.jpg
VGGFace2,n000032,Abhay_Deol,0001_01.jpg,vggface2_balanced_100_100/n000032/0001_01.jpg
VGGFace2,n000032,Abhay_Deol,0002_01.jpg,vggface2_balanced_100_100/n000032/0002_01.jpg
VGGFace2,n000032,Abhay_Deol,0003_01.jpg,vggface2_balanced_100_100/n000032/0003_01.jpg
VGGFace2,n000032,Abhay_Deol,0004_02.jpg,vggface2_balanced_100_100/n000032/0004_02.jpg
VGGFace2,n000032,Abhay_Deol,0005_01.jpg,vggface2_balanced_100_100/n000032/0005_01.jpg
VGGFace2,n000032,Abhay_Deol,0006_01.jpg,vggface2_balanced_100_100/n000032/0006_01.jpg
VGGFace2,n000032,Abhay_Deol,0007_01.jpg,vggface2_balanced_100_100/n000032/0007_01.jpg
VGGFace2,n000032,Abhay_Deol,0008_01.jpg,vggface2_balanced_100_100/n000032/0008_01.jpg
VGGFace2,n000032,Abhay_Deol,0009_01.jpg,vggface2_balanced_100_100/n000032/0009_01.jpg
VGGFace2,n000032,Abhay_Deol,0010_02.jpg,vggface2_balanced_100_100/n000032/0010_02.jpg
VGGFace2,n000032,Abhay_Deol,0011_01.jpg,vggface2_balanced_100_100/n000032/0011_01.jpg
VGGFace2,n000032,Abhay_Deol,0012_02.jpg,vggface2_balanced_100_100/n000032/0012_02.jpg
VGGFace2,n000032,Abhay_Deol,0013_01.jpg,vggface2_balanced_100_100/n000032/0013_01.jpg
VGGFace2,n000032,Abhay_Deol,0014_01.jpg,vggface2_balanced_100_100/n000032/0014_01.jpg
VGGFace2,n000032,Abhay_Deol,0015_01.jpg,vggface2_balanced_100_100/n000032/0015_01.jpg
VGGFace2,n000032,Abhay_Deol,0016_01.jpg,vggface2_balanced_100_100/n000032/0016_01.jpg
VGGFace2,n000032,Abhay_Deol,0017_01.jpg,vggface2_balanced_100_100/n000032/0017_01.jpg
VGGFace2,n000032,Abhay_Deol,0018_01.jpg,vggface2_balanced_100_100/n000032/0018_01.jpg
VGGFace2,n000032,Abhay_Deol,0019_01.jpg,vggface2_balanced_100_100/n000032/0019_01.jpg
VGGFace2,n000032,Abhay_Deol,0020_01.jpg,vggface2_balanced_100_100/n000032/0020_01.jpg
VGGFace2,n000032,Abhay_Deol,0021_01.jpg,vggface2_balanced_100_100/n000032/0021_01.jpg
VGGFace2,n000032,Abhay_Deol,0022_01.jpg,vggface2_balanced_100_100/n000032/0022_01.jpg
VGGFace2,n000032,Abhay_Deol,0023_01.jpg,vggface2_balanced_100_100/n000032/0023_01.jpg
VGGFace2,n000032,Abhay_Deol,0024_01.jpg,vggface2_balanced_100_100/n000032/0024_01.jpg
VGGFace2,n000032,Abhay_Deol,0025_01.jpg,vggface2_balanced_100_100/n000032/0025_01.jpg
VGGFace2,n000032,Abhay_Deol,0026_01.jpg,vggface2_balanced_100_100/n000032/0026_01.jpg
VGGFace2,n000032,Abhay_Deol,0027_01.jpg,vggface2_balanced_100_100/n000032/0027_01.jpg
VGGFace2,n000032,Abhay_Deol,0028_01.jpg,vggface2_balanced_100_100/n000032/0028_01.jpg
VGGFace2,n000032,Abhay_Deol,0029_02.jpg,vggface2_balanced_100_100/n000032/0029_02.jpg
VGGFace2,n000032,Abhay_Deol,0030_01.jpg,vggface2_balanced_100_100/n000032/0030_01.jpg
VGGFace2,n000032,Abhay_Deol,0031_01.jpg,vggface2_balanced_100_100/n000032/0031_01.jpg
VGGFace2,n000032,Abhay_Deol,0032_01.jpg,vggface2_balanced_100_100/n000032/0032_01.jpg
VGGFace2,n000032,Abhay_Deol,0033_01.jpg,vggface2_balanced_100_100/n000032/0033_01.jpg
VGGFace2,n000032,Abhay_Deol,0034_01.jpg,vggface2_balanced_100_100/n000032/0034_01.jpg
VGGFace2,n000032,Abhay_Deol,0035_01.jpg,vggface2_balanced_100_100/n000032/0035_01.jpg
VGGFace2,n000032,Abhay_Deol,0036_01.jpg,vggface2_balanced_100_100/n000032/0036_01.jpg
VGGFace2,n000032,Abhay_Deol,0037_01.jpg,vggface2_balanced_100_100/n000032/0037_01.jpg
VGGFace2,n000032,Abhay_Deol,0038_01.jpg,vggface2_balanced_100_100/n000032/0038_01.jpg
VGGFace2,n000032,Abhay_Deol,0039_01.jpg,vggface2_balanced_100_100/n000032/0039_01.jpg
VGGFace2,n000032,Abhay_Deol,0039_04.jpg,vggface2_balanced_100_100/n000032/0039_04.jpg
VGGFace2,n000032,Abhay_Deol,0040_01.jpg,vggface2_balanced_100_100/n000032/0040_01.jpg
VGGFace2,n000032,Abhay_Deol,0041_01.jpg,vggface2_balanced_100_100/n000032/0041_01.jpg
VGGFace2,n000032,Abhay_Deol,0041_02.jpg,vggface2_balanced_100_100/n000032/0041_02.jpg
VGGFace2,n000032,Abhay_Deol,0042_01.jpg,vggface2_balanced_100_100/n000032/0042_01.jpg
VGGFace2,n000032,Abhay_Deol,0043_01.jpg,vggface2_balanced_100_100/n000032/0043_01.jpg
VGGFace2,n000032,Abhay_Deol,0044_01.jpg,vggface2_balanced_100_100/n000032/0044_01.jpg
VGGFace2,n000032,Abhay_Deol,0045_01.jpg,vggface2_balanced_100_100/n000032/0045_01.jpg
VGGFace2,n000032,Abhay_Deol,0046_01.jpg,vggface2_balanced_100_100/n000032/0046_01.jpg
VGGFace2,n000032,Abhay_Deol,0047_01.jpg,vggface2_balanced_100_100/n000032/0047_01.jpg
VGGFace2,n000032,Abhay_Deol,0048_01.jpg,vggface2_balanced_100_100/n000032/0048_01.jpg
VGGFace2,n000032,Abhay_Deol,0049_01.jpg,vggface2_balanced_100_100/n000032/0049_01.jpg
VGGFace2,n000032,Abhay_Deol,0050_01.jpg,vggface2_balanced_100_100/n000032/0050_01.jpg
VGGFace2,n000032,Abhay_Deol,0051_01.jpg,vggface2_balanced_100_100/n000032/0051_01.jpg
VGGFace2,n000032,Abhay_Deol,0051_02.jpg,vggface2_balanced_100_100/n000032/0051_02.jpg
VGGFace2,n000032,Abhay_Deol,0052_02.jpg,vggface2_balanced_100_100/n000032/0052_02.jpg
VGGFace2,n000032,Abhay_Deol,0053_01.jpg,vggface2_balanced_100_100/n000032/0053_01.jpg
VGGFace2,n000032,Abhay_Deol,0054_01.jpg,vggface2_balanced_100_100/n000032/0054_01.jpg
VGGFace2,n000032,Abhay_Deol,0055_01.jpg,vggface2_balanced_100_100/n000032/0055_01.jpg
VGGFace2,n000032,Abhay_Deol,0056_01.jpg,vggface2_balanced_100_100/n000032/0056_01.jpg
VGGFace2,n000032,Abhay_Deol,0056_02.jpg,vggface2_balanced_100_100/n000032/0056_02.jpg
VGGFace2,n000032,Abhay_Deol,0056_04.jpg,vggface2_balanced_100_100/n000032/0056_04.jpg
VGGFace2,n000032,Abhay_Deol,0057_01.jpg,vggface2_balanced_100_100/n000032/0057_01.jpg
VGGFace2,n000032,Abhay_Deol,0058_01.jpg,vggface2_balanced_100_100/n000032/0058_01.jpg
VGGFace2,n000032,Abhay_Deol,0059_01.jpg,vggface2_balanced_100_100/n000032/0059_01.jpg
VGGFace2,n000032,Abhay_Deol,0059_02.jpg,vggface2_balanced_100_100/n000032/0059_02.jpg
VGGFace2,n000032,Abhay_Deol,0059_03.jpg,vggface2_balanced_100_100/n000032/0059_03.jpg
VGGFace2,n000032,Abhay_Deol,0060_01.jpg,vggface2_balanced_100_100/n000032/0060_01.jpg
VGGFace2,n000032,Abhay_Deol,0061_01.jpg,vggface2_balanced_100_100/n000032/0061_01.jpg
VGGFace2,n000032,Abhay_Deol,0062_01.jpg,vggface2_balanced_100_100/n000032/0062_01.jpg
VGGFace2,n000032,Abhay_Deol,0063_01.jpg,vggface2_balanced_100_100/n000032/0063_01.jpg
VGGFace2,n000032,Abhay_Deol,0064_01.jpg,vggface2_balanced_100_100/n000032/0064_01.jpg
VGGFace2,n000032,Abhay_Deol,0065_01.jpg,vggface2_balanced_100_100/n000032/0065_01.jpg
VGGFace2,n000032,Abhay_Deol,0066_01.jpg,vggface2_balanced_100_100/n000032/0066_01.jpg
VGGFace2,n000032,Abhay_Deol,0067_02.jpg,vggface2_balanced_100_100/n000032/0067_02.jpg
VGGFace2,n000032,Abhay_Deol,0068_02.jpg,vggface2_balanced_100_100/n000032/0068_02.jpg
VGGFace2,n000032,Abhay_Deol,0069_01.jpg,vggface2_balanced_100_100/n000032/0069_01.jpg
VGGFace2,n000032,Abhay_Deol,0070_02.jpg,vggface2_balanced_100_100/n000032/0070_02.jpg
VGGFace2,n000032,Abhay_Deol,0070_03.jpg,vggface2_balanced_100_100/n000032/0070_03.jpg
VGGFace2,n000032,Abhay_Deol,0071_01.jpg,vggface2_balanced_100_100/n000032/0071_01.jpg
VGGFace2,n000032,Abhay_Deol,0072_02.jpg,vggface2_balanced_100_100/n000032/0072_02.jpg
VGGFace2,n000032,Abhay_Deol,0073_01.jpg,vggface2_balanced_100_100/n000032/0073_01.jpg
VGGFace2,n000032,Abhay_Deol,0074_01.jpg,vggface2_balanced_100_100/n000032/0074_01.jpg
VGGFace2,n000032,Abhay_Deol,0075_03.jpg,vggface2_balanced_100_100/n000032/0075_03.jpg
VGGFace2,n000032,Abhay_Deol,0076_01.jpg,vggface2_balanced_100_100/n000032/0076_01.jpg
VGGFace2,n000032,Abhay_Deol,0077_01.jpg,vggface2_balanced_100_100/n000032/0077_01.jpg
VGGFace2,n000032,Abhay_Deol,0078_01.jpg,vggface2_balanced_100_100/n000032/0078_01.jpg
VGGFace2,n000032,Abhay_Deol,0079_01.jpg,vggface2_balanced_100_100/n000032/0079_01.jpg
VGGFace2,n000032,Abhay_Deol,0080_01.jpg,vggface2_balanced_100_100/n000032/0080_01.jpg
VGGFace2,n000032,Abhay_Deol,0081_02.jpg,vggface2_balanced_100_100/n000032/0081_02.jpg
VGGFace2,n000032,Abhay_Deol,0082_01.jpg,vggface2_balanced_100_100/n000032/0082_01.jpg
VGGFace2,n000032,Abhay_Deol,0083_01.jpg,vggface2_balanced_100_100/n000032/0083_01.jpg
VGGFace2,n000032,Abhay_Deol,0084_01.jpg,vggface2_balanced_100_100/n000032/0084_01.jpg
VGGFace2,n000032,Abhay_Deol,0085_01.jpg,vggface2_balanced_100_100/n000032/0085_01.jpg
VGGFace2,n000032,Abhay_Deol,0086_01.jpg,vggface2_balanced_100_100/n000032/0086_01.jpg
VGGFace2,n000032,Abhay_Deol,0087_04.jpg,vggface2_balanced_100_100/n000032/0087_04.jpg
VGGFace2,n000032,Abhay_Deol,0088_01.jpg,vggface2_balanced_100_100/n000032/0088_01.jpg
VGGFace2,n000032,Abhay_Deol,0089_01.jpg,vggface2_balanced_100_100/n000032/0089_01.jpg
VGGFace2,n000032,Abhay_Deol,0090_01.jpg,vggface2_balanced_100_100/n000032/0090_01.jpg
VGGFace2,n000032,Abhay_Deol,0091_01.jpg,vggface2_balanced_100_100/n000032/0091_01.jpg
VGGFace2,n000032,Abhay_Deol,0092_01.jpg,vggface2_balanced_100_100/n000032/0092_01.jpg
VGGFace2,n000033,Abhinav_Bindra,0001_01.jpg,vggface2_balanced_100_100/n000033/0001_01.jpg
VGGFace2,n000033,Abhinav_Bindra,0002_01.jpg,vggface2_balanced_100_100/n000033/0002_01.jpg
VGGFace2,n000033,Abhinav_Bindra,0003_02.jpg,vggface2_balanced_100_100/n000033/0003_02.jpg
VGGFace2,n000033,Abhinav_Bindra,0004_01.jpg,vggface2_balanced_100_100/n000033/0004_01.jpg
VGGFace2,n000033,Abhinav_Bindra,0005_01.jpg,vggface2_balanced_100_100/n000033/0005_01.jpg
VGGFace2,n000033,Abhinav_Bindra,0006_01.jpg,vggface2_balanced_100_100/n000033/0006_01.jpg
VGGFace2,n000033,Abhinav_Bindra,0007_01.jpg,vggface2_balanced_100_100/n000033/0007_01.jpg
VGGFace2,n000033,Abhinav_Bindra,0008_01.jpg,vggface2_balanced_100_100/n000033/0008_01.jpg
VGGFace2,n000033,Abhinav_Bindra,0009_01.jpg,vggface2_balanced_100_100/n000033/0009_01.jpg
VGGFace2,n000033,Abhinav_Bindra,0010_01.jpg,vggface2_balanced_100_100/n000033/0010_01.jpg
VGGFace2,n000033,Abhinav_Bindra,0011_01.jpg,vggface2_balanced_100_100/n000033/0011_01.jpg
VGGFace2,n000033,Abhinav_Bindra,0012_01.jpg,vggface2_balanced_100_100/n000033/0012_01.jpg
VGGFace2,n000033,Abhinav_Bindra,0013_01.jpg,vggface2_balanced_100_100/n000033/0013_01.jpg
VGGFace2,n000033,Abhinav_Bindra,0014_01.jpg,vggface2_balanced_100_100/n000033/0014_01.jpg
VGGFace2,n000033,Abhinav_Bindra,0015_01.jpg,vggface2_balanced_100_100/n000033/0015_01.jpg
VGGFace2,n000033,Abhinav_Bindra,0016_01.jpg,vggface2_balanced_100_100/n000033/0016_01.jpg
VGGFace2,n000033,Abhinav_Bindra,0016_02.jpg,vggface2_balanced_100_100/n000033/0016_02.jpg
VGGFace2,n000033,Abhinav_Bindra,0017_01.jpg,vggface2_balanced_100_100/n000033/0017_01.jpg
VGGFace2,n000033,Abhinav_Bindra,0018_01.jpg,vggface2_balanced_100_100/n000033/0018_01.jpg
VGGFace2,n000033,Abhinav_Bindra,0020_01.jpg,vggface2_balanced_100_100/n000033/0020_01.jpg
VGGFace2,n000033,Abhinav_Bindra,0021_01.jpg,vggface2_balanced_100_100/n000033/0021_01.jpg
VGGFace2,n000033,Abhinav_Bindra,0022_01.jpg,vggface2_balanced_100_100/n000033/0022_01.jpg
VGGFace2,n000033,Abhinav_Bindra,0023_01.jpg,vggface2_balanced_100_100/n000033/0023_01.jpg
VGGFace2,n000033,Abhinav_Bindra,0024_01.jpg,vggface2_balanced_100_100/n000033/0024_01.jpg
VGGFace2,n000033,Abhinav_Bindra,0025_01.jpg,vggface2_balanced_100_100/n000033/0025_01.jpg
VGGFace2,n000033,Abhinav_Bindra,0026_01.jpg,vggface2_balanced_100_100/n000033/0026_01.jpg
VGGFace2,n000033,Abhinav_Bindra,0027_01.jpg,vggface2_balanced_100_100/n000033/0027_01.jpg
VGGFace2,n000033,Abhinav_Bindra,0028_01.jpg,vggface2_balanced_100_100/n000033/0028_01.jpg
VGGFace2,n000033,Abhinav_Bindra,0029_01.jpg,vggface2_balanced_100_100/n000033/0029_01.jpg
VGGFace2,n000033,Abhinav_Bindra,0030_01.jpg,vggface2_balanced_100_100/n000033/0030_01.jpg
VGGFace2,n000033,Abhinav_Bindra,0031_01.jpg,vggface2_balanced_100_100/n000033/0031_01.jpg
VGGFace2,n000033,Abhinav_Bindra,0032_02.jpg,vggface2_balanced_100_100/n000033/0032_02.jpg
VGGFace2,n000033,Abhinav_Bindra,0033_01.jpg,vggface2_balanced_100_100/n000033/0033_01.jpg
VGGFace2,n000033,Abhinav_Bindra,0034_01.jpg,vggface2_balanced_100_100/n000033/0034_01.jpg
VGGFace2,n000033,Abhinav_Bindra,0034_02.jpg,vggface2_balanced_100_100/n000033/0034_02.jpg
VGGFace2,n000033,Abhinav_Bindra,0035_01.jpg,vggface2_balanced_100_100/n000033/0035_01.jpg
VGGFace2,n000033,Abhinav_Bindra,0036_01.jpg,vggface2_balanced_100_100/n000033/0036_01.jpg
VGGFace2,n000033,Abhinav_Bindra,0037_01.jpg,vggface2_balanced_100_100/n000033/0037_01.jpg
VGGFace2,n000033,Abhinav_Bindra,0038_01.jpg,vggface2_balanced_100_100/n000033/0038_01.jpg
VGGFace2,n000033,Abhinav_Bindra,0039_01.jpg,vggface2_balanced_100_100/n000033/0039_01.jpg
VGGFace2,n000033,Abhinav_Bindra,0040_01.jpg,vggface2_balanced_100_100/n000033/0040_01.jpg
VGGFace2,n000033,Abhinav_Bindra,0041_01.jpg,vggface2_balanced_100_100/n000033/0041_01.jpg
VGGFace2,n000033,Abhinav_Bindra,0042_01.jpg,vggface2_balanced_100_100/n000033/0042_01.jpg
VGGFace2,n000033,Abhinav_Bindra,0042_02.jpg,vggface2_balanced_100_100/n000033/0042_02.jpg
VGGFace2,n000033,Abhinav_Bindra,0043_01.jpg,vggface2_balanced_100_100/n000033/0043_01.jpg
VGGFace2,n000033,Abhinav_Bindra,0044_01.jpg,vggface2_balanced_100_100/n000033/0044_01.jpg
VGGFace2,n000033,Abhinav_Bindra,0045_03.jpg,vggface2_balanced_100_100/n000033/0045_03.jpg
VGGFace2,n000033,Abhinav_Bindra,0046_01.jpg,vggface2_balanced_100_100/n000033/0046_01.jpg
VGGFace2,n000033,Abhinav_Bindra,0047_01.jpg,vggface2_balanced_100_100/n000033/0047_01.jpg
VGGFace2,n000033,Abhinav_Bindra,0048_01.jpg,vggface2_balanced_100_100/n000033/0048_01.jpg
VGGFace2,n000033,Abhinav_Bindra,0049_01.jpg,vggface2_balanced_100_100/n000033/0049_01.jpg
VGGFace2,n000033,Abhinav_Bindra,0050_01.jpg,vggface2_balanced_100_100/n000033/0050_01.jpg
VGGFace2,n000033,Abhinav_Bindra,0051_01.jpg,vggface2_balanced_100_100/n000033/0051_01.jpg
VGGFace2,n000033,Abhinav_Bindra,0052_01.jpg,vggface2_balanced_100_100/n000033/0052_01.jpg
VGGFace2,n000033,Abhinav_Bindra,0053_01.jpg,vggface2_balanced_100_100/n000033/0053_01.jpg
VGGFace2,n000033,Abhinav_Bindra,0054_01.jpg,vggface2_balanced_100_100/n000033/0054_01.jpg
VGGFace2,n000033,Abhinav_Bindra,0055_01.jpg,vggface2_balanced_100_100/n000033/0055_01.jpg
VGGFace2,n000033,Abhinav_Bindra,0056_02.jpg,vggface2_balanced_100_100/n000033/0056_02.jpg
VGGFace2,n000033,Abhinav_Bindra,0057_01.jpg,vggface2_balanced_100_100/n000033/0057_01.jpg
VGGFace2,n000033,Abhinav_Bindra,0058_01.jpg,vggface2_balanced_100_100/n000033/0058_01.jpg
VGGFace2,n000033,Abhinav_Bindra,0059_01.jpg,vggface2_balanced_100_100/n000033/0059_01.jpg
VGGFace2,n000033,Abhinav_Bindra,0060_01.jpg,vggface2_balanced_100_100/n000033/0060_01.jpg
VGGFace2,n000033,Abhinav_Bindra,0061_01.jpg,vggface2_balanced_100_100/n000033/0061_01.jpg
VGGFace2,n000033,Abhinav_Bindra,0062_01.jpg,vggface2_balanced_100_100/n000033/0062_01.jpg
VGGFace2,n000033,Abhinav_Bindra,0063_01.jpg,vggface2_balanced_100_100/n000033/0063_01.jpg
VGGFace2,n000033,Abhinav_Bindra,0064_01.jpg,vggface2_balanced_100_100/n000033/0064_01.jpg
VGGFace2,n000033,Abhinav_Bindra,0065_01.jpg,vggface2_balanced_100_100/n000033/0065_01.jpg
VGGFace2,n000033,Abhinav_Bindra,0066_02.jpg,vggface2_balanced_100_100/n000033/0066_02.jpg
VGGFace2,n000033,Abhinav_Bindra,0067_01.jpg,vggface2_balanced_100_100/n000033/0067_01.jpg
VGGFace2,n000033,Abhinav_Bindra,0067_02.jpg,vggface2_balanced_100_100/n000033/0067_02.jpg
VGGFace2,n000033,Abhinav_Bindra,0068_01.jpg,vggface2_balanced_100_100/n000033/0068_01.jpg
VGGFace2,n000033,Abhinav_Bindra,0069_01.jpg,vggface2_balanced_100_100/n000033/0069_01.jpg
VGGFace2,n000033,Abhinav_Bindra,0070_01.jpg,vggface2_balanced_100_100/n000033/0070_01.jpg
VGGFace2,n000033,Abhinav_Bindra,0071_01.jpg,vggface2_balanced_100_100/n000033/0071_01.jpg
VGGFace2,n000033,Abhinav_Bindra,0072_01.jpg,vggface2_balanced_100_100/n000033/0072_01.jpg
VGGFace2,n000033,Abhinav_Bindra,0073_02.jpg,vggface2_balanced_100_100/n000033/0073_02.jpg
VGGFace2,n000033,Abhinav_Bindra,0074_01.jpg,vggface2_balanced_100_100/n000033/0074_01.jpg
VGGFace2,n000033,Abhinav_Bindra,0075_01.jpg,vggface2_balanced_100_100/n000033/0075_01.jpg
VGGFace2,n000033,Abhinav_Bindra,0076_01.jpg,vggface2_balanced_100_100/n000033/0076_01.jpg
VGGFace2,n000033,Abhinav_Bindra,0077_01.jpg,vggface2_balanced_100_100/n000033/0077_01.jpg
VGGFace2,n000033,Abhinav_Bindra,0078_02.jpg,vggface2_balanced_100_100/n000033/0078_02.jpg
VGGFace2,n000033,Abhinav_Bindra,0079_01.jpg,vggface2_balanced_100_100/n000033/0079_01.jpg
VGGFace2,n000033,Abhinav_Bindra,0080_01.jpg,vggface2_balanced_100_100/n000033/0080_01.jpg
VGGFace2,n000033,Abhinav_Bindra,0081_01.jpg,vggface2_balanced_100_100/n000033/0081_01.jpg
VGGFace2,n000033,Abhinav_Bindra,0082_02.jpg,vggface2_balanced_100_100/n000033/0082_02.jpg
VGGFace2,n000033,Abhinav_Bindra,0083_02.jpg,vggface2_balanced_100_100/n000033/0083_02.jpg
VGGFace2,n000033,Abhinav_Bindra,0084_05.jpg,vggface2_balanced_100_100/n000033/0084_05.jpg
VGGFace2,n000033,Abhinav_Bindra,0085_01.jpg,vggface2_balanced_100_100/n000033/0085_01.jpg
VGGFace2,n000033,Abhinav_Bindra,0086_01.jpg,vggface2_balanced_100_100/n000033/0086_01.jpg
VGGFace2,n000033,Abhinav_Bindra,0087_01.jpg,vggface2_balanced_100_100/n000033/0087_01.jpg
VGGFace2,n000033,Abhinav_Bindra,0088_01.jpg,vggface2_balanced_100_100/n000033/0088_01.jpg
VGGFace2,n000033,Abhinav_Bindra,0089_01.jpg,vggface2_balanced_100_100/n000033/0089_01.jpg
VGGFace2,n000033,Abhinav_Bindra,0090_01.jpg,vggface2_balanced_100_100/n000033/0090_01.jpg
VGGFace2,n000033,Abhinav_Bindra,0091_01.jpg,vggface2_balanced_100_100/n000033/0091_01.jpg
VGGFace2,n000033,Abhinav_Bindra,0092_01.jpg,vggface2_balanced_100_100/n000033/0092_01.jpg
VGGFace2,n000033,Abhinav_Bindra,0093_01.jpg,vggface2_balanced_100_100/n000033/0093_01.jpg
VGGFace2,n000033,Abhinav_Bindra,0094_01.jpg,vggface2_balanced_100_100/n000033/0094_01.jpg
VGGFace2,n000033,Abhinav_Bindra,0095_01.jpg,vggface2_balanced_100_100/n000033/0095_01.jpg
VGGFace2,n000033,Abhinav_Bindra,0096_01.jpg,vggface2_balanced_100_100/n000033/0096_01.jpg
VGGFace2,n000033,Abhinav_Bindra,0096_02.jpg,vggface2_balanced_100_100/n000033/0096_02.jpg
VGGFace2,n000034,Abou_Diaby,0001_01.jpg,vggface2_balanced_100_100/n000034/0001_01.jpg
VGGFace2,n000034,Abou_Diaby,0002_01.jpg,vggface2_balanced_100_100/n000034/0002_01.jpg
VGGFace2,n000034,Abou_Diaby,0003_01.jpg,vggface2_balanced_100_100/n000034/0003_01.jpg
VGGFace2,n000034,Abou_Diaby,0004_01.jpg,vggface2_balanced_100_100/n000034/0004_01.jpg
VGGFace2,n000034,Abou_Diaby,0005_01.jpg,vggface2_balanced_100_100/n000034/0005_01.jpg
VGGFace2,n000034,Abou_Diaby,0006_01.jpg,vggface2_balanced_100_100/n000034/0006_01.jpg
VGGFace2,n000034,Abou_Diaby,0007_01.jpg,vggface2_balanced_100_100/n000034/0007_01.jpg
VGGFace2,n000034,Abou_Diaby,0008_01.jpg,vggface2_balanced_100_100/n000034/0008_01.jpg
VGGFace2,n000034,Abou_Diaby,0009_01.jpg,vggface2_balanced_100_100/n000034/0009_01.jpg
VGGFace2,n000034,Abou_Diaby,0010_01.jpg,vggface2_balanced_100_100/n000034/0010_01.jpg
VGGFace2,n000034,Abou_Diaby,0011_01.jpg,vggface2_balanced_100_100/n000034/0011_01.jpg
VGGFace2,n000034,Abou_Diaby,0012_01.jpg,vggface2_balanced_100_100/n000034/0012_01.jpg
VGGFace2,n000034,Abou_Diaby,0013_01.jpg,vggface2_balanced_100_100/n000034/0013_01.jpg
VGGFace2,n000034,Abou_Diaby,0014_01.jpg,vggface2_balanced_100_100/n000034/0014_01.jpg
VGGFace2,n000034,Abou_Diaby,0015_01.jpg,vggface2_balanced_100_100/n000034/0015_01.jpg
VGGFace2,n000034,Abou_Diaby,0016_01.jpg,vggface2_balanced_100_100/n000034/0016_01.jpg
VGGFace2,n000034,Abou_Diaby,0017_01.jpg,vggface2_balanced_100_100/n000034/0017_01.jpg
VGGFace2,n000034,Abou_Diaby,0018_01.jpg,vggface2_balanced_100_100/n000034/0018_01.jpg
VGGFace2,n000034,Abou_Diaby,0019_01.jpg,vggface2_balanced_100_100/n000034/0019_01.jpg
VGGFace2,n000034,Abou_Diaby,0020_02.jpg,vggface2_balanced_100_100/n000034/0020_02.jpg
VGGFace2,n000034,Abou_Diaby,0021_01.jpg,vggface2_balanced_100_100/n000034/0021_01.jpg
VGGFace2,n000034,Abou_Diaby,0022_01.jpg,vggface2_balanced_100_100/n000034/0022_01.jpg
VGGFace2,n000034,Abou_Diaby,0023_01.jpg,vggface2_balanced_100_100/n000034/0023_01.jpg
VGGFace2,n000034,Abou_Diaby,0024_01.jpg,vggface2_balanced_100_100/n000034/0024_01.jpg
VGGFace2,n000034,Abou_Diaby,0025_02.jpg,vggface2_balanced_100_100/n000034/0025_02.jpg
VGGFace2,n000034,Abou_Diaby,0026_01.jpg,vggface2_balanced_100_100/n000034/0026_01.jpg
VGGFace2,n000034,Abou_Diaby,0027_01.jpg,vggface2_balanced_100_100/n000034/0027_01.jpg
VGGFace2,n000034,Abou_Diaby,0028_01.jpg,vggface2_balanced_100_100/n000034/0028_01.jpg
VGGFace2,n000034,Abou_Diaby,0029_01.jpg,vggface2_balanced_100_100/n000034/0029_01.jpg
VGGFace2,n000034,Abou_Diaby,0030_01.jpg,vggface2_balanced_100_100/n000034/0030_01.jpg
VGGFace2,n000034,Abou_Diaby,0031_01.jpg,vggface2_balanced_100_100/n000034/0031_01.jpg
VGGFace2,n000034,Abou_Diaby,0032_01.jpg,vggface2_balanced_100_100/n000034/0032_01.jpg
VGGFace2,n000034,Abou_Diaby,0033_01.jpg,vggface2_balanced_100_100/n000034/0033_01.jpg
VGGFace2,n000034,Abou_Diaby,0034_01.jpg,vggface2_balanced_100_100/n000034/0034_01.jpg
VGGFace2,n000034,Abou_Diaby,0035_01.jpg,vggface2_balanced_100_100/n000034/0035_01.jpg
VGGFace2,n000034,Abou_Diaby,0036_01.jpg,vggface2_balanced_100_100/n000034/0036_01.jpg
VGGFace2,n000034,Abou_Diaby,0037_01.jpg,vggface2_balanced_100_100/n000034/0037_01.jpg
VGGFace2,n000034,Abou_Diaby,0038_01.jpg,vggface2_balanced_100_100/n000034/0038_01.jpg
VGGFace2,n000034,Abou_Diaby,0039_05.jpg,vggface2_balanced_100_100/n000034/0039_05.jpg
VGGFace2,n000034,Abou_Diaby,0040_01.jpg,vggface2_balanced_100_100/n000034/0040_01.jpg
VGGFace2,n000034,Abou_Diaby,0041_01.jpg,vggface2_balanced_100_100/n000034/0041_01.jpg
VGGFace2,n000034,Abou_Diaby,0042_01.jpg,vggface2_balanced_100_100/n000034/0042_01.jpg
VGGFace2,n000034,Abou_Diaby,0043_01.jpg,vggface2_balanced_100_100/n000034/0043_01.jpg
VGGFace2,n000034,Abou_Diaby,0044_01.jpg,vggface2_balanced_100_100/n000034/0044_01.jpg
VGGFace2,n000034,Abou_Diaby,0045_01.jpg,vggface2_balanced_100_100/n000034/0045_01.jpg
VGGFace2,n000034,Abou_Diaby,0046_01.jpg,vggface2_balanced_100_100/n000034/0046_01.jpg
VGGFace2,n000034,Abou_Diaby,0047_01.jpg,vggface2_balanced_100_100/n000034/0047_01.jpg
VGGFace2,n000034,Abou_Diaby,0048_01.jpg,vggface2_balanced_100_100/n000034/0048_01.jpg
VGGFace2,n000034,Abou_Diaby,0049_01.jpg,vggface2_balanced_100_100/n000034/0049_01.jpg
VGGFace2,n000034,Abou_Diaby,0050_01.jpg,vggface2_balanced_100_100/n000034/0050_01.jpg
VGGFace2,n000034,Abou_Diaby,0051_01.jpg,vggface2_balanced_100_100/n000034/0051_01.jpg
VGGFace2,n000034,Abou_Diaby,0052_01.jpg,vggface2_balanced_100_100/n000034/0052_01.jpg
VGGFace2,n000034,Abou_Diaby,0053_01.jpg,vggface2_balanced_100_100/n000034/0053_01.jpg
VGGFace2,n000034,Abou_Diaby,0054_01.jpg,vggface2_balanced_100_100/n000034/0054_01.jpg
VGGFace2,n000034,Abou_Diaby,0055_01.jpg,vggface2_balanced_100_100/n000034/0055_01.jpg
VGGFace2,n000034,Abou_Diaby,0056_01.jpg,vggface2_balanced_100_100/n000034/0056_01.jpg
VGGFace2,n000034,Abou_Diaby,0057_01.jpg,vggface2_balanced_100_100/n000034/0057_01.jpg
VGGFace2,n000034,Abou_Diaby,0058_01.jpg,vggface2_balanced_100_100/n000034/0058_01.jpg
VGGFace2,n000034,Abou_Diaby,0059_01.jpg,vggface2_balanced_100_100/n000034/0059_01.jpg
VGGFace2,n000034,Abou_Diaby,0060_01.jpg,vggface2_balanced_100_100/n000034/0060_01.jpg
VGGFace2,n000034,Abou_Diaby,0061_01.jpg,vggface2_balanced_100_100/n000034/0061_01.jpg
VGGFace2,n000034,Abou_Diaby,0062_01.jpg,vggface2_balanced_100_100/n000034/0062_01.jpg
VGGFace2,n000034,Abou_Diaby,0063_01.jpg,vggface2_balanced_100_100/n000034/0063_01.jpg
VGGFace2,n000034,Abou_Diaby,0064_02.jpg,vggface2_balanced_100_100/n000034/0064_02.jpg
VGGFace2,n000034,Abou_Diaby,0065_01.jpg,vggface2_balanced_100_100/n000034/0065_01.jpg
VGGFace2,n000034,Abou_Diaby,0066_01.jpg,vggface2_balanced_100_100/n000034/0066_01.jpg
VGGFace2,n000034,Abou_Diaby,0067_01.jpg,vggface2_balanced_100_100/n000034/0067_01.jpg
VGGFace2,n000034,Abou_Diaby,0068_01.jpg,vggface2_balanced_100_100/n000034/0068_01.jpg
VGGFace2,n000034,Abou_Diaby,0069_02.jpg,vggface2_balanced_100_100/n000034/0069_02.jpg
VGGFace2,n000034,Abou_Diaby,0070_01.jpg,vggface2_balanced_100_100/n000034/0070_01.jpg
VGGFace2,n000034,Abou_Diaby,0071_01.jpg,vggface2_balanced_100_100/n000034/0071_01.jpg
VGGFace2,n000034,Abou_Diaby,0072_01.jpg,vggface2_balanced_100_100/n000034/0072_01.jpg
VGGFace2,n000034,Abou_Diaby,0073_01.jpg,vggface2_balanced_100_100/n000034/0073_01.jpg
VGGFace2,n000034,Abou_Diaby,0074_01.jpg,vggface2_balanced_100_100/n000034/0074_01.jpg
VGGFace2,n000034,Abou_Diaby,0075_01.jpg,vggface2_balanced_100_100/n000034/0075_01.jpg
VGGFace2,n000034,Abou_Diaby,0076_02.jpg,vggface2_balanced_100_100/n000034/0076_02.jpg
VGGFace2,n000034,Abou_Diaby,0077_01.jpg,vggface2_balanced_100_100/n000034/0077_01.jpg
VGGFace2,n000034,Abou_Diaby,0078_03.jpg,vggface2_balanced_100_100/n000034/0078_03.jpg
VGGFace2,n000034,Abou_Diaby,0079_01.jpg,vggface2_balanced_100_100/n000034/0079_01.jpg
VGGFace2,n000034,Abou_Diaby,0080_01.jpg,vggface2_balanced_100_100/n000034/0080_01.jpg
VGGFace2,n000034,Abou_Diaby,0081_01.jpg,vggface2_balanced_100_100/n000034/0081_01.jpg
VGGFace2,n000034,Abou_Diaby,0082_01.jpg,vggface2_balanced_100_100/n000034/0082_01.jpg
VGGFace2,n000034,Abou_Diaby,0083_01.jpg,vggface2_balanced_100_100/n000034/0083_01.jpg
VGGFace2,n000034,Abou_Diaby,0084_01.jpg,vggface2_balanced_100_100/n000034/0084_01.jpg
VGGFace2,n000034,Abou_Diaby,0085_01.jpg,vggface2_balanced_100_100/n000034/0085_01.jpg
VGGFace2,n000034,Abou_Diaby,0086_01.jpg,vggface2_balanced_100_100/n000034/0086_01.jpg
VGGFace2,n000034,Abou_Diaby,0087_02.jpg,vggface2_balanced_100_100/n000034/0087_02.jpg
VGGFace2,n000034,Abou_Diaby,0088_01.jpg,vggface2_balanced_100_100/n000034/0088_01.jpg
VGGFace2,n000034,Abou_Diaby,0089_01.jpg,vggface2_balanced_100_100/n000034/0089_01.jpg
VGGFace2,n000034,Abou_Diaby,0090_01.jpg,vggface2_balanced_100_100/n000034/0090_01.jpg
VGGFace2,n000034,Abou_Diaby,0091_01.jpg,vggface2_balanced_100_100/n000034/0091_01.jpg
VGGFace2,n000034,Abou_Diaby,0092_01.jpg,vggface2_balanced_100_100/n000034/0092_01.jpg
VGGFace2,n000034,Abou_Diaby,0093_01.jpg,vggface2_balanced_100_100/n000034/0093_01.jpg
VGGFace2,n000034,Abou_Diaby,0094_01.jpg,vggface2_balanced_100_100/n000034/0094_01.jpg
VGGFace2,n000034,Abou_Diaby,0095_01.jpg,vggface2_balanced_100_100/n000034/0095_01.jpg
VGGFace2,n000034,Abou_Diaby,0096_02.jpg,vggface2_balanced_100_100/n000034/0096_02.jpg
VGGFace2,n000034,Abou_Diaby,0097_01.jpg,vggface2_balanced_100_100/n000034/0097_01.jpg
VGGFace2,n000034,Abou_Diaby,0098_01.jpg,vggface2_balanced_100_100/n000034/0098_01.jpg
VGGFace2,n000034,Abou_Diaby,0099_02.jpg,vggface2_balanced_100_100/n000034/0099_02.jpg
VGGFace2,n000034,Abou_Diaby,0100_01.jpg,vggface2_balanced_100_100/n000034/0100_01.jpg
VGGFace2,n000035,Abu_Qatada,0001_01.jpg,vggface2_balanced_100_100/n000035/0001_01.jpg
VGGFace2,n000035,Abu_Qatada,0002_01.jpg,vggface2_balanced_100_100/n000035/0002_01.jpg
VGGFace2,n000035,Abu_Qatada,0003_03.jpg,vggface2_balanced_100_100/n000035/0003_03.jpg
VGGFace2,n000035,Abu_Qatada,0004_01.jpg,vggface2_balanced_100_100/n000035/0004_01.jpg
VGGFace2,n000035,Abu_Qatada,0005_01.jpg,vggface2_balanced_100_100/n000035/0005_01.jpg
VGGFace2,n000035,Abu_Qatada,0006_01.jpg,vggface2_balanced_100_100/n000035/0006_01.jpg
VGGFace2,n000035,Abu_Qatada,0007_01.jpg,vggface2_balanced_100_100/n000035/0007_01.jpg
VGGFace2,n000035,Abu_Qatada,0008_01.jpg,vggface2_balanced_100_100/n000035/0008_01.jpg
VGGFace2,n000035,Abu_Qatada,0009_01.jpg,vggface2_balanced_100_100/n000035/0009_01.jpg
VGGFace2,n000035,Abu_Qatada,0010_01.jpg,vggface2_balanced_100_100/n000035/0010_01.jpg
VGGFace2,n000035,Abu_Qatada,0011_01.jpg,vggface2_balanced_100_100/n000035/0011_01.jpg
VGGFace2,n000035,Abu_Qatada,0012_01.jpg,vggface2_balanced_100_100/n000035/0012_01.jpg
VGGFace2,n000035,Abu_Qatada,0013_01.jpg,vggface2_balanced_100_100/n000035/0013_01.jpg
VGGFace2,n000035,Abu_Qatada,0014_01.jpg,vggface2_balanced_100_100/n000035/0014_01.jpg
VGGFace2,n000035,Abu_Qatada,0015_01.jpg,vggface2_balanced_100_100/n000035/0015_01.jpg
VGGFace2,n000035,Abu_Qatada,0016_01.jpg,vggface2_balanced_100_100/n000035/0016_01.jpg
VGGFace2,n000035,Abu_Qatada,0017_01.jpg,vggface2_balanced_100_100/n000035/0017_01.jpg
VGGFace2,n000035,Abu_Qatada,0018_01.jpg,vggface2_balanced_100_100/n000035/0018_01.jpg
VGGFace2,n000035,Abu_Qatada,0019_01.jpg,vggface2_balanced_100_100/n000035/0019_01.jpg
VGGFace2,n000035,Abu_Qatada,0020_01.jpg,vggface2_balanced_100_100/n000035/0020_01.jpg
VGGFace2,n000035,Abu_Qatada,0021_01.jpg,vggface2_balanced_100_100/n000035/0021_01.jpg
VGGFace2,n000035,Abu_Qatada,0022_01.jpg,vggface2_balanced_100_100/n000035/0022_01.jpg
VGGFace2,n000035,Abu_Qatada,0023_01.jpg,vggface2_balanced_100_100/n000035/0023_01.jpg
VGGFace2,n000035,Abu_Qatada,0024_01.jpg,vggface2_balanced_100_100/n000035/0024_01.jpg
VGGFace2,n000035,Abu_Qatada,0025_01.jpg,vggface2_balanced_100_100/n000035/0025_01.jpg
VGGFace2,n000035,Abu_Qatada,0026_01.jpg,vggface2_balanced_100_100/n000035/0026_01.jpg
VGGFace2,n000035,Abu_Qatada,0027_01.jpg,vggface2_balanced_100_100/n000035/0027_01.jpg
VGGFace2,n000035,Abu_Qatada,0028_01.jpg,vggface2_balanced_100_100/n000035/0028_01.jpg
VGGFace2,n000035,Abu_Qatada,0029_01.jpg,vggface2_balanced_100_100/n000035/0029_01.jpg
VGGFace2,n000035,Abu_Qatada,0030_01.jpg,vggface2_balanced_100_100/n000035/0030_01.jpg
VGGFace2,n000035,Abu_Qatada,0031_01.jpg,vggface2_balanced_100_100/n000035/0031_01.jpg
VGGFace2,n000035,Abu_Qatada,0032_01.jpg,vggface2_balanced_100_100/n000035/0032_01.jpg
VGGFace2,n000035,Abu_Qatada,0033_03.jpg,vggface2_balanced_100_100/n000035/0033_03.jpg
VGGFace2,n000035,Abu_Qatada,0034_01.jpg,vggface2_balanced_100_100/n000035/0034_01.jpg
VGGFace2,n000035,Abu_Qatada,0034_02.jpg,vggface2_balanced_100_100/n000035/0034_02.jpg
VGGFace2,n000035,Abu_Qatada,0035_01.jpg,vggface2_balanced_100_100/n000035/0035_01.jpg
VGGFace2,n000035,Abu_Qatada,0036_01.jpg,vggface2_balanced_100_100/n000035/0036_01.jpg
VGGFace2,n000035,Abu_Qatada,0037_02.jpg,vggface2_balanced_100_100/n000035/0037_02.jpg
VGGFace2,n000035,Abu_Qatada,0038_01.jpg,vggface2_balanced_100_100/n000035/0038_01.jpg
VGGFace2,n000035,Abu_Qatada,0039_01.jpg,vggface2_balanced_100_100/n000035/0039_01.jpg
VGGFace2,n000035,Abu_Qatada,0040_01.jpg,vggface2_balanced_100_100/n000035/0040_01.jpg
VGGFace2,n000035,Abu_Qatada,0041_01.jpg,vggface2_balanced_100_100/n000035/0041_01.jpg
VGGFace2,n000035,Abu_Qatada,0042_01.jpg,vggface2_balanced_100_100/n000035/0042_01.jpg
VGGFace2,n000035,Abu_Qatada,0043_01.jpg,vggface2_balanced_100_100/n000035/0043_01.jpg
VGGFace2,n000035,Abu_Qatada,0044_02.jpg,vggface2_balanced_100_100/n000035/0044_02.jpg
VGGFace2,n000035,Abu_Qatada,0045_01.jpg,vggface2_balanced_100_100/n000035/0045_01.jpg
VGGFace2,n000035,Abu_Qatada,0046_01.jpg,vggface2_balanced_100_100/n000035/0046_01.jpg
VGGFace2,n000035,Abu_Qatada,0047_01.jpg,vggface2_balanced_100_100/n000035/0047_01.jpg
VGGFace2,n000035,Abu_Qatada,0048_01.jpg,vggface2_balanced_100_100/n000035/0048_01.jpg
VGGFace2,n000035,Abu_Qatada,0049_01.jpg,vggface2_balanced_100_100/n000035/0049_01.jpg
VGGFace2,n000035,Abu_Qatada,0050_01.jpg,vggface2_balanced_100_100/n000035/0050_01.jpg
VGGFace2,n000035,Abu_Qatada,0051_01.jpg,vggface2_balanced_100_100/n000035/0051_01.jpg
VGGFace2,n000035,Abu_Qatada,0052_01.jpg,vggface2_balanced_100_100/n000035/0052_01.jpg
VGGFace2,n000035,Abu_Qatada,0053_01.jpg,vggface2_balanced_100_100/n000035/0053_01.jpg
VGGFace2,n000035,Abu_Qatada,0054_01.jpg,vggface2_balanced_100_100/n000035/0054_01.jpg
VGGFace2,n000035,Abu_Qatada,0055_01.jpg,vggface2_balanced_100_100/n000035/0055_01.jpg
VGGFace2,n000035,Abu_Qatada,0056_01.jpg,vggface2_balanced_100_100/n000035/0056_01.jpg
VGGFace2,n000035,Abu_Qatada,0057_01.jpg,vggface2_balanced_100_100/n000035/0057_01.jpg
VGGFace2,n000035,Abu_Qatada,0058_02.jpg,vggface2_balanced_100_100/n000035/0058_02.jpg
VGGFace2,n000035,Abu_Qatada,0059_01.jpg,vggface2_balanced_100_100/n000035/0059_01.jpg
VGGFace2,n000035,Abu_Qatada,0060_01.jpg,vggface2_balanced_100_100/n000035/0060_01.jpg
VGGFace2,n000035,Abu_Qatada,0061_01.jpg,vggface2_balanced_100_100/n000035/0061_01.jpg
VGGFace2,n000035,Abu_Qatada,0062_01.jpg,vggface2_balanced_100_100/n000035/0062_01.jpg
VGGFace2,n000035,Abu_Qatada,0063_01.jpg,vggface2_balanced_100_100/n000035/0063_01.jpg
VGGFace2,n000035,Abu_Qatada,0064_01.jpg,vggface2_balanced_100_100/n000035/0064_01.jpg
VGGFace2,n000035,Abu_Qatada,0065_01.jpg,vggface2_balanced_100_100/n000035/0065_01.jpg
VGGFace2,n000035,Abu_Qatada,0066_01.jpg,vggface2_balanced_100_100/n000035/0066_01.jpg
VGGFace2,n000035,Abu_Qatada,0067_01.jpg,vggface2_balanced_100_100/n000035/0067_01.jpg
VGGFace2,n000035,Abu_Qatada,0068_01.jpg,vggface2_balanced_100_100/n000035/0068_01.jpg
VGGFace2,n000035,Abu_Qatada,0069_01.jpg,vggface2_balanced_100_100/n000035/0069_01.jpg
VGGFace2,n000035,Abu_Qatada,0070_01.jpg,vggface2_balanced_100_100/n000035/0070_01.jpg
VGGFace2,n000035,Abu_Qatada,0071_01.jpg,vggface2_balanced_100_100/n000035/0071_01.jpg
VGGFace2,n000035,Abu_Qatada,0072_01.jpg,vggface2_balanced_100_100/n000035/0072_01.jpg
VGGFace2,n000035,Abu_Qatada,0072_02.jpg,vggface2_balanced_100_100/n000035/0072_02.jpg
VGGFace2,n000035,Abu_Qatada,0072_04.jpg,vggface2_balanced_100_100/n000035/0072_04.jpg
VGGFace2,n000035,Abu_Qatada,0073_01.jpg,vggface2_balanced_100_100/n000035/0073_01.jpg
VGGFace2,n000035,Abu_Qatada,0074_01.jpg,vggface2_balanced_100_100/n000035/0074_01.jpg
VGGFace2,n000035,Abu_Qatada,0075_01.jpg,vggface2_balanced_100_100/n000035/0075_01.jpg
VGGFace2,n000035,Abu_Qatada,0076_01.jpg,vggface2_balanced_100_100/n000035/0076_01.jpg
VGGFace2,n000035,Abu_Qatada,0077_01.jpg,vggface2_balanced_100_100/n000035/0077_01.jpg
VGGFace2,n000035,Abu_Qatada,0078_01.jpg,vggface2_balanced_100_100/n000035/0078_01.jpg
VGGFace2,n000035,Abu_Qatada,0079_01.jpg,vggface2_balanced_100_100/n000035/0079_01.jpg
VGGFace2,n000035,Abu_Qatada,0080_01.jpg,vggface2_balanced_100_100/n000035/0080_01.jpg
VGGFace2,n000035,Abu_Qatada,0081_01.jpg,vggface2_balanced_100_100/n000035/0081_01.jpg
VGGFace2,n000035,Abu_Qatada,0082_01.jpg,vggface2_balanced_100_100/n000035/0082_01.jpg
VGGFace2,n000035,Abu_Qatada,0083_01.jpg,vggface2_balanced_100_100/n000035/0083_01.jpg
VGGFace2,n000035,Abu_Qatada,0084_01.jpg,vggface2_balanced_100_100/n000035/0084_01.jpg
VGGFace2,n000035,Abu_Qatada,0085_01.jpg,vggface2_balanced_100_100/n000035/0085_01.jpg
VGGFace2,n000035,Abu_Qatada,0086_01.jpg,vggface2_balanced_100_100/n000035/0086_01.jpg
VGGFace2,n000035,Abu_Qatada,0087_01.jpg,vggface2_balanced_100_100/n000035/0087_01.jpg
VGGFace2,n000035,Abu_Qatada,0088_02.jpg,vggface2_balanced_100_100/n000035/0088_02.jpg
VGGFace2,n000035,Abu_Qatada,0089_01.jpg,vggface2_balanced_100_100/n000035/0089_01.jpg
VGGFace2,n000035,Abu_Qatada,0090_01.jpg,vggface2_balanced_100_100/n000035/0090_01.jpg
VGGFace2,n000035,Abu_Qatada,0091_04.jpg,vggface2_balanced_100_100/n000035/0091_04.jpg
VGGFace2,n000035,Abu_Qatada,0091_06.jpg,vggface2_balanced_100_100/n000035/0091_06.jpg
VGGFace2,n000035,Abu_Qatada,0091_07.jpg,vggface2_balanced_100_100/n000035/0091_07.jpg
VGGFace2,n000035,Abu_Qatada,0092_02.jpg,vggface2_balanced_100_100/n000035/0092_02.jpg
VGGFace2,n000035,Abu_Qatada,0093_01.jpg,vggface2_balanced_100_100/n000035/0093_01.jpg
VGGFace2,n000035,Abu_Qatada,0094_01.jpg,vggface2_balanced_100_100/n000035/0094_01.jpg
VGGFace2,n000035,Abu_Qatada,0095_01.jpg,vggface2_balanced_100_100/n000035/0095_01.jpg
VGGFace2,n000036,Aburizal_Bakrie,0001_01.jpg,vggface2_balanced_100_100/n000036/0001_01.jpg
VGGFace2,n000036,Aburizal_Bakrie,0002_01.jpg,vggface2_balanced_100_100/n000036/0002_01.jpg
VGGFace2,n000036,Aburizal_Bakrie,0003_01.jpg,vggface2_balanced_100_100/n000036/0003_01.jpg
VGGFace2,n000036,Aburizal_Bakrie,0004_05.jpg,vggface2_balanced_100_100/n000036/0004_05.jpg
VGGFace2,n000036,Aburizal_Bakrie,0005_01.jpg,vggface2_balanced_100_100/n000036/0005_01.jpg
VGGFace2,n000036,Aburizal_Bakrie,0006_02.jpg,vggface2_balanced_100_100/n000036/0006_02.jpg
VGGFace2,n000036,Aburizal_Bakrie,0007_01.jpg,vggface2_balanced_100_100/n000036/0007_01.jpg
VGGFace2,n000036,Aburizal_Bakrie,0008_01.jpg,vggface2_balanced_100_100/n000036/0008_01.jpg
VGGFace2,n000036,Aburizal_Bakrie,0009_01.jpg,vggface2_balanced_100_100/n000036/0009_01.jpg
VGGFace2,n000036,Aburizal_Bakrie,0010_01.jpg,vggface2_balanced_100_100/n000036/0010_01.jpg
VGGFace2,n000036,Aburizal_Bakrie,0011_01.jpg,vggface2_balanced_100_100/n000036/0011_01.jpg
VGGFace2,n000036,Aburizal_Bakrie,0012_01.jpg,vggface2_balanced_100_100/n000036/0012_01.jpg
VGGFace2,n000036,Aburizal_Bakrie,0013_02.jpg,vggface2_balanced_100_100/n000036/0013_02.jpg
VGGFace2,n000036,Aburizal_Bakrie,0014_01.jpg,vggface2_balanced_100_100/n000036/0014_01.jpg
VGGFace2,n000036,Aburizal_Bakrie,0015_01.jpg,vggface2_balanced_100_100/n000036/0015_01.jpg
VGGFace2,n000036,Aburizal_Bakrie,0016_03.jpg,vggface2_balanced_100_100/n000036/0016_03.jpg
VGGFace2,n000036,Aburizal_Bakrie,0017_02.jpg,vggface2_balanced_100_100/n000036/0017_02.jpg
VGGFace2,n000036,Aburizal_Bakrie,0018_01.jpg,vggface2_balanced_100_100/n000036/0018_01.jpg
VGGFace2,n000036,Aburizal_Bakrie,0019_01.jpg,vggface2_balanced_100_100/n000036/0019_01.jpg
VGGFace2,n000036,Aburizal_Bakrie,0020_01.jpg,vggface2_balanced_100_100/n000036/0020_01.jpg
VGGFace2,n000036,Aburizal_Bakrie,0021_01.jpg,vggface2_balanced_100_100/n000036/0021_01.jpg
VGGFace2,n000036,Aburizal_Bakrie,0022_01.jpg,vggface2_balanced_100_100/n000036/0022_01.jpg
VGGFace2,n000036,Aburizal_Bakrie,0023_01.jpg,vggface2_balanced_100_100/n000036/0023_01.jpg
VGGFace2,n000036,Aburizal_Bakrie,0024_01.jpg,vggface2_balanced_100_100/n000036/0024_01.jpg
VGGFace2,n000036,Aburizal_Bakrie,0024_04.jpg,vggface2_balanced_100_100/n000036/0024_04.jpg
VGGFace2,n000036,Aburizal_Bakrie,0025_01.jpg,vggface2_balanced_100_100/n000036/0025_01.jpg
VGGFace2,n000036,Aburizal_Bakrie,0026_01.jpg,vggface2_balanced_100_100/n000036/0026_01.jpg
VGGFace2,n000036,Aburizal_Bakrie,0027_01.jpg,vggface2_balanced_100_100/n000036/0027_01.jpg
VGGFace2,n000036,Aburizal_Bakrie,0028_01.jpg,vggface2_balanced_100_100/n000036/0028_01.jpg
VGGFace2,n000036,Aburizal_Bakrie,0029_01.jpg,vggface2_balanced_100_100/n000036/0029_01.jpg
VGGFace2,n000036,Aburizal_Bakrie,0030_01.jpg,vggface2_balanced_100_100/n000036/0030_01.jpg
VGGFace2,n000036,Aburizal_Bakrie,0031_01.jpg,vggface2_balanced_100_100/n000036/0031_01.jpg
VGGFace2,n000036,Aburizal_Bakrie,0032_02.jpg,vggface2_balanced_100_100/n000036/0032_02.jpg
VGGFace2,n000036,Aburizal_Bakrie,0033_01.jpg,vggface2_balanced_100_100/n000036/0033_01.jpg
VGGFace2,n000036,Aburizal_Bakrie,0034_01.jpg,vggface2_balanced_100_100/n000036/0034_01.jpg
VGGFace2,n000036,Aburizal_Bakrie,0035_01.jpg,vggface2_balanced_100_100/n000036/0035_01.jpg
VGGFace2,n000036,Aburizal_Bakrie,0036_01.jpg,vggface2_balanced_100_100/n000036/0036_01.jpg
VGGFace2,n000036,Aburizal_Bakrie,0037_01.jpg,vggface2_balanced_100_100/n000036/0037_01.jpg
VGGFace2,n000036,Aburizal_Bakrie,0038_01.jpg,vggface2_balanced_100_100/n000036/0038_01.jpg
VGGFace2,n000036,Aburizal_Bakrie,0039_02.jpg,vggface2_balanced_100_100/n000036/0039_02.jpg
VGGFace2,n000036,Aburizal_Bakrie,0040_02.jpg,vggface2_balanced_100_100/n000036/0040_02.jpg
VGGFace2,n000036,Aburizal_Bakrie,0041_01.jpg,vggface2_balanced_100_100/n000036/0041_01.jpg
VGGFace2,n000036,Aburizal_Bakrie,0042_01.jpg,vggface2_balanced_100_100/n000036/0042_01.jpg
VGGFace2,n000036,Aburizal_Bakrie,0043_01.jpg,vggface2_balanced_100_100/n000036/0043_01.jpg
VGGFace2,n000036,Aburizal_Bakrie,0044_01.jpg,vggface2_balanced_100_100/n000036/0044_01.jpg
VGGFace2,n000036,Aburizal_Bakrie,0045_01.jpg,vggface2_balanced_100_100/n000036/0045_01.jpg
VGGFace2,n000036,Aburizal_Bakrie,0046_02.jpg,vggface2_balanced_100_100/n000036/0046_02.jpg
VGGFace2,n000036,Aburizal_Bakrie,0047_01.jpg,vggface2_balanced_100_100/n000036/0047_01.jpg
VGGFace2,n000036,Aburizal_Bakrie,0048_02.jpg,vggface2_balanced_100_100/n000036/0048_02.jpg
VGGFace2,n000036,Aburizal_Bakrie,0049_02.jpg,vggface2_balanced_100_100/n000036/0049_02.jpg
VGGFace2,n000036,Aburizal_Bakrie,0049_03.jpg,vggface2_balanced_100_100/n000036/0049_03.jpg
VGGFace2,n000036,Aburizal_Bakrie,0050_01.jpg,vggface2_balanced_100_100/n000036/0050_01.jpg
VGGFace2,n000036,Aburizal_Bakrie,0051_01.jpg,vggface2_balanced_100_100/n000036/0051_01.jpg
VGGFace2,n000036,Aburizal_Bakrie,0052_01.jpg,vggface2_balanced_100_100/n000036/0052_01.jpg
VGGFace2,n000036,Aburizal_Bakrie,0053_01.jpg,vggface2_balanced_100_100/n000036/0053_01.jpg
VGGFace2,n000036,Aburizal_Bakrie,0054_05.jpg,vggface2_balanced_100_100/n000036/0054_05.jpg
VGGFace2,n000036,Aburizal_Bakrie,0055_01.jpg,vggface2_balanced_100_100/n000036/0055_01.jpg
VGGFace2,n000036,Aburizal_Bakrie,0056_01.jpg,vggface2_balanced_100_100/n000036/0056_01.jpg
VGGFace2,n000036,Aburizal_Bakrie,0057_01.jpg,vggface2_balanced_100_100/n000036/0057_01.jpg
VGGFace2,n000036,Aburizal_Bakrie,0058_01.jpg,vggface2_balanced_100_100/n000036/0058_01.jpg
VGGFace2,n000036,Aburizal_Bakrie,0059_01.jpg,vggface2_balanced_100_100/n000036/0059_01.jpg
VGGFace2,n000036,Aburizal_Bakrie,0060_01.jpg,vggface2_balanced_100_100/n000036/0060_01.jpg
VGGFace2,n000036,Aburizal_Bakrie,0061_01.jpg,vggface2_balanced_100_100/n000036/0061_01.jpg
VGGFace2,n000036,Aburizal_Bakrie,0061_02.jpg,vggface2_balanced_100_100/n000036/0061_02.jpg
VGGFace2,n000036,Aburizal_Bakrie,0061_03.jpg,vggface2_balanced_100_100/n000036/0061_03.jpg
VGGFace2,n000036,Aburizal_Bakrie,0062_01.jpg,vggface2_balanced_100_100/n000036/0062_01.jpg
VGGFace2,n000036,Aburizal_Bakrie,0063_01.jpg,vggface2_balanced_100_100/n000036/0063_01.jpg
VGGFace2,n000036,Aburizal_Bakrie,0064_01.jpg,vggface2_balanced_100_100/n000036/0064_01.jpg
VGGFace2,n000036,Aburizal_Bakrie,0065_01.jpg,vggface2_balanced_100_100/n000036/0065_01.jpg
VGGFace2,n000036,Aburizal_Bakrie,0066_02.jpg,vggface2_balanced_100_100/n000036/0066_02.jpg
VGGFace2,n000036,Aburizal_Bakrie,0067_02.jpg,vggface2_balanced_100_100/n000036/0067_02.jpg
VGGFace2,n000036,Aburizal_Bakrie,0068_01.jpg,vggface2_balanced_100_100/n000036/0068_01.jpg
VGGFace2,n000036,Aburizal_Bakrie,0069_01.jpg,vggface2_balanced_100_100/n000036/0069_01.jpg
VGGFace2,n000036,Aburizal_Bakrie,0070_01.jpg,vggface2_balanced_100_100/n000036/0070_01.jpg
VGGFace2,n000036,Aburizal_Bakrie,0071_01.jpg,vggface2_balanced_100_100/n000036/0071_01.jpg
VGGFace2,n000036,Aburizal_Bakrie,0072_01.jpg,vggface2_balanced_100_100/n000036/0072_01.jpg
VGGFace2,n000036,Aburizal_Bakrie,0073_01.jpg,vggface2_balanced_100_100/n000036/0073_01.jpg
VGGFace2,n000036,Aburizal_Bakrie,0074_02.jpg,vggface2_balanced_100_100/n000036/0074_02.jpg
VGGFace2,n000036,Aburizal_Bakrie,0075_01.jpg,vggface2_balanced_100_100/n000036/0075_01.jpg
VGGFace2,n000036,Aburizal_Bakrie,0076_01.jpg,vggface2_balanced_100_100/n000036/0076_01.jpg
VGGFace2,n000036,Aburizal_Bakrie,0077_01.jpg,vggface2_balanced_100_100/n000036/0077_01.jpg
VGGFace2,n000036,Aburizal_Bakrie,0078_01.jpg,vggface2_balanced_100_100/n000036/0078_01.jpg
VGGFace2,n000036,Aburizal_Bakrie,0079_01.jpg,vggface2_balanced_100_100/n000036/0079_01.jpg
VGGFace2,n000036,Aburizal_Bakrie,0081_01.jpg,vggface2_balanced_100_100/n000036/0081_01.jpg
VGGFace2,n000036,Aburizal_Bakrie,0082_01.jpg,vggface2_balanced_100_100/n000036/0082_01.jpg
VGGFace2,n000036,Aburizal_Bakrie,0083_01.jpg,vggface2_balanced_100_100/n000036/0083_01.jpg
VGGFace2,n000036,Aburizal_Bakrie,0084_01.jpg,vggface2_balanced_100_100/n000036/0084_01.jpg
VGGFace2,n000036,Aburizal_Bakrie,0085_03.jpg,vggface2_balanced_100_100/n000036/0085_03.jpg
VGGFace2,n000036,Aburizal_Bakrie,0086_01.jpg,vggface2_balanced_100_100/n000036/0086_01.jpg
VGGFace2,n000036,Aburizal_Bakrie,0087_01.jpg,vggface2_balanced_100_100/n000036/0087_01.jpg
VGGFace2,n000036,Aburizal_Bakrie,0089_01.jpg,vggface2_balanced_100_100/n000036/0089_01.jpg
VGGFace2,n000036,Aburizal_Bakrie,0090_01.jpg,vggface2_balanced_100_100/n000036/0090_01.jpg
VGGFace2,n000036,Aburizal_Bakrie,0091_02.jpg,vggface2_balanced_100_100/n000036/0091_02.jpg
VGGFace2,n000036,Aburizal_Bakrie,0092_01.jpg,vggface2_balanced_100_100/n000036/0092_01.jpg
VGGFace2,n000036,Aburizal_Bakrie,0092_02.jpg,vggface2_balanced_100_100/n000036/0092_02.jpg
VGGFace2,n000036,Aburizal_Bakrie,0093_01.jpg,vggface2_balanced_100_100/n000036/0093_01.jpg
VGGFace2,n000036,Aburizal_Bakrie,0094_01.jpg,vggface2_balanced_100_100/n000036/0094_01.jpg
VGGFace2,n000036,Aburizal_Bakrie,0095_01.jpg,vggface2_balanced_100_100/n000036/0095_01.jpg
VGGFace2,n000036,Aburizal_Bakrie,0096_01.jpg,vggface2_balanced_100_100/n000036/0096_01.jpg
VGGFace2,n000036,Aburizal_Bakrie,0097_01.jpg,vggface2_balanced_100_100/n000036/0097_01.jpg
VGGFace2,n000037,Aby_Rosen,0001_01.jpg,vggface2_balanced_100_100/n000037/0001_01.jpg
VGGFace2,n000037,Aby_Rosen,0002_02.jpg,vggface2_balanced_100_100/n000037/0002_02.jpg
VGGFace2,n000037,Aby_Rosen,0003_02.jpg,vggface2_balanced_100_100/n000037/0003_02.jpg
VGGFace2,n000037,Aby_Rosen,0004_02.jpg,vggface2_balanced_100_100/n000037/0004_02.jpg
VGGFace2,n000037,Aby_Rosen,0005_03.jpg,vggface2_balanced_100_100/n000037/0005_03.jpg
VGGFace2,n000037,Aby_Rosen,0006_01.jpg,vggface2_balanced_100_100/n000037/0006_01.jpg
VGGFace2,n000037,Aby_Rosen,0007_02.jpg,vggface2_balanced_100_100/n000037/0007_02.jpg
VGGFace2,n000037,Aby_Rosen,0008_01.jpg,vggface2_balanced_100_100/n000037/0008_01.jpg
VGGFace2,n000037,Aby_Rosen,0009_02.jpg,vggface2_balanced_100_100/n000037/0009_02.jpg
VGGFace2,n000037,Aby_Rosen,0009_03.jpg,vggface2_balanced_100_100/n000037/0009_03.jpg
VGGFace2,n000037,Aby_Rosen,0010_01.jpg,vggface2_balanced_100_100/n000037/0010_01.jpg
VGGFace2,n000037,Aby_Rosen,0011_02.jpg,vggface2_balanced_100_100/n000037/0011_02.jpg
VGGFace2,n000037,Aby_Rosen,0012_01.jpg,vggface2_balanced_100_100/n000037/0012_01.jpg
VGGFace2,n000037,Aby_Rosen,0012_03.jpg,vggface2_balanced_100_100/n000037/0012_03.jpg
VGGFace2,n000037,Aby_Rosen,0013_01.jpg,vggface2_balanced_100_100/n000037/0013_01.jpg
VGGFace2,n000037,Aby_Rosen,0014_01.jpg,vggface2_balanced_100_100/n000037/0014_01.jpg
VGGFace2,n000037,Aby_Rosen,0015_01.jpg,vggface2_balanced_100_100/n000037/0015_01.jpg
VGGFace2,n000037,Aby_Rosen,0016_01.jpg,vggface2_balanced_100_100/n000037/0016_01.jpg
VGGFace2,n000037,Aby_Rosen,0016_02.jpg,vggface2_balanced_100_100/n000037/0016_02.jpg
VGGFace2,n000037,Aby_Rosen,0017_02.jpg,vggface2_balanced_100_100/n000037/0017_02.jpg
VGGFace2,n000037,Aby_Rosen,0018_01.jpg,vggface2_balanced_100_100/n000037/0018_01.jpg
VGGFace2,n000037,Aby_Rosen,0019_01.jpg,vggface2_balanced_100_100/n000037/0019_01.jpg
VGGFace2,n000037,Aby_Rosen,0020_01.jpg,vggface2_balanced_100_100/n000037/0020_01.jpg
VGGFace2,n000037,Aby_Rosen,0021_01.jpg,vggface2_balanced_100_100/n000037/0021_01.jpg
VGGFace2,n000037,Aby_Rosen,0022_02.jpg,vggface2_balanced_100_100/n000037/0022_02.jpg
VGGFace2,n000037,Aby_Rosen,0023_04.jpg,vggface2_balanced_100_100/n000037/0023_04.jpg
VGGFace2,n000037,Aby_Rosen,0024_05.jpg,vggface2_balanced_100_100/n000037/0024_05.jpg
VGGFace2,n000037,Aby_Rosen,0025_03.jpg,vggface2_balanced_100_100/n000037/0025_03.jpg
VGGFace2,n000037,Aby_Rosen,0026_01.jpg,vggface2_balanced_100_100/n000037/0026_01.jpg
VGGFace2,n000037,Aby_Rosen,0027_05.jpg,vggface2_balanced_100_100/n000037/0027_05.jpg
VGGFace2,n000037,Aby_Rosen,0028_02.jpg,vggface2_balanced_100_100/n000037/0028_02.jpg
VGGFace2,n000037,Aby_Rosen,0029_01.jpg,vggface2_balanced_100_100/n000037/0029_01.jpg
VGGFace2,n000037,Aby_Rosen,0030_01.jpg,vggface2_balanced_100_100/n000037/0030_01.jpg
VGGFace2,n000037,Aby_Rosen,0031_01.jpg,vggface2_balanced_100_100/n000037/0031_01.jpg
VGGFace2,n000037,Aby_Rosen,0032_02.jpg,vggface2_balanced_100_100/n000037/0032_02.jpg
VGGFace2,n000037,Aby_Rosen,0033_02.jpg,vggface2_balanced_100_100/n000037/0033_02.jpg
VGGFace2,n000037,Aby_Rosen,0034_01.jpg,vggface2_balanced_100_100/n000037/0034_01.jpg
VGGFace2,n000037,Aby_Rosen,0035_01.jpg,vggface2_balanced_100_100/n000037/0035_01.jpg
VGGFace2,n000037,Aby_Rosen,0036_01.jpg,vggface2_balanced_100_100/n000037/0036_01.jpg
VGGFace2,n000037,Aby_Rosen,0037_02.jpg,vggface2_balanced_100_100/n000037/0037_02.jpg
VGGFace2,n000037,Aby_Rosen,0038_01.jpg,vggface2_balanced_100_100/n000037/0038_01.jpg
VGGFace2,n000037,Aby_Rosen,0039_01.jpg,vggface2_balanced_100_100/n000037/0039_01.jpg
VGGFace2,n000037,Aby_Rosen,0040_02.jpg,vggface2_balanced_100_100/n000037/0040_02.jpg
VGGFace2,n000037,Aby_Rosen,0041_03.jpg,vggface2_balanced_100_100/n000037/0041_03.jpg
VGGFace2,n000037,Aby_Rosen,0042_01.jpg,vggface2_balanced_100_100/n000037/0042_01.jpg
VGGFace2,n000037,Aby_Rosen,0043_02.jpg,vggface2_balanced_100_100/n000037/0043_02.jpg
VGGFace2,n000037,Aby_Rosen,0044_04.jpg,vggface2_balanced_100_100/n000037/0044_04.jpg
VGGFace2,n000037,Aby_Rosen,0045_03.jpg,vggface2_balanced_100_100/n000037/0045_03.jpg
VGGFace2,n000037,Aby_Rosen,0046_03.jpg,vggface2_balanced_100_100/n000037/0046_03.jpg
VGGFace2,n000037,Aby_Rosen,0047_01.jpg,vggface2_balanced_100_100/n000037/0047_01.jpg
VGGFace2,n000037,Aby_Rosen,0048_01.jpg,vggface2_balanced_100_100/n000037/0048_01.jpg
VGGFace2,n000037,Aby_Rosen,0049_01.jpg,vggface2_balanced_100_100/n000037/0049_01.jpg
VGGFace2,n000037,Aby_Rosen,0050_01.jpg,vggface2_balanced_100_100/n000037/0050_01.jpg
VGGFace2,n000037,Aby_Rosen,0051_01.jpg,vggface2_balanced_100_100/n000037/0051_01.jpg
VGGFace2,n000037,Aby_Rosen,0052_01.jpg,vggface2_balanced_100_100/n000037/0052_01.jpg
VGGFace2,n000037,Aby_Rosen,0053_03.jpg,vggface2_balanced_100_100/n000037/0053_03.jpg
VGGFace2,n000037,Aby_Rosen,0054_03.jpg,vggface2_balanced_100_100/n000037/0054_03.jpg
VGGFace2,n000037,Aby_Rosen,0055_03.jpg,vggface2_balanced_100_100/n000037/0055_03.jpg
VGGFace2,n000037,Aby_Rosen,0056_03.jpg,vggface2_balanced_100_100/n000037/0056_03.jpg
VGGFace2,n000037,Aby_Rosen,0057_01.jpg,vggface2_balanced_100_100/n000037/0057_01.jpg
VGGFace2,n000037,Aby_Rosen,0058_01.jpg,vggface2_balanced_100_100/n000037/0058_01.jpg
VGGFace2,n000037,Aby_Rosen,0059_02.jpg,vggface2_balanced_100_100/n000037/0059_02.jpg
VGGFace2,n000037,Aby_Rosen,0060_01.jpg,vggface2_balanced_100_100/n000037/0060_01.jpg
VGGFace2,n000037,Aby_Rosen,0061_01.jpg,vggface2_balanced_100_100/n000037/0061_01.jpg
VGGFace2,n000037,Aby_Rosen,0062_02.jpg,vggface2_balanced_100_100/n000037/0062_02.jpg
VGGFace2,n000037,Aby_Rosen,0063_01.jpg,vggface2_balanced_100_100/n000037/0063_01.jpg
VGGFace2,n000037,Aby_Rosen,0064_01.jpg,vggface2_balanced_100_100/n000037/0064_01.jpg
VGGFace2,n000037,Aby_Rosen,0065_03.jpg,vggface2_balanced_100_100/n000037/0065_03.jpg
VGGFace2,n000037,Aby_Rosen,0066_03.jpg,vggface2_balanced_100_100/n000037/0066_03.jpg
VGGFace2,n000037,Aby_Rosen,0067_01.jpg,vggface2_balanced_100_100/n000037/0067_01.jpg
VGGFace2,n000037,Aby_Rosen,0068_01.jpg,vggface2_balanced_100_100/n000037/0068_01.jpg
VGGFace2,n000037,Aby_Rosen,0069_03.jpg,vggface2_balanced_100_100/n000037/0069_03.jpg
VGGFace2,n000037,Aby_Rosen,0070_08.jpg,vggface2_balanced_100_100/n000037/0070_08.jpg
VGGFace2,n000037,Aby_Rosen,0071_02.jpg,vggface2_balanced_100_100/n000037/0071_02.jpg
VGGFace2,n000037,Aby_Rosen,0072_03.jpg,vggface2_balanced_100_100/n000037/0072_03.jpg
VGGFace2,n000037,Aby_Rosen,0073_02.jpg,vggface2_balanced_100_100/n000037/0073_02.jpg
VGGFace2,n000037,Aby_Rosen,0074_03.jpg,vggface2_balanced_100_100/n000037/0074_03.jpg
VGGFace2,n000037,Aby_Rosen,0075_04.jpg,vggface2_balanced_100_100/n000037/0075_04.jpg
VGGFace2,n000037,Aby_Rosen,0076_01.jpg,vggface2_balanced_100_100/n000037/0076_01.jpg
VGGFace2,n000037,Aby_Rosen,0077_01.jpg,vggface2_balanced_100_100/n000037/0077_01.jpg
VGGFace2,n000037,Aby_Rosen,0078_01.jpg,vggface2_balanced_100_100/n000037/0078_01.jpg
VGGFace2,n000037,Aby_Rosen,0079_02.jpg,vggface2_balanced_100_100/n000037/0079_02.jpg
VGGFace2,n000037,Aby_Rosen,0080_02.jpg,vggface2_balanced_100_100/n000037/0080_02.jpg
VGGFace2,n000037,Aby_Rosen,0082_02.jpg,vggface2_balanced_100_100/n000037/0082_02.jpg
VGGFace2,n000037,Aby_Rosen,0084_02.jpg,vggface2_balanced_100_100/n000037/0084_02.jpg
VGGFace2,n000037,Aby_Rosen,0085_04.jpg,vggface2_balanced_100_100/n000037/0085_04.jpg
VGGFace2,n000037,Aby_Rosen,0086_02.jpg,vggface2_balanced_100_100/n000037/0086_02.jpg
VGGFace2,n000037,Aby_Rosen,0087_01.jpg,vggface2_balanced_100_100/n000037/0087_01.jpg
VGGFace2,n000037,Aby_Rosen,0088_01.jpg,vggface2_balanced_100_100/n000037/0088_01.jpg
VGGFace2,n000037,Aby_Rosen,0089_02.jpg,vggface2_balanced_100_100/n000037/0089_02.jpg
VGGFace2,n000037,Aby_Rosen,0090_03.jpg,vggface2_balanced_100_100/n000037/0090_03.jpg
VGGFace2,n000037,Aby_Rosen,0091_01.jpg,vggface2_balanced_100_100/n000037/0091_01.jpg
VGGFace2,n000037,Aby_Rosen,0091_04.jpg,vggface2_balanced_100_100/n000037/0091_04.jpg
VGGFace2,n000037,Aby_Rosen,0092_01.jpg,vggface2_balanced_100_100/n000037/0092_01.jpg
VGGFace2,n000037,Aby_Rosen,0093_02.jpg,vggface2_balanced_100_100/n000037/0093_02.jpg
VGGFace2,n000037,Aby_Rosen,0094_01.jpg,vggface2_balanced_100_100/n000037/0094_01.jpg
VGGFace2,n000037,Aby_Rosen,0095_02.jpg,vggface2_balanced_100_100/n000037/0095_02.jpg
VGGFace2,n000037,Aby_Rosen,0096_02.jpg,vggface2_balanced_100_100/n000037/0096_02.jpg
VGGFace2,n000037,Aby_Rosen,0097_06.jpg,vggface2_balanced_100_100/n000037/0097_06.jpg
VGGFace2,n000037,Aby_Rosen,0098_01.jpg,vggface2_balanced_100_100/n000037/0098_01.jpg
VGGFace2,n000038,Aca_Lukas,0001_01.jpg,vggface2_balanced_100_100/n000038/0001_01.jpg
VGGFace2,n000038,Aca_Lukas,0002_01.jpg,vggface2_balanced_100_100/n000038/0002_01.jpg
VGGFace2,n000038,Aca_Lukas,0003_01.jpg,vggface2_balanced_100_100/n000038/0003_01.jpg
VGGFace2,n000038,Aca_Lukas,0004_01.jpg,vggface2_balanced_100_100/n000038/0004_01.jpg
VGGFace2,n000038,Aca_Lukas,0005_02.jpg,vggface2_balanced_100_100/n000038/0005_02.jpg
VGGFace2,n000038,Aca_Lukas,0006_01.jpg,vggface2_balanced_100_100/n000038/0006_01.jpg
VGGFace2,n000038,Aca_Lukas,0007_01.jpg,vggface2_balanced_100_100/n000038/0007_01.jpg
VGGFace2,n000038,Aca_Lukas,0008_01.jpg,vggface2_balanced_100_100/n000038/0008_01.jpg
VGGFace2,n000038,Aca_Lukas,0009_01.jpg,vggface2_balanced_100_100/n000038/0009_01.jpg
VGGFace2,n000038,Aca_Lukas,0010_01.jpg,vggface2_balanced_100_100/n000038/0010_01.jpg
VGGFace2,n000038,Aca_Lukas,0011_01.jpg,vggface2_balanced_100_100/n000038/0011_01.jpg
VGGFace2,n000038,Aca_Lukas,0012_01.jpg,vggface2_balanced_100_100/n000038/0012_01.jpg
VGGFace2,n000038,Aca_Lukas,0013_01.jpg,vggface2_balanced_100_100/n000038/0013_01.jpg
VGGFace2,n000038,Aca_Lukas,0014_01.jpg,vggface2_balanced_100_100/n000038/0014_01.jpg
VGGFace2,n000038,Aca_Lukas,0015_01.jpg,vggface2_balanced_100_100/n000038/0015_01.jpg
VGGFace2,n000038,Aca_Lukas,0016_02.jpg,vggface2_balanced_100_100/n000038/0016_02.jpg
VGGFace2,n000038,Aca_Lukas,0017_01.jpg,vggface2_balanced_100_100/n000038/0017_01.jpg
VGGFace2,n000038,Aca_Lukas,0018_01.jpg,vggface2_balanced_100_100/n000038/0018_01.jpg
VGGFace2,n000038,Aca_Lukas,0019_01.jpg,vggface2_balanced_100_100/n000038/0019_01.jpg
VGGFace2,n000038,Aca_Lukas,0020_02.jpg,vggface2_balanced_100_100/n000038/0020_02.jpg
VGGFace2,n000038,Aca_Lukas,0021_02.jpg,vggface2_balanced_100_100/n000038/0021_02.jpg
VGGFace2,n000038,Aca_Lukas,0022_01.jpg,vggface2_balanced_100_100/n000038/0022_01.jpg
VGGFace2,n000038,Aca_Lukas,0023_02.jpg,vggface2_balanced_100_100/n000038/0023_02.jpg
VGGFace2,n000038,Aca_Lukas,0024_01.jpg,vggface2_balanced_100_100/n000038/0024_01.jpg
VGGFace2,n000038,Aca_Lukas,0025_01.jpg,vggface2_balanced_100_100/n000038/0025_01.jpg
VGGFace2,n000038,Aca_Lukas,0026_01.jpg,vggface2_balanced_100_100/n000038/0026_01.jpg
VGGFace2,n000038,Aca_Lukas,0027_01.jpg,vggface2_balanced_100_100/n000038/0027_01.jpg
VGGFace2,n000038,Aca_Lukas,0028_01.jpg,vggface2_balanced_100_100/n000038/0028_01.jpg
VGGFace2,n000038,Aca_Lukas,0029_02.jpg,vggface2_balanced_100_100/n000038/0029_02.jpg
VGGFace2,n000038,Aca_Lukas,0030_01.jpg,vggface2_balanced_100_100/n000038/0030_01.jpg
VGGFace2,n000038,Aca_Lukas,0031_02.jpg,vggface2_balanced_100_100/n000038/0031_02.jpg
VGGFace2,n000038,Aca_Lukas,0032_01.jpg,vggface2_balanced_100_100/n000038/0032_01.jpg
VGGFace2,n000038,Aca_Lukas,0033_01.jpg,vggface2_balanced_100_100/n000038/0033_01.jpg
VGGFace2,n000038,Aca_Lukas,0034_03.jpg,vggface2_balanced_100_100/n000038/0034_03.jpg
VGGFace2,n000038,Aca_Lukas,0035_03.jpg,vggface2_balanced_100_100/n000038/0035_03.jpg
VGGFace2,n000038,Aca_Lukas,0036_02.jpg,vggface2_balanced_100_100/n000038/0036_02.jpg
VGGFace2,n000038,Aca_Lukas,0037_04.jpg,vggface2_balanced_100_100/n000038/0037_04.jpg
VGGFace2,n000038,Aca_Lukas,0038_01.jpg,vggface2_balanced_100_100/n000038/0038_01.jpg
VGGFace2,n000038,Aca_Lukas,0039_01.jpg,vggface2_balanced_100_100/n000038/0039_01.jpg
VGGFace2,n000038,Aca_Lukas,0040_04.jpg,vggface2_balanced_100_100/n000038/0040_04.jpg
VGGFace2,n000038,Aca_Lukas,0041_01.jpg,vggface2_balanced_100_100/n000038/0041_01.jpg
VGGFace2,n000038,Aca_Lukas,0042_01.jpg,vggface2_balanced_100_100/n000038/0042_01.jpg
VGGFace2,n000038,Aca_Lukas,0043_01.jpg,vggface2_balanced_100_100/n000038/0043_01.jpg
VGGFace2,n000038,Aca_Lukas,0044_01.jpg,vggface2_balanced_100_100/n000038/0044_01.jpg
VGGFace2,n000038,Aca_Lukas,0045_01.jpg,vggface2_balanced_100_100/n000038/0045_01.jpg
VGGFace2,n000038,Aca_Lukas,0046_01.jpg,vggface2_balanced_100_100/n000038/0046_01.jpg
VGGFace2,n000038,Aca_Lukas,0047_01.jpg,vggface2_balanced_100_100/n000038/0047_01.jpg
VGGFace2,n000038,Aca_Lukas,0048_03.jpg,vggface2_balanced_100_100/n000038/0048_03.jpg
VGGFace2,n000038,Aca_Lukas,0049_01.jpg,vggface2_balanced_100_100/n000038/0049_01.jpg
VGGFace2,n000038,Aca_Lukas,0050_01.jpg,vggface2_balanced_100_100/n000038/0050_01.jpg
VGGFace2,n000038,Aca_Lukas,0051_01.jpg,vggface2_balanced_100_100/n000038/0051_01.jpg
VGGFace2,n000038,Aca_Lukas,0052_01.jpg,vggface2_balanced_100_100/n000038/0052_01.jpg
VGGFace2,n000038,Aca_Lukas,0053_01.jpg,vggface2_balanced_100_100/n000038/0053_01.jpg
VGGFace2,n000038,Aca_Lukas,0054_02.jpg,vggface2_balanced_100_100/n000038/0054_02.jpg
VGGFace2,n000038,Aca_Lukas,0055_01.jpg,vggface2_balanced_100_100/n000038/0055_01.jpg
VGGFace2,n000038,Aca_Lukas,0056_01.jpg,vggface2_balanced_100_100/n000038/0056_01.jpg
VGGFace2,n000038,Aca_Lukas,0057_01.jpg,vggface2_balanced_100_100/n000038/0057_01.jpg
VGGFace2,n000038,Aca_Lukas,0058_01.jpg,vggface2_balanced_100_100/n000038/0058_01.jpg
VGGFace2,n000038,Aca_Lukas,0059_02.jpg,vggface2_balanced_100_100/n000038/0059_02.jpg
VGGFace2,n000038,Aca_Lukas,0060_02.jpg,vggface2_balanced_100_100/n000038/0060_02.jpg
VGGFace2,n000038,Aca_Lukas,0061_02.jpg,vggface2_balanced_100_100/n000038/0061_02.jpg
VGGFace2,n000038,Aca_Lukas,0062_02.jpg,vggface2_balanced_100_100/n000038/0062_02.jpg
VGGFace2,n000038,Aca_Lukas,0063_01.jpg,vggface2_balanced_100_100/n000038/0063_01.jpg
VGGFace2,n000038,Aca_Lukas,0064_01.jpg,vggface2_balanced_100_100/n000038/0064_01.jpg
VGGFace2,n000038,Aca_Lukas,0065_01.jpg,vggface2_balanced_100_100/n000038/0065_01.jpg
VGGFace2,n000038,Aca_Lukas,0066_01.jpg,vggface2_balanced_100_100/n000038/0066_01.jpg
VGGFace2,n000038,Aca_Lukas,0067_01.jpg,vggface2_balanced_100_100/n000038/0067_01.jpg
VGGFace2,n000038,Aca_Lukas,0068_01.jpg,vggface2_balanced_100_100/n000038/0068_01.jpg
VGGFace2,n000038,Aca_Lukas,0069_01.jpg,vggface2_balanced_100_100/n000038/0069_01.jpg
VGGFace2,n000038,Aca_Lukas,0070_02.jpg,vggface2_balanced_100_100/n000038/0070_02.jpg
VGGFace2,n000038,Aca_Lukas,0071_01.jpg,vggface2_balanced_100_100/n000038/0071_01.jpg
VGGFace2,n000038,Aca_Lukas,0072_01.jpg,vggface2_balanced_100_100/n000038/0072_01.jpg
VGGFace2,n000038,Aca_Lukas,0073_01.jpg,vggface2_balanced_100_100/n000038/0073_01.jpg
VGGFace2,n000038,Aca_Lukas,0074_01.jpg,vggface2_balanced_100_100/n000038/0074_01.jpg
VGGFace2,n000038,Aca_Lukas,0075_01.jpg,vggface2_balanced_100_100/n000038/0075_01.jpg
VGGFace2,n000038,Aca_Lukas,0076_03.jpg,vggface2_balanced_100_100/n000038/0076_03.jpg
VGGFace2,n000038,Aca_Lukas,0077_01.jpg,vggface2_balanced_100_100/n000038/0077_01.jpg
VGGFace2,n000038,Aca_Lukas,0078_01.jpg,vggface2_balanced_100_100/n000038/0078_01.jpg
VGGFace2,n000038,Aca_Lukas,0079_01.jpg,vggface2_balanced_100_100/n000038/0079_01.jpg
VGGFace2,n000038,Aca_Lukas,0080_01.jpg,vggface2_balanced_100_100/n000038/0080_01.jpg
VGGFace2,n000038,Aca_Lukas,0081_01.jpg,vggface2_balanced_100_100/n000038/0081_01.jpg
VGGFace2,n000038,Aca_Lukas,0082_01.jpg,vggface2_balanced_100_100/n000038/0082_01.jpg
VGGFace2,n000038,Aca_Lukas,0083_01.jpg,vggface2_balanced_100_100/n000038/0083_01.jpg
VGGFace2,n000038,Aca_Lukas,0084_01.jpg,vggface2_balanced_100_100/n000038/0084_01.jpg
VGGFace2,n000038,Aca_Lukas,0085_03.jpg,vggface2_balanced_100_100/n000038/0085_03.jpg
VGGFace2,n000038,Aca_Lukas,0086_01.jpg,vggface2_balanced_100_100/n000038/0086_01.jpg
VGGFace2,n000038,Aca_Lukas,0087_01.jpg,vggface2_balanced_100_100/n000038/0087_01.jpg
VGGFace2,n000038,Aca_Lukas,0088_01.jpg,vggface2_balanced_100_100/n000038/0088_01.jpg
VGGFace2,n000038,Aca_Lukas,0089_01.jpg,vggface2_balanced_100_100/n000038/0089_01.jpg
VGGFace2,n000038,Aca_Lukas,0090_02.jpg,vggface2_balanced_100_100/n000038/0090_02.jpg
VGGFace2,n000038,Aca_Lukas,0091_01.jpg,vggface2_balanced_100_100/n000038/0091_01.jpg
VGGFace2,n000038,Aca_Lukas,0092_01.jpg,vggface2_balanced_100_100/n000038/0092_01.jpg
VGGFace2,n000038,Aca_Lukas,0093_01.jpg,vggface2_balanced_100_100/n000038/0093_01.jpg
VGGFace2,n000038,Aca_Lukas,0094_01.jpg,vggface2_balanced_100_100/n000038/0094_01.jpg
VGGFace2,n000038,Aca_Lukas,0095_02.jpg,vggface2_balanced_100_100/n000038/0095_02.jpg
VGGFace2,n000038,Aca_Lukas,0096_01.jpg,vggface2_balanced_100_100/n000038/0096_01.jpg
VGGFace2,n000038,Aca_Lukas,0097_02.jpg,vggface2_balanced_100_100/n000038/0097_02.jpg
VGGFace2,n000038,Aca_Lukas,0098_01.jpg,vggface2_balanced_100_100/n000038/0098_01.jpg
VGGFace2,n000038,Aca_Lukas,0099_01.jpg,vggface2_balanced_100_100/n000038/0099_01.jpg
VGGFace2,n000038,Aca_Lukas,0100_01.jpg,vggface2_balanced_100_100/n000038/0100_01.jpg
VGGFace2,n000039,Acha_Septriasa,0001_01.jpg,vggface2_balanced_100_100/n000039/0001_01.jpg
VGGFace2,n000039,Acha_Septriasa,0002_01.jpg,vggface2_balanced_100_100/n000039/0002_01.jpg
VGGFace2,n000039,Acha_Septriasa,0003_01.jpg,vggface2_balanced_100_100/n000039/0003_01.jpg
VGGFace2,n000039,Acha_Septriasa,0004_01.jpg,vggface2_balanced_100_100/n000039/0004_01.jpg
VGGFace2,n000039,Acha_Septriasa,0005_01.jpg,vggface2_balanced_100_100/n000039/0005_01.jpg
VGGFace2,n000039,Acha_Septriasa,0006_01.jpg,vggface2_balanced_100_100/n000039/0006_01.jpg
VGGFace2,n000039,Acha_Septriasa,0007_01.jpg,vggface2_balanced_100_100/n000039/0007_01.jpg
VGGFace2,n000039,Acha_Septriasa,0008_01.jpg,vggface2_balanced_100_100/n000039/0008_01.jpg
VGGFace2,n000039,Acha_Septriasa,0009_01.jpg,vggface2_balanced_100_100/n000039/0009_01.jpg
VGGFace2,n000039,Acha_Septriasa,0010_01.jpg,vggface2_balanced_100_100/n000039/0010_01.jpg
VGGFace2,n000039,Acha_Septriasa,0011_01.jpg,vggface2_balanced_100_100/n000039/0011_01.jpg
VGGFace2,n000039,Acha_Septriasa,0012_01.jpg,vggface2_balanced_100_100/n000039/0012_01.jpg
VGGFace2,n000039,Acha_Septriasa,0013_01.jpg,vggface2_balanced_100_100/n000039/0013_01.jpg
VGGFace2,n000039,Acha_Septriasa,0014_01.jpg,vggface2_balanced_100_100/n000039/0014_01.jpg
VGGFace2,n000039,Acha_Septriasa,0015_01.jpg,vggface2_balanced_100_100/n000039/0015_01.jpg
VGGFace2,n000039,Acha_Septriasa,0016_01.jpg,vggface2_balanced_100_100/n000039/0016_01.jpg
VGGFace2,n000039,Acha_Septriasa,0017_01.jpg,vggface2_balanced_100_100/n000039/0017_01.jpg
VGGFace2,n000039,Acha_Septriasa,0018_01.jpg,vggface2_balanced_100_100/n000039/0018_01.jpg
VGGFace2,n000039,Acha_Septriasa,0019_01.jpg,vggface2_balanced_100_100/n000039/0019_01.jpg
VGGFace2,n000039,Acha_Septriasa,0020_01.jpg,vggface2_balanced_100_100/n000039/0020_01.jpg
VGGFace2,n000039,Acha_Septriasa,0021_01.jpg,vggface2_balanced_100_100/n000039/0021_01.jpg
VGGFace2,n000039,Acha_Septriasa,0022_01.jpg,vggface2_balanced_100_100/n000039/0022_01.jpg
VGGFace2,n000039,Acha_Septriasa,0022_02.jpg,vggface2_balanced_100_100/n000039/0022_02.jpg
VGGFace2,n000039,Acha_Septriasa,0023_01.jpg,vggface2_balanced_100_100/n000039/0023_01.jpg
VGGFace2,n000039,Acha_Septriasa,0024_05.jpg,vggface2_balanced_100_100/n000039/0024_05.jpg
VGGFace2,n000039,Acha_Septriasa,0025_01.jpg,vggface2_balanced_100_100/n000039/0025_01.jpg
VGGFace2,n000039,Acha_Septriasa,0026_01.jpg,vggface2_balanced_100_100/n000039/0026_01.jpg
VGGFace2,n000039,Acha_Septriasa,0027_01.jpg,vggface2_balanced_100_100/n000039/0027_01.jpg
VGGFace2,n000039,Acha_Septriasa,0028_01.jpg,vggface2_balanced_100_100/n000039/0028_01.jpg
VGGFace2,n000039,Acha_Septriasa,0029_01.jpg,vggface2_balanced_100_100/n000039/0029_01.jpg
VGGFace2,n000039,Acha_Septriasa,0030_01.jpg,vggface2_balanced_100_100/n000039/0030_01.jpg
VGGFace2,n000039,Acha_Septriasa,0031_01.jpg,vggface2_balanced_100_100/n000039/0031_01.jpg
VGGFace2,n000039,Acha_Septriasa,0032_01.jpg,vggface2_balanced_100_100/n000039/0032_01.jpg
VGGFace2,n000039,Acha_Septriasa,0033_01.jpg,vggface2_balanced_100_100/n000039/0033_01.jpg
VGGFace2,n000039,Acha_Septriasa,0034_01.jpg,vggface2_balanced_100_100/n000039/0034_01.jpg
VGGFace2,n000039,Acha_Septriasa,0035_01.jpg,vggface2_balanced_100_100/n000039/0035_01.jpg
VGGFace2,n000039,Acha_Septriasa,0036_01.jpg,vggface2_balanced_100_100/n000039/0036_01.jpg
VGGFace2,n000039,Acha_Septriasa,0037_01.jpg,vggface2_balanced_100_100/n000039/0037_01.jpg
VGGFace2,n000039,Acha_Septriasa,0038_01.jpg,vggface2_balanced_100_100/n000039/0038_01.jpg
VGGFace2,n000039,Acha_Septriasa,0039_01.jpg,vggface2_balanced_100_100/n000039/0039_01.jpg
VGGFace2,n000039,Acha_Septriasa,0040_01.jpg,vggface2_balanced_100_100/n000039/0040_01.jpg
VGGFace2,n000039,Acha_Septriasa,0041_01.jpg,vggface2_balanced_100_100/n000039/0041_01.jpg
VGGFace2,n000039,Acha_Septriasa,0042_01.jpg,vggface2_balanced_100_100/n000039/0042_01.jpg
VGGFace2,n000039,Acha_Septriasa,0043_01.jpg,vggface2_balanced_100_100/n000039/0043_01.jpg
VGGFace2,n000039,Acha_Septriasa,0044_01.jpg,vggface2_balanced_100_100/n000039/0044_01.jpg
VGGFace2,n000039,Acha_Septriasa,0045_01.jpg,vggface2_balanced_100_100/n000039/0045_01.jpg
VGGFace2,n000039,Acha_Septriasa,0046_01.jpg,vggface2_balanced_100_100/n000039/0046_01.jpg
VGGFace2,n000039,Acha_Septriasa,0047_01.jpg,vggface2_balanced_100_100/n000039/0047_01.jpg
VGGFace2,n000039,Acha_Septriasa,0048_02.jpg,vggface2_balanced_100_100/n000039/0048_02.jpg
VGGFace2,n000039,Acha_Septriasa,0049_01.jpg,vggface2_balanced_100_100/n000039/0049_01.jpg
VGGFace2,n000039,Acha_Septriasa,0050_01.jpg,vggface2_balanced_100_100/n000039/0050_01.jpg
VGGFace2,n000039,Acha_Septriasa,0051_01.jpg,vggface2_balanced_100_100/n000039/0051_01.jpg
VGGFace2,n000039,Acha_Septriasa,0052_01.jpg,vggface2_balanced_100_100/n000039/0052_01.jpg
VGGFace2,n000039,Acha_Septriasa,0053_01.jpg,vggface2_balanced_100_100/n000039/0053_01.jpg
VGGFace2,n000039,Acha_Septriasa,0054_01.jpg,vggface2_balanced_100_100/n000039/0054_01.jpg
VGGFace2,n000039,Acha_Septriasa,0055_01.jpg,vggface2_balanced_100_100/n000039/0055_01.jpg
VGGFace2,n000039,Acha_Septriasa,0056_01.jpg,vggface2_balanced_100_100/n000039/0056_01.jpg
VGGFace2,n000039,Acha_Septriasa,0057_01.jpg,vggface2_balanced_100_100/n000039/0057_01.jpg
VGGFace2,n000039,Acha_Septriasa,0058_01.jpg,vggface2_balanced_100_100/n000039/0058_01.jpg
VGGFace2,n000039,Acha_Septriasa,0059_01.jpg,vggface2_balanced_100_100/n000039/0059_01.jpg
VGGFace2,n000039,Acha_Septriasa,0060_01.jpg,vggface2_balanced_100_100/n000039/0060_01.jpg
VGGFace2,n000039,Acha_Septriasa,0061_01.jpg,vggface2_balanced_100_100/n000039/0061_01.jpg
VGGFace2,n000039,Acha_Septriasa,0062_01.jpg,vggface2_balanced_100_100/n000039/0062_01.jpg
VGGFace2,n000039,Acha_Septriasa,0063_01.jpg,vggface2_balanced_100_100/n000039/0063_01.jpg
VGGFace2,n000039,Acha_Septriasa,0064_01.jpg,vggface2_balanced_100_100/n000039/0064_01.jpg
VGGFace2,n000039,Acha_Septriasa,0065_01.jpg,vggface2_balanced_100_100/n000039/0065_01.jpg
VGGFace2,n000039,Acha_Septriasa,0066_01.jpg,vggface2_balanced_100_100/n000039/0066_01.jpg
VGGFace2,n000039,Acha_Septriasa,0067_01.jpg,vggface2_balanced_100_100/n000039/0067_01.jpg
VGGFace2,n000039,Acha_Septriasa,0068_01.jpg,vggface2_balanced_100_100/n000039/0068_01.jpg
VGGFace2,n000039,Acha_Septriasa,0069_02.jpg,vggface2_balanced_100_100/n000039/0069_02.jpg
VGGFace2,n000039,Acha_Septriasa,0070_01.jpg,vggface2_balanced_100_100/n000039/0070_01.jpg
VGGFace2,n000039,Acha_Septriasa,0071_01.jpg,vggface2_balanced_100_100/n000039/0071_01.jpg
VGGFace2,n000039,Acha_Septriasa,0072_01.jpg,vggface2_balanced_100_100/n000039/0072_01.jpg
VGGFace2,n000039,Acha_Septriasa,0073_01.jpg,vggface2_balanced_100_100/n000039/0073_01.jpg
VGGFace2,n000039,Acha_Septriasa,0074_01.jpg,vggface2_balanced_100_100/n000039/0074_01.jpg
VGGFace2,n000039,Acha_Septriasa,0075_01.jpg,vggface2_balanced_100_100/n000039/0075_01.jpg
VGGFace2,n000039,Acha_Septriasa,0076_01.jpg,vggface2_balanced_100_100/n000039/0076_01.jpg
VGGFace2,n000039,Acha_Septriasa,0077_02.jpg,vggface2_balanced_100_100/n000039/0077_02.jpg
VGGFace2,n000039,Acha_Septriasa,0078_01.jpg,vggface2_balanced_100_100/n000039/0078_01.jpg
VGGFace2,n000039,Acha_Septriasa,0079_01.jpg,vggface2_balanced_100_100/n000039/0079_01.jpg
VGGFace2,n000039,Acha_Septriasa,0080_01.jpg,vggface2_balanced_100_100/n000039/0080_01.jpg
VGGFace2,n000039,Acha_Septriasa,0081_01.jpg,vggface2_balanced_100_100/n000039/0081_01.jpg
VGGFace2,n000039,Acha_Septriasa,0082_01.jpg,vggface2_balanced_100_100/n000039/0082_01.jpg
VGGFace2,n000039,Acha_Septriasa,0083_01.jpg,vggface2_balanced_100_100/n000039/0083_01.jpg
VGGFace2,n000039,Acha_Septriasa,0084_01.jpg,vggface2_balanced_100_100/n000039/0084_01.jpg
VGGFace2,n000039,Acha_Septriasa,0085_01.jpg,vggface2_balanced_100_100/n000039/0085_01.jpg
VGGFace2,n000039,Acha_Septriasa,0086_01.jpg,vggface2_balanced_100_100/n000039/0086_01.jpg
VGGFace2,n000039,Acha_Septriasa,0087_01.jpg,vggface2_balanced_100_100/n000039/0087_01.jpg
VGGFace2,n000039,Acha_Septriasa,0088_01.jpg,vggface2_balanced_100_100/n000039/0088_01.jpg
VGGFace2,n000039,Acha_Septriasa,0089_01.jpg,vggface2_balanced_100_100/n000039/0089_01.jpg
VGGFace2,n000039,Acha_Septriasa,0090_01.jpg,vggface2_balanced_100_100/n000039/0090_01.jpg
VGGFace2,n000039,Acha_Septriasa,0091_01.jpg,vggface2_balanced_100_100/n000039/0091_01.jpg
VGGFace2,n000039,Acha_Septriasa,0092_01.jpg,vggface2_balanced_100_100/n000039/0092_01.jpg
VGGFace2,n000039,Acha_Septriasa,0093_01.jpg,vggface2_balanced_100_100/n000039/0093_01.jpg
VGGFace2,n000039,Acha_Septriasa,0094_01.jpg,vggface2_balanced_100_100/n000039/0094_01.jpg
VGGFace2,n000039,Acha_Septriasa,0095_01.jpg,vggface2_balanced_100_100/n000039/0095_01.jpg
VGGFace2,n000039,Acha_Septriasa,0096_01.jpg,vggface2_balanced_100_100/n000039/0096_01.jpg
VGGFace2,n000039,Acha_Septriasa,0097_02.jpg,vggface2_balanced_100_100/n000039/0097_02.jpg
VGGFace2,n000039,Acha_Septriasa,0098_01.jpg,vggface2_balanced_100_100/n000039/0098_01.jpg
VGGFace2,n000039,Acha_Septriasa,0099_01.jpg,vggface2_balanced_100_100/n000039/0099_01.jpg
VGGFace2,n000041,Acun_Ilıcalı,0001_01.jpg,vggface2_balanced_100_100/n000041/0001_01.jpg
VGGFace2,n000041,Acun_Ilıcalı,0002_01.jpg,vggface2_balanced_100_100/n000041/0002_01.jpg
VGGFace2,n000041,Acun_Ilıcalı,0003_01.jpg,vggface2_balanced_100_100/n000041/0003_01.jpg
VGGFace2,n000041,Acun_Ilıcalı,0004_04.jpg,vggface2_balanced_100_100/n000041/0004_04.jpg
VGGFace2,n000041,Acun_Ilıcalı,0005_01.jpg,vggface2_balanced_100_100/n000041/0005_01.jpg
VGGFace2,n000041,Acun_Ilıcalı,0006_01.jpg,vggface2_balanced_100_100/n000041/0006_01.jpg
VGGFace2,n000041,Acun_Ilıcalı,0007_01.jpg,vggface2_balanced_100_100/n000041/0007_01.jpg
VGGFace2,n000041,Acun_Ilıcalı,0008_02.jpg,vggface2_balanced_100_100/n000041/0008_02.jpg
VGGFace2,n000041,Acun_Ilıcalı,0009_01.jpg,vggface2_balanced_100_100/n000041/0009_01.jpg
VGGFace2,n000041,Acun_Ilıcalı,0010_01.jpg,vggface2_balanced_100_100/n000041/0010_01.jpg
VGGFace2,n000041,Acun_Ilıcalı,0011_01.jpg,vggface2_balanced_100_100/n000041/0011_01.jpg
VGGFace2,n000041,Acun_Ilıcalı,0012_01.jpg,vggface2_balanced_100_100/n000041/0012_01.jpg
VGGFace2,n000041,Acun_Ilıcalı,0013_02.jpg,vggface2_balanced_100_100/n000041/0013_02.jpg
VGGFace2,n000041,Acun_Ilıcalı,0014_01.jpg,vggface2_balanced_100_100/n000041/0014_01.jpg
VGGFace2,n000041,Acun_Ilıcalı,0015_01.jpg,vggface2_balanced_100_100/n000041/0015_01.jpg
VGGFace2,n000041,Acun_Ilıcalı,0016_01.jpg,vggface2_balanced_100_100/n000041/0016_01.jpg
VGGFace2,n000041,Acun_Ilıcalı,0017_01.jpg,vggface2_balanced_100_100/n000041/0017_01.jpg
VGGFace2,n000041,Acun_Ilıcalı,0017_02.jpg,vggface2_balanced_100_100/n000041/0017_02.jpg
VGGFace2,n000041,Acun_Ilıcalı,0018_01.jpg,vggface2_balanced_100_100/n000041/0018_01.jpg
VGGFace2,n000041,Acun_Ilıcalı,0019_01.jpg,vggface2_balanced_100_100/n000041/0019_01.jpg
VGGFace2,n000041,Acun_Ilıcalı,0020_01.jpg,vggface2_balanced_100_100/n000041/0020_01.jpg
VGGFace2,n000041,Acun_Ilıcalı,0021_01.jpg,vggface2_balanced_100_100/n000041/0021_01.jpg
VGGFace2,n000041,Acun_Ilıcalı,0022_02.jpg,vggface2_balanced_100_100/n000041/0022_02.jpg
VGGFace2,n000041,Acun_Ilıcalı,0023_01.jpg,vggface2_balanced_100_100/n000041/0023_01.jpg
VGGFace2,n000041,Acun_Ilıcalı,0024_02.jpg,vggface2_balanced_100_100/n000041/0024_02.jpg
VGGFace2,n000041,Acun_Ilıcalı,0024_03.jpg,vggface2_balanced_100_100/n000041/0024_03.jpg
VGGFace2,n000041,Acun_Ilıcalı,0025_01.jpg,vggface2_balanced_100_100/n000041/0025_01.jpg
VGGFace2,n000041,Acun_Ilıcalı,0026_01.jpg,vggface2_balanced_100_100/n000041/0026_01.jpg
VGGFace2,n000041,Acun_Ilıcalı,0027_01.jpg,vggface2_balanced_100_100/n000041/0027_01.jpg
VGGFace2,n000041,Acun_Ilıcalı,0028_01.jpg,vggface2_balanced_100_100/n000041/0028_01.jpg
VGGFace2,n000041,Acun_Ilıcalı,0029_01.jpg,vggface2_balanced_100_100/n000041/0029_01.jpg
VGGFace2,n000041,Acun_Ilıcalı,0030_01.jpg,vggface2_balanced_100_100/n000041/0030_01.jpg
VGGFace2,n000041,Acun_Ilıcalı,0030_03.jpg,vggface2_balanced_100_100/n000041/0030_03.jpg
VGGFace2,n000041,Acun_Ilıcalı,0031_01.jpg,vggface2_balanced_100_100/n000041/0031_01.jpg
VGGFace2,n000041,Acun_Ilıcalı,0032_01.jpg,vggface2_balanced_100_100/n000041/0032_01.jpg
VGGFace2,n000041,Acun_Ilıcalı,0033_01.jpg,vggface2_balanced_100_100/n000041/0033_01.jpg
VGGFace2,n000041,Acun_Ilıcalı,0034_01.jpg,vggface2_balanced_100_100/n000041/0034_01.jpg
VGGFace2,n000041,Acun_Ilıcalı,0035_01.jpg,vggface2_balanced_100_100/n000041/0035_01.jpg
VGGFace2,n000041,Acun_Ilıcalı,0036_01.jpg,vggface2_balanced_100_100/n000041/0036_01.jpg
VGGFace2,n000041,Acun_Ilıcalı,0037_01.jpg,vggface2_balanced_100_100/n000041/0037_01.jpg
VGGFace2,n000041,Acun_Ilıcalı,0038_01.jpg,vggface2_balanced_100_100/n000041/0038_01.jpg
VGGFace2,n000041,Acun_Ilıcalı,0039_03.jpg,vggface2_balanced_100_100/n000041/0039_03.jpg
VGGFace2,n000041,Acun_Ilıcalı,0040_01.jpg,vggface2_balanced_100_100/n000041/0040_01.jpg
VGGFace2,n000041,Acun_Ilıcalı,0041_01.jpg,vggface2_balanced_100_100/n000041/0041_01.jpg
VGGFace2,n000041,Acun_Ilıcalı,0042_01.jpg,vggface2_balanced_100_100/n000041/0042_01.jpg
VGGFace2,n000041,Acun_Ilıcalı,0043_01.jpg,vggface2_balanced_100_100/n000041/0043_01.jpg
VGGFace2,n000041,Acun_Ilıcalı,0044_02.jpg,vggface2_balanced_100_100/n000041/0044_02.jpg
VGGFace2,n000041,Acun_Ilıcalı,0045_01.jpg,vggface2_balanced_100_100/n000041/0045_01.jpg
VGGFace2,n000041,Acun_Ilıcalı,0045_02.jpg,vggface2_balanced_100_100/n000041/0045_02.jpg
VGGFace2,n000041,Acun_Ilıcalı,0046_01.jpg,vggface2_balanced_100_100/n000041/0046_01.jpg
VGGFace2,n000041,Acun_Ilıcalı,0047_01.jpg,vggface2_balanced_100_100/n000041/0047_01.jpg
VGGFace2,n000041,Acun_Ilıcalı,0048_01.jpg,vggface2_balanced_100_100/n000041/0048_01.jpg
VGGFace2,n000041,Acun_Ilıcalı,0049_01.jpg,vggface2_balanced_100_100/n000041/0049_01.jpg
VGGFace2,n000041,Acun_Ilıcalı,0050_01.jpg,vggface2_balanced_100_100/n000041/0050_01.jpg
VGGFace2,n000041,Acun_Ilıcalı,0051_01.jpg,vggface2_balanced_100_100/n000041/0051_01.jpg
VGGFace2,n000041,Acun_Ilıcalı,0052_01.jpg,vggface2_balanced_100_100/n000041/0052_01.jpg
VGGFace2,n000041,Acun_Ilıcalı,0053_01.jpg,vggface2_balanced_100_100/n000041/0053_01.jpg
VGGFace2,n000041,Acun_Ilıcalı,0054_01.jpg,vggface2_balanced_100_100/n000041/0054_01.jpg
VGGFace2,n000041,Acun_Ilıcalı,0055_01.jpg,vggface2_balanced_100_100/n000041/0055_01.jpg
VGGFace2,n000041,Acun_Ilıcalı,0056_01.jpg,vggface2_balanced_100_100/n000041/0056_01.jpg
VGGFace2,n000041,Acun_Ilıcalı,0057_01.jpg,vggface2_balanced_100_100/n000041/0057_01.jpg
VGGFace2,n000041,Acun_Ilıcalı,0058_02.jpg,vggface2_balanced_100_100/n000041/0058_02.jpg
VGGFace2,n000041,Acun_Ilıcalı,0058_04.jpg,vggface2_balanced_100_100/n000041/0058_04.jpg
VGGFace2,n000041,Acun_Ilıcalı,0059_01.jpg,vggface2_balanced_100_100/n000041/0059_01.jpg
VGGFace2,n000041,Acun_Ilıcalı,0060_08.jpg,vggface2_balanced_100_100/n000041/0060_08.jpg
VGGFace2,n000041,Acun_Ilıcalı,0061_01.jpg,vggface2_balanced_100_100/n000041/0061_01.jpg
VGGFace2,n000041,Acun_Ilıcalı,0062_01.jpg,vggface2_balanced_100_100/n000041/0062_01.jpg
VGGFace2,n000041,Acun_Ilıcalı,0063_04.jpg,vggface2_balanced_100_100/n000041/0063_04.jpg
VGGFace2,n000041,Acun_Ilıcalı,0064_01.jpg,vggface2_balanced_100_100/n000041/0064_01.jpg
VGGFace2,n000041,Acun_Ilıcalı,0065_01.jpg,vggface2_balanced_100_100/n000041/0065_01.jpg
VGGFace2,n000041,Acun_Ilıcalı,0066_01.jpg,vggface2_balanced_100_100/n000041/0066_01.jpg
VGGFace2,n000041,Acun_Ilıcalı,0067_02.jpg,vggface2_balanced_100_100/n000041/0067_02.jpg
VGGFace2,n000041,Acun_Ilıcalı,0068_01.jpg,vggface2_balanced_100_100/n000041/0068_01.jpg
VGGFace2,n000041,Acun_Ilıcalı,0069_01.jpg,vggface2_balanced_100_100/n000041/0069_01.jpg
VGGFace2,n000041,Acun_Ilıcalı,0070_01.jpg,vggface2_balanced_100_100/n000041/0070_01.jpg
VGGFace2,n000041,Acun_Ilıcalı,0071_01.jpg,vggface2_balanced_100_100/n000041/0071_01.jpg
VGGFace2,n000041,Acun_Ilıcalı,0072_01.jpg,vggface2_balanced_100_100/n000041/0072_01.jpg
VGGFace2,n000041,Acun_Ilıcalı,0073_03.jpg,vggface2_balanced_100_100/n000041/0073_03.jpg
VGGFace2,n000041,Acun_Ilıcalı,0074_02.jpg,vggface2_balanced_100_100/n000041/0074_02.jpg
VGGFace2,n000041,Acun_Ilıcalı,0075_01.jpg,vggface2_balanced_100_100/n000041/0075_01.jpg
VGGFace2,n000041,Acun_Ilıcalı,0076_01.jpg,vggface2_balanced_100_100/n000041/0076_01.jpg
VGGFace2,n000041,Acun_Ilıcalı,0077_01.jpg,vggface2_balanced_100_100/n000041/0077_01.jpg
VGGFace2,n000041,Acun_Ilıcalı,0078_01.jpg,vggface2_balanced_100_100/n000041/0078_01.jpg
VGGFace2,n000041,Acun_Ilıcalı,0079_01.jpg,vggface2_balanced_100_100/n000041/0079_01.jpg
VGGFace2,n000041,Acun_Ilıcalı,0081_01.jpg,vggface2_balanced_100_100/n000041/0081_01.jpg
VGGFace2,n000041,Acun_Ilıcalı,0082_02.jpg,vggface2_balanced_100_100/n000041/0082_02.jpg
VGGFace2,n000041,Acun_Ilıcalı,0083_01.jpg,vggface2_balanced_100_100/n000041/0083_01.jpg
VGGFace2,n000041,Acun_Ilıcalı,0084_01.jpg,vggface2_balanced_100_100/n000041/0084_01.jpg
VGGFace2,n000041,Acun_Ilıcalı,0085_01.jpg,vggface2_balanced_100_100/n000041/0085_01.jpg
VGGFace2,n000041,Acun_Ilıcalı,0086_01.jpg,vggface2_balanced_100_100/n000041/0086_01.jpg
VGGFace2,n000041,Acun_Ilıcalı,0087_02.jpg,vggface2_balanced_100_100/n000041/0087_02.jpg
VGGFace2,n000041,Acun_Ilıcalı,0088_03.jpg,vggface2_balanced_100_100/n000041/0088_03.jpg
VGGFace2,n000041,Acun_Ilıcalı,0089_04.jpg,vggface2_balanced_100_100/n000041/0089_04.jpg
VGGFace2,n000041,Acun_Ilıcalı,0090_01.jpg,vggface2_balanced_100_100/n000041/0090_01.jpg
VGGFace2,n000041,Acun_Ilıcalı,0091_01.jpg,vggface2_balanced_100_100/n000041/0091_01.jpg
VGGFace2,n000041,Acun_Ilıcalı,0092_01.jpg,vggface2_balanced_100_100/n000041/0092_01.jpg
VGGFace2,n000041,Acun_Ilıcalı,0093_02.jpg,vggface2_balanced_100_100/n000041/0093_02.jpg
VGGFace2,n000041,Acun_Ilıcalı,0094_02.jpg,vggface2_balanced_100_100/n000041/0094_02.jpg
VGGFace2,n000041,Acun_Ilıcalı,0095_01.jpg,vggface2_balanced_100_100/n000041/0095_01.jpg
VGGFace2,n000041,Acun_Ilıcalı,0096_02.jpg,vggface2_balanced_100_100/n000041/0096_02.jpg
VGGFace2,n000042,Ada_Yonath,0001_01.jpg,vggface2_balanced_100_100/n000042/0001_01.jpg
VGGFace2,n000042,Ada_Yonath,0002_02.jpg,vggface2_balanced_100_100/n000042/0002_02.jpg
VGGFace2,n000042,Ada_Yonath,0003_01.jpg,vggface2_balanced_100_100/n000042/0003_01.jpg
VGGFace2,n000042,Ada_Yonath,0004_05.jpg,vggface2_balanced_100_100/n000042/0004_05.jpg
VGGFace2,n000042,Ada_Yonath,0005_01.jpg,vggface2_balanced_100_100/n000042/0005_01.jpg
VGGFace2,n000042,Ada_Yonath,0006_01.jpg,vggface2_balanced_100_100/n000042/0006_01.jpg
VGGFace2,n000042,Ada_Yonath,0007_01.jpg,vggface2_balanced_100_100/n000042/0007_01.jpg
VGGFace2,n000042,Ada_Yonath,0008_02.jpg,vggface2_balanced_100_100/n000042/0008_02.jpg
VGGFace2,n000042,Ada_Yonath,0009_01.jpg,vggface2_balanced_100_100/n000042/0009_01.jpg
VGGFace2,n000042,Ada_Yonath,0010_02.jpg,vggface2_balanced_100_100/n000042/0010_02.jpg
VGGFace2,n000042,Ada_Yonath,0011_01.jpg,vggface2_balanced_100_100/n000042/0011_01.jpg
VGGFace2,n000042,Ada_Yonath,0012_01.jpg,vggface2_balanced_100_100/n000042/0012_01.jpg
VGGFace2,n000042,Ada_Yonath,0013_01.jpg,vggface2_balanced_100_100/n000042/0013_01.jpg
VGGFace2,n000042,Ada_Yonath,0014_01.jpg,vggface2_balanced_100_100/n000042/0014_01.jpg
VGGFace2,n000042,Ada_Yonath,0015_01.jpg,vggface2_balanced_100_100/n000042/0015_01.jpg
VGGFace2,n000042,Ada_Yonath,0016_01.jpg,vggface2_balanced_100_100/n000042/0016_01.jpg
VGGFace2,n000042,Ada_Yonath,0017_01.jpg,vggface2_balanced_100_100/n000042/0017_01.jpg
VGGFace2,n000042,Ada_Yonath,0018_01.jpg,vggface2_balanced_100_100/n000042/0018_01.jpg
VGGFace2,n000042,Ada_Yonath,0019_03.jpg,vggface2_balanced_100_100/n000042/0019_03.jpg
VGGFace2,n000042,Ada_Yonath,0020_04.jpg,vggface2_balanced_100_100/n000042/0020_04.jpg
VGGFace2,n000042,Ada_Yonath,0021_01.jpg,vggface2_balanced_100_100/n000042/0021_01.jpg
VGGFace2,n000042,Ada_Yonath,0022_01.jpg,vggface2_balanced_100_100/n000042/0022_01.jpg
VGGFace2,n000042,Ada_Yonath,0023_01.jpg,vggface2_balanced_100_100/n000042/0023_01.jpg
VGGFace2,n000042,Ada_Yonath,0024_01.jpg,vggface2_balanced_100_100/n000042/0024_01.jpg
VGGFace2,n000042,Ada_Yonath,0025_01.jpg,vggface2_balanced_100_100/n000042/0025_01.jpg
VGGFace2,n000042,Ada_Yonath,0026_01.jpg,vggface2_balanced_100_100/n000042/0026_01.jpg
VGGFace2,n000042,Ada_Yonath,0027_02.jpg,vggface2_balanced_100_100/n000042/0027_02.jpg
VGGFace2,n000042,Ada_Yonath,0028_04.jpg,vggface2_balanced_100_100/n000042/0028_04.jpg
VGGFace2,n000042,Ada_Yonath,0029_01.jpg,vggface2_balanced_100_100/n000042/0029_01.jpg
VGGFace2,n000042,Ada_Yonath,0030_02.jpg,vggface2_balanced_100_100/n000042/0030_02.jpg
VGGFace2,n000042,Ada_Yonath,0031_01.jpg,vggface2_balanced_100_100/n000042/0031_01.jpg
VGGFace2,n000042,Ada_Yonath,0032_01.jpg,vggface2_balanced_100_100/n000042/0032_01.jpg
VGGFace2,n000042,Ada_Yonath,0033_01.jpg,vggface2_balanced_100_100/n000042/0033_01.jpg
VGGFace2,n000042,Ada_Yonath,0034_03.jpg,vggface2_balanced_100_100/n000042/0034_03.jpg
VGGFace2,n000042,Ada_Yonath,0035_08.jpg,vggface2_balanced_100_100/n000042/0035_08.jpg
VGGFace2,n000042,Ada_Yonath,0036_02.jpg,vggface2_balanced_100_100/n000042/0036_02.jpg
VGGFace2,n000042,Ada_Yonath,0037_01.jpg,vggface2_balanced_100_100/n000042/0037_01.jpg
VGGFace2,n000042,Ada_Yonath,0038_02.jpg,vggface2_balanced_100_100/n000042/0038_02.jpg
VGGFace2,n000042,Ada_Yonath,0039_01.jpg,vggface2_balanced_100_100/n000042/0039_01.jpg
VGGFace2,n000042,Ada_Yonath,0040_02.jpg,vggface2_balanced_100_100/n000042/0040_02.jpg
VGGFace2,n000042,Ada_Yonath,0041_01.jpg,vggface2_balanced_100_100/n000042/0041_01.jpg
VGGFace2,n000042,Ada_Yonath,0042_01.jpg,vggface2_balanced_100_100/n000042/0042_01.jpg
VGGFace2,n000042,Ada_Yonath,0043_03.jpg,vggface2_balanced_100_100/n000042/0043_03.jpg
VGGFace2,n000042,Ada_Yonath,0044_02.jpg,vggface2_balanced_100_100/n000042/0044_02.jpg
VGGFace2,n000042,Ada_Yonath,0045_01.jpg,vggface2_balanced_100_100/n000042/0045_01.jpg
VGGFace2,n000042,Ada_Yonath,0046_01.jpg,vggface2_balanced_100_100/n000042/0046_01.jpg
VGGFace2,n000042,Ada_Yonath,0047_02.jpg,vggface2_balanced_100_100/n000042/0047_02.jpg
VGGFace2,n000042,Ada_Yonath,0048_12.jpg,vggface2_balanced_100_100/n000042/0048_12.jpg
VGGFace2,n000042,Ada_Yonath,0049_01.jpg,vggface2_balanced_100_100/n000042/0049_01.jpg
VGGFace2,n000042,Ada_Yonath,0050_01.jpg,vggface2_balanced_100_100/n000042/0050_01.jpg
VGGFace2,n000042,Ada_Yonath,0051_01.jpg,vggface2_balanced_100_100/n000042/0051_01.jpg
VGGFace2,n000042,Ada_Yonath,0053_01.jpg,vggface2_balanced_100_100/n000042/0053_01.jpg
VGGFace2,n000042,Ada_Yonath,0054_01.jpg,vggface2_balanced_100_100/n000042/0054_01.jpg
VGGFace2,n000042,Ada_Yonath,0055_01.jpg,vggface2_balanced_100_100/n000042/0055_01.jpg
VGGFace2,n000042,Ada_Yonath,0056_04.jpg,vggface2_balanced_100_100/n000042/0056_04.jpg
VGGFace2,n000042,Ada_Yonath,0057_01.jpg,vggface2_balanced_100_100/n000042/0057_01.jpg
VGGFace2,n000042,Ada_Yonath,0058_01.jpg,vggface2_balanced_100_100/n000042/0058_01.jpg
VGGFace2,n000042,Ada_Yonath,0059_01.jpg,vggface2_balanced_100_100/n000042/0059_01.jpg
VGGFace2,n000042,Ada_Yonath,0060_01.jpg,vggface2_balanced_100_100/n000042/0060_01.jpg
VGGFace2,n000042,Ada_Yonath,0061_01.jpg,vggface2_balanced_100_100/n000042/0061_01.jpg
VGGFace2,n000042,Ada_Yonath,0062_01.jpg,vggface2_balanced_100_100/n000042/0062_01.jpg
VGGFace2,n000042,Ada_Yonath,0063_05.jpg,vggface2_balanced_100_100/n000042/0063_05.jpg
VGGFace2,n000042,Ada_Yonath,0064_01.jpg,vggface2_balanced_100_100/n000042/0064_01.jpg
VGGFace2,n000042,Ada_Yonath,0065_01.jpg,vggface2_balanced_100_100/n000042/0065_01.jpg
VGGFace2,n000042,Ada_Yonath,0066_01.jpg,vggface2_balanced_100_100/n000042/0066_01.jpg
VGGFace2,n000042,Ada_Yonath,0067_01.jpg,vggface2_balanced_100_100/n000042/0067_01.jpg
VGGFace2,n000042,Ada_Yonath,0068_02.jpg,vggface2_balanced_100_100/n000042/0068_02.jpg
VGGFace2,n000042,Ada_Yonath,0069_01.jpg,vggface2_balanced_100_100/n000042/0069_01.jpg
VGGFace2,n000042,Ada_Yonath,0069_03.jpg,vggface2_balanced_100_100/n000042/0069_03.jpg
VGGFace2,n000042,Ada_Yonath,0070_01.jpg,vggface2_balanced_100_100/n000042/0070_01.jpg
VGGFace2,n000042,Ada_Yonath,0071_01.jpg,vggface2_balanced_100_100/n000042/0071_01.jpg
VGGFace2,n000042,Ada_Yonath,0072_03.jpg,vggface2_balanced_100_100/n000042/0072_03.jpg
VGGFace2,n000042,Ada_Yonath,0073_01.jpg,vggface2_balanced_100_100/n000042/0073_01.jpg
VGGFace2,n000042,Ada_Yonath,0074_01.jpg,vggface2_balanced_100_100/n000042/0074_01.jpg
VGGFace2,n000042,Ada_Yonath,0075_01.jpg,vggface2_balanced_100_100/n000042/0075_01.jpg
VGGFace2,n000042,Ada_Yonath,0076_01.jpg,vggface2_balanced_100_100/n000042/0076_01.jpg
VGGFace2,n000042,Ada_Yonath,0077_01.jpg,vggface2_balanced_100_100/n000042/0077_01.jpg
VGGFace2,n000042,Ada_Yonath,0078_04.jpg,vggface2_balanced_100_100/n000042/0078_04.jpg
VGGFace2,n000042,Ada_Yonath,0078_08.jpg,vggface2_balanced_100_100/n000042/0078_08.jpg
VGGFace2,n000042,Ada_Yonath,0079_02.jpg,vggface2_balanced_100_100/n000042/0079_02.jpg
VGGFace2,n000042,Ada_Yonath,0079_03.jpg,vggface2_balanced_100_100/n000042/0079_03.jpg
VGGFace2,n000042,Ada_Yonath,0080_02.jpg,vggface2_balanced_100_100/n000042/0080_02.jpg
VGGFace2,n000042,Ada_Yonath,0081_05.jpg,vggface2_balanced_100_100/n000042/0081_05.jpg
VGGFace2,n000042,Ada_Yonath,0082_01.jpg,vggface2_balanced_100_100/n000042/0082_01.jpg
VGGFace2,n000042,Ada_Yonath,0083_01.jpg,vggface2_balanced_100_100/n000042/0083_01.jpg
VGGFace2,n000042,Ada_Yonath,0084_02.jpg,vggface2_balanced_100_100/n000042/0084_02.jpg
VGGFace2,n000042,Ada_Yonath,0085_01.jpg,vggface2_balanced_100_100/n000042/0085_01.jpg
VGGFace2,n000042,Ada_Yonath,0086_03.jpg,vggface2_balanced_100_100/n000042/0086_03.jpg
VGGFace2,n000042,Ada_Yonath,0087_01.jpg,vggface2_balanced_100_100/n000042/0087_01.jpg
VGGFace2,n000042,Ada_Yonath,0088_03.jpg,vggface2_balanced_100_100/n000042/0088_03.jpg
VGGFace2,n000042,Ada_Yonath,0089_01.jpg,vggface2_balanced_100_100/n000042/0089_01.jpg
VGGFace2,n000042,Ada_Yonath,0090_01.jpg,vggface2_balanced_100_100/n000042/0090_01.jpg
VGGFace2,n000042,Ada_Yonath,0091_01.jpg,vggface2_balanced_100_100/n000042/0091_01.jpg
VGGFace2,n000042,Ada_Yonath,0092_02.jpg,vggface2_balanced_100_100/n000042/0092_02.jpg
VGGFace2,n000042,Ada_Yonath,0093_01.jpg,vggface2_balanced_100_100/n000042/0093_01.jpg
VGGFace2,n000042,Ada_Yonath,0094_01.jpg,vggface2_balanced_100_100/n000042/0094_01.jpg
VGGFace2,n000042,Ada_Yonath,0095_02.jpg,vggface2_balanced_100_100/n000042/0095_02.jpg
VGGFace2,n000042,Ada_Yonath,0096_02.jpg,vggface2_balanced_100_100/n000042/0096_02.jpg
VGGFace2,n000042,Ada_Yonath,0097_02.jpg,vggface2_balanced_100_100/n000042/0097_02.jpg
VGGFace2,n000042,Ada_Yonath,0098_01.jpg,vggface2_balanced_100_100/n000042/0098_01.jpg
VGGFace2,n000043,Adah_Sharma,0001_01.jpg,vggface2_balanced_100_100/n000043/0001_01.jpg
VGGFace2,n000043,Adah_Sharma,0002_01.jpg,vggface2_balanced_100_100/n000043/0002_01.jpg
VGGFace2,n000043,Adah_Sharma,0003_01.jpg,vggface2_balanced_100_100/n000043/0003_01.jpg
VGGFace2,n000043,Adah_Sharma,0004_01.jpg,vggface2_balanced_100_100/n000043/0004_01.jpg
VGGFace2,n000043,Adah_Sharma,0005_01.jpg,vggface2_balanced_100_100/n000043/0005_01.jpg
VGGFace2,n000043,Adah_Sharma,0006_01.jpg,vggface2_balanced_100_100/n000043/0006_01.jpg
VGGFace2,n000043,Adah_Sharma,0007_01.jpg,vggface2_balanced_100_100/n000043/0007_01.jpg
VGGFace2,n000043,Adah_Sharma,0008_01.jpg,vggface2_balanced_100_100/n000043/0008_01.jpg
VGGFace2,n000043,Adah_Sharma,0009_01.jpg,vggface2_balanced_100_100/n000043/0009_01.jpg
VGGFace2,n000043,Adah_Sharma,0010_01.jpg,vggface2_balanced_100_100/n000043/0010_01.jpg
VGGFace2,n000043,Adah_Sharma,0011_01.jpg,vggface2_balanced_100_100/n000043/0011_01.jpg
VGGFace2,n000043,Adah_Sharma,0012_01.jpg,vggface2_balanced_100_100/n000043/0012_01.jpg
VGGFace2,n000043,Adah_Sharma,0013_01.jpg,vggface2_balanced_100_100/n000043/0013_01.jpg
VGGFace2,n000043,Adah_Sharma,0014_01.jpg,vggface2_balanced_100_100/n000043/0014_01.jpg
VGGFace2,n000043,Adah_Sharma,0015_01.jpg,vggface2_balanced_100_100/n000043/0015_01.jpg
VGGFace2,n000043,Adah_Sharma,0016_01.jpg,vggface2_balanced_100_100/n000043/0016_01.jpg
VGGFace2,n000043,Adah_Sharma,0017_01.jpg,vggface2_balanced_100_100/n000043/0017_01.jpg
VGGFace2,n000043,Adah_Sharma,0018_01.jpg,vggface2_balanced_100_100/n000043/0018_01.jpg
VGGFace2,n000043,Adah_Sharma,0019_01.jpg,vggface2_balanced_100_100/n000043/0019_01.jpg
VGGFace2,n000043,Adah_Sharma,0020_01.jpg,vggface2_balanced_100_100/n000043/0020_01.jpg
VGGFace2,n000043,Adah_Sharma,0021_01.jpg,vggface2_balanced_100_100/n000043/0021_01.jpg
VGGFace2,n000043,Adah_Sharma,0022_01.jpg,vggface2_balanced_100_100/n000043/0022_01.jpg
VGGFace2,n000043,Adah_Sharma,0023_01.jpg,vggface2_balanced_100_100/n000043/0023_01.jpg
VGGFace2,n000043,Adah_Sharma,0024_01.jpg,vggface2_balanced_100_100/n000043/0024_01.jpg
VGGFace2,n000043,Adah_Sharma,0025_01.jpg,vggface2_balanced_100_100/n000043/0025_01.jpg
VGGFace2,n000043,Adah_Sharma,0026_01.jpg,vggface2_balanced_100_100/n000043/0026_01.jpg
VGGFace2,n000043,Adah_Sharma,0027_01.jpg,vggface2_balanced_100_100/n000043/0027_01.jpg
VGGFace2,n000043,Adah_Sharma,0028_01.jpg,vggface2_balanced_100_100/n000043/0028_01.jpg
VGGFace2,n000043,Adah_Sharma,0029_01.jpg,vggface2_balanced_100_100/n000043/0029_01.jpg
VGGFace2,n000043,Adah_Sharma,0029_02.jpg,vggface2_balanced_100_100/n000043/0029_02.jpg
VGGFace2,n000043,Adah_Sharma,0029_03.jpg,vggface2_balanced_100_100/n000043/0029_03.jpg
VGGFace2,n000043,Adah_Sharma,0030_01.jpg,vggface2_balanced_100_100/n000043/0030_01.jpg
VGGFace2,n000043,Adah_Sharma,0031_01.jpg,vggface2_balanced_100_100/n000043/0031_01.jpg
VGGFace2,n000043,Adah_Sharma,0032_01.jpg,vggface2_balanced_100_100/n000043/0032_01.jpg
VGGFace2,n000043,Adah_Sharma,0033_01.jpg,vggface2_balanced_100_100/n000043/0033_01.jpg
VGGFace2,n000043,Adah_Sharma,0034_01.jpg,vggface2_balanced_100_100/n000043/0034_01.jpg
VGGFace2,n000043,Adah_Sharma,0034_02.jpg,vggface2_balanced_100_100/n000043/0034_02.jpg
VGGFace2,n000043,Adah_Sharma,0035_01.jpg,vggface2_balanced_100_100/n000043/0035_01.jpg
VGGFace2,n000043,Adah_Sharma,0036_01.jpg,vggface2_balanced_100_100/n000043/0036_01.jpg
VGGFace2,n000043,Adah_Sharma,0037_01.jpg,vggface2_balanced_100_100/n000043/0037_01.jpg
VGGFace2,n000043,Adah_Sharma,0038_01.jpg,vggface2_balanced_100_100/n000043/0038_01.jpg
VGGFace2,n000043,Adah_Sharma,0040_01.jpg,vggface2_balanced_100_100/n000043/0040_01.jpg
VGGFace2,n000043,Adah_Sharma,0041_01.jpg,vggface2_balanced_100_100/n000043/0041_01.jpg
VGGFace2,n000043,Adah_Sharma,0042_01.jpg,vggface2_balanced_100_100/n000043/0042_01.jpg
VGGFace2,n000043,Adah_Sharma,0043_01.jpg,vggface2_balanced_100_100/n000043/0043_01.jpg
VGGFace2,n000043,Adah_Sharma,0044_01.jpg,vggface2_balanced_100_100/n000043/0044_01.jpg
VGGFace2,n000043,Adah_Sharma,0045_01.jpg,vggface2_balanced_100_100/n000043/0045_01.jpg
VGGFace2,n000043,Adah_Sharma,0046_01.jpg,vggface2_balanced_100_100/n000043/0046_01.jpg
VGGFace2,n000043,Adah_Sharma,0047_01.jpg,vggface2_balanced_100_100/n000043/0047_01.jpg
VGGFace2,n000043,Adah_Sharma,0048_01.jpg,vggface2_balanced_100_100/n000043/0048_01.jpg
VGGFace2,n000043,Adah_Sharma,0049_01.jpg,vggface2_balanced_100_100/n000043/0049_01.jpg
VGGFace2,n000043,Adah_Sharma,0050_01.jpg,vggface2_balanced_100_100/n000043/0050_01.jpg
VGGFace2,n000043,Adah_Sharma,0051_01.jpg,vggface2_balanced_100_100/n000043/0051_01.jpg
VGGFace2,n000043,Adah_Sharma,0052_01.jpg,vggface2_balanced_100_100/n000043/0052_01.jpg
VGGFace2,n000043,Adah_Sharma,0053_01.jpg,vggface2_balanced_100_100/n000043/0053_01.jpg
VGGFace2,n000043,Adah_Sharma,0053_02.jpg,vggface2_balanced_100_100/n000043/0053_02.jpg
VGGFace2,n000043,Adah_Sharma,0054_01.jpg,vggface2_balanced_100_100/n000043/0054_01.jpg
VGGFace2,n000043,Adah_Sharma,0055_01.jpg,vggface2_balanced_100_100/n000043/0055_01.jpg
VGGFace2,n000043,Adah_Sharma,0056_01.jpg,vggface2_balanced_100_100/n000043/0056_01.jpg
VGGFace2,n000043,Adah_Sharma,0058_01.jpg,vggface2_balanced_100_100/n000043/0058_01.jpg
VGGFace2,n000043,Adah_Sharma,0059_01.jpg,vggface2_balanced_100_100/n000043/0059_01.jpg
VGGFace2,n000043,Adah_Sharma,0060_01.jpg,vggface2_balanced_100_100/n000043/0060_01.jpg
VGGFace2,n000043,Adah_Sharma,0061_01.jpg,vggface2_balanced_100_100/n000043/0061_01.jpg
VGGFace2,n000043,Adah_Sharma,0062_01.jpg,vggface2_balanced_100_100/n000043/0062_01.jpg
VGGFace2,n000043,Adah_Sharma,0063_01.jpg,vggface2_balanced_100_100/n000043/0063_01.jpg
VGGFace2,n000043,Adah_Sharma,0064_01.jpg,vggface2_balanced_100_100/n000043/0064_01.jpg
VGGFace2,n000043,Adah_Sharma,0065_01.jpg,vggface2_balanced_100_100/n000043/0065_01.jpg
VGGFace2,n000043,Adah_Sharma,0066_01.jpg,vggface2_balanced_100_100/n000043/0066_01.jpg
VGGFace2,n000043,Adah_Sharma,0067_01.jpg,vggface2_balanced_100_100/n000043/0067_01.jpg
VGGFace2,n000043,Adah_Sharma,0068_01.jpg,vggface2_balanced_100_100/n000043/0068_01.jpg
VGGFace2,n000043,Adah_Sharma,0068_02.jpg,vggface2_balanced_100_100/n000043/0068_02.jpg
VGGFace2,n000043,Adah_Sharma,0069_01.jpg,vggface2_balanced_100_100/n000043/0069_01.jpg
VGGFace2,n000043,Adah_Sharma,0070_01.jpg,vggface2_balanced_100_100/n000043/0070_01.jpg
VGGFace2,n000043,Adah_Sharma,0071_01.jpg,vggface2_balanced_100_100/n000043/0071_01.jpg
VGGFace2,n000043,Adah_Sharma,0072_01.jpg,vggface2_balanced_100_100/n000043/0072_01.jpg
VGGFace2,n000043,Adah_Sharma,0073_01.jpg,vggface2_balanced_100_100/n000043/0073_01.jpg
VGGFace2,n000043,Adah_Sharma,0074_01.jpg,vggface2_balanced_100_100/n000043/0074_01.jpg
VGGFace2,n000043,Adah_Sharma,0075_01.jpg,vggface2_balanced_100_100/n000043/0075_01.jpg
VGGFace2,n000043,Adah_Sharma,0077_01.jpg,vggface2_balanced_100_100/n000043/0077_01.jpg
VGGFace2,n000043,Adah_Sharma,0078_01.jpg,vggface2_balanced_100_100/n000043/0078_01.jpg
VGGFace2,n000043,Adah_Sharma,0079_01.jpg,vggface2_balanced_100_100/n000043/0079_01.jpg
VGGFace2,n000043,Adah_Sharma,0080_01.jpg,vggface2_balanced_100_100/n000043/0080_01.jpg
VGGFace2,n000043,Adah_Sharma,0081_01.jpg,vggface2_balanced_100_100/n000043/0081_01.jpg
VGGFace2,n000043,Adah_Sharma,0082_01.jpg,vggface2_balanced_100_100/n000043/0082_01.jpg
VGGFace2,n000043,Adah_Sharma,0083_01.jpg,vggface2_balanced_100_100/n000043/0083_01.jpg
VGGFace2,n000043,Adah_Sharma,0084_01.jpg,vggface2_balanced_100_100/n000043/0084_01.jpg
VGGFace2,n000043,Adah_Sharma,0085_01.jpg,vggface2_balanced_100_100/n000043/0085_01.jpg
VGGFace2,n000043,Adah_Sharma,0086_01.jpg,vggface2_balanced_100_100/n000043/0086_01.jpg
VGGFace2,n000043,Adah_Sharma,0087_01.jpg,vggface2_balanced_100_100/n000043/0087_01.jpg
VGGFace2,n000043,Adah_Sharma,0088_01.jpg,vggface2_balanced_100_100/n000043/0088_01.jpg
VGGFace2,n000043,Adah_Sharma,0089_01.jpg,vggface2_balanced_100_100/n000043/0089_01.jpg
VGGFace2,n000043,Adah_Sharma,0090_01.jpg,vggface2_balanced_100_100/n000043/0090_01.jpg
VGGFace2,n000043,Adah_Sharma,0091_01.jpg,vggface2_balanced_100_100/n000043/0091_01.jpg
VGGFace2,n000043,Adah_Sharma,0092_01.jpg,vggface2_balanced_100_100/n000043/0092_01.jpg
VGGFace2,n000043,Adah_Sharma,0093_01.jpg,vggface2_balanced_100_100/n000043/0093_01.jpg
VGGFace2,n000043,Adah_Sharma,0094_01.jpg,vggface2_balanced_100_100/n000043/0094_01.jpg
VGGFace2,n000043,Adah_Sharma,0095_01.jpg,vggface2_balanced_100_100/n000043/0095_01.jpg
VGGFace2,n000043,Adah_Sharma,0096_01.jpg,vggface2_balanced_100_100/n000043/0096_01.jpg
VGGFace2,n000043,Adah_Sharma,0097_01.jpg,vggface2_balanced_100_100/n000043/0097_01.jpg
VGGFace2,n000043,Adah_Sharma,0098_02.jpg,vggface2_balanced_100_100/n000043/0098_02.jpg
VGGFace2,n000044,Adal_Ramones,0001_01.jpg,vggface2_balanced_100_100/n000044/0001_01.jpg
VGGFace2,n000044,Adal_Ramones,0002_02.jpg,vggface2_balanced_100_100/n000044/0002_02.jpg
VGGFace2,n000044,Adal_Ramones,0003_02.jpg,vggface2_balanced_100_100/n000044/0003_02.jpg
VGGFace2,n000044,Adal_Ramones,0004_01.jpg,vggface2_balanced_100_100/n000044/0004_01.jpg
VGGFace2,n000044,Adal_Ramones,0005_01.jpg,vggface2_balanced_100_100/n000044/0005_01.jpg
VGGFace2,n000044,Adal_Ramones,0006_01.jpg,vggface2_balanced_100_100/n000044/0006_01.jpg
VGGFace2,n000044,Adal_Ramones,0007_01.jpg,vggface2_balanced_100_100/n000044/0007_01.jpg
VGGFace2,n000044,Adal_Ramones,0008_01.jpg,vggface2_balanced_100_100/n000044/0008_01.jpg
VGGFace2,n000044,Adal_Ramones,0009_02.jpg,vggface2_balanced_100_100/n000044/0009_02.jpg
VGGFace2,n000044,Adal_Ramones,0010_02.jpg,vggface2_balanced_100_100/n000044/0010_02.jpg
VGGFace2,n000044,Adal_Ramones,0011_02.jpg,vggface2_balanced_100_100/n000044/0011_02.jpg
VGGFace2,n000044,Adal_Ramones,0012_01.jpg,vggface2_balanced_100_100/n000044/0012_01.jpg
VGGFace2,n000044,Adal_Ramones,0013_02.jpg,vggface2_balanced_100_100/n000044/0013_02.jpg
VGGFace2,n000044,Adal_Ramones,0014_01.jpg,vggface2_balanced_100_100/n000044/0014_01.jpg
VGGFace2,n000044,Adal_Ramones,0015_01.jpg,vggface2_balanced_100_100/n000044/0015_01.jpg
VGGFace2,n000044,Adal_Ramones,0016_01.jpg,vggface2_balanced_100_100/n000044/0016_01.jpg
VGGFace2,n000044,Adal_Ramones,0017_01.jpg,vggface2_balanced_100_100/n000044/0017_01.jpg
VGGFace2,n000044,Adal_Ramones,0018_01.jpg,vggface2_balanced_100_100/n000044/0018_01.jpg
VGGFace2,n000044,Adal_Ramones,0019_01.jpg,vggface2_balanced_100_100/n000044/0019_01.jpg
VGGFace2,n000044,Adal_Ramones,0020_01.jpg,vggface2_balanced_100_100/n000044/0020_01.jpg
VGGFace2,n000044,Adal_Ramones,0021_01.jpg,vggface2_balanced_100_100/n000044/0021_01.jpg
VGGFace2,n000044,Adal_Ramones,0022_01.jpg,vggface2_balanced_100_100/n000044/0022_01.jpg
VGGFace2,n000044,Adal_Ramones,0023_01.jpg,vggface2_balanced_100_100/n000044/0023_01.jpg
VGGFace2,n000044,Adal_Ramones,0024_01.jpg,vggface2_balanced_100_100/n000044/0024_01.jpg
VGGFace2,n000044,Adal_Ramones,0025_01.jpg,vggface2_balanced_100_100/n000044/0025_01.jpg
VGGFace2,n000044,Adal_Ramones,0026_01.jpg,vggface2_balanced_100_100/n000044/0026_01.jpg
VGGFace2,n000044,Adal_Ramones,0027_01.jpg,vggface2_balanced_100_100/n000044/0027_01.jpg
VGGFace2,n000044,Adal_Ramones,0028_06.jpg,vggface2_balanced_100_100/n000044/0028_06.jpg
VGGFace2,n000044,Adal_Ramones,0029_01.jpg,vggface2_balanced_100_100/n000044/0029_01.jpg
VGGFace2,n000044,Adal_Ramones,0030_01.jpg,vggface2_balanced_100_100/n000044/0030_01.jpg
VGGFace2,n000044,Adal_Ramones,0031_01.jpg,vggface2_balanced_100_100/n000044/0031_01.jpg
VGGFace2,n000044,Adal_Ramones,0032_02.jpg,vggface2_balanced_100_100/n000044/0032_02.jpg
VGGFace2,n000044,Adal_Ramones,0033_01.jpg,vggface2_balanced_100_100/n000044/0033_01.jpg
VGGFace2,n000044,Adal_Ramones,0034_02.jpg,vggface2_balanced_100_100/n000044/0034_02.jpg
VGGFace2,n000044,Adal_Ramones,0035_01.jpg,vggface2_balanced_100_100/n000044/0035_01.jpg
VGGFace2,n000044,Adal_Ramones,0036_01.jpg,vggface2_balanced_100_100/n000044/0036_01.jpg
VGGFace2,n000044,Adal_Ramones,0037_01.jpg,vggface2_balanced_100_100/n000044/0037_01.jpg
VGGFace2,n000044,Adal_Ramones,0038_01.jpg,vggface2_balanced_100_100/n000044/0038_01.jpg
VGGFace2,n000044,Adal_Ramones,0039_02.jpg,vggface2_balanced_100_100/n000044/0039_02.jpg
VGGFace2,n000044,Adal_Ramones,0040_01.jpg,vggface2_balanced_100_100/n000044/0040_01.jpg
VGGFace2,n000044,Adal_Ramones,0041_01.jpg,vggface2_balanced_100_100/n000044/0041_01.jpg
VGGFace2,n000044,Adal_Ramones,0042_01.jpg,vggface2_balanced_100_100/n000044/0042_01.jpg
VGGFace2,n000044,Adal_Ramones,0043_02.jpg,vggface2_balanced_100_100/n000044/0043_02.jpg
VGGFace2,n000044,Adal_Ramones,0044_02.jpg,vggface2_balanced_100_100/n000044/0044_02.jpg
VGGFace2,n000044,Adal_Ramones,0045_01.jpg,vggface2_balanced_100_100/n000044/0045_01.jpg
VGGFace2,n000044,Adal_Ramones,0046_01.jpg,vggface2_balanced_100_100/n000044/0046_01.jpg
VGGFace2,n000044,Adal_Ramones,0047_01.jpg,vggface2_balanced_100_100/n000044/0047_01.jpg
VGGFace2,n000044,Adal_Ramones,0048_01.jpg,vggface2_balanced_100_100/n000044/0048_01.jpg
VGGFace2,n000044,Adal_Ramones,0049_01.jpg,vggface2_balanced_100_100/n000044/0049_01.jpg
VGGFace2,n000044,Adal_Ramones,0050_01.jpg,vggface2_balanced_100_100/n000044/0050_01.jpg
VGGFace2,n000044,Adal_Ramones,0051_01.jpg,vggface2_balanced_100_100/n000044/0051_01.jpg
VGGFace2,n000044,Adal_Ramones,0052_01.jpg,vggface2_balanced_100_100/n000044/0052_01.jpg
VGGFace2,n000044,Adal_Ramones,0053_01.jpg,vggface2_balanced_100_100/n000044/0053_01.jpg
VGGFace2,n000044,Adal_Ramones,0054_02.jpg,vggface2_balanced_100_100/n000044/0054_02.jpg
VGGFace2,n000044,Adal_Ramones,0055_01.jpg,vggface2_balanced_100_100/n000044/0055_01.jpg
VGGFace2,n000044,Adal_Ramones,0056_01.jpg,vggface2_balanced_100_100/n000044/0056_01.jpg
VGGFace2,n000044,Adal_Ramones,0057_01.jpg,vggface2_balanced_100_100/n000044/0057_01.jpg
VGGFace2,n000044,Adal_Ramones,0058_01.jpg,vggface2_balanced_100_100/n000044/0058_01.jpg
VGGFace2,n000044,Adal_Ramones,0059_01.jpg,vggface2_balanced_100_100/n000044/0059_01.jpg
VGGFace2,n000044,Adal_Ramones,0060_02.jpg,vggface2_balanced_100_100/n000044/0060_02.jpg
VGGFace2,n000044,Adal_Ramones,0061_01.jpg,vggface2_balanced_100_100/n000044/0061_01.jpg
VGGFace2,n000044,Adal_Ramones,0062_01.jpg,vggface2_balanced_100_100/n000044/0062_01.jpg
VGGFace2,n000044,Adal_Ramones,0063_01.jpg,vggface2_balanced_100_100/n000044/0063_01.jpg
VGGFace2,n000044,Adal_Ramones,0064_01.jpg,vggface2_balanced_100_100/n000044/0064_01.jpg
VGGFace2,n000044,Adal_Ramones,0065_01.jpg,vggface2_balanced_100_100/n000044/0065_01.jpg
VGGFace2,n000044,Adal_Ramones,0066_01.jpg,vggface2_balanced_100_100/n000044/0066_01.jpg
VGGFace2,n000044,Adal_Ramones,0067_01.jpg,vggface2_balanced_100_100/n000044/0067_01.jpg
VGGFace2,n000044,Adal_Ramones,0068_01.jpg,vggface2_balanced_100_100/n000044/0068_01.jpg
VGGFace2,n000044,Adal_Ramones,0069_02.jpg,vggface2_balanced_100_100/n000044/0069_02.jpg
VGGFace2,n000044,Adal_Ramones,0070_01.jpg,vggface2_balanced_100_100/n000044/0070_01.jpg
VGGFace2,n000044,Adal_Ramones,0071_02.jpg,vggface2_balanced_100_100/n000044/0071_02.jpg
VGGFace2,n000044,Adal_Ramones,0072_01.jpg,vggface2_balanced_100_100/n000044/0072_01.jpg
VGGFace2,n000044,Adal_Ramones,0073_01.jpg,vggface2_balanced_100_100/n000044/0073_01.jpg
VGGFace2,n000044,Adal_Ramones,0074_01.jpg,vggface2_balanced_100_100/n000044/0074_01.jpg
VGGFace2,n000044,Adal_Ramones,0075_02.jpg,vggface2_balanced_100_100/n000044/0075_02.jpg
VGGFace2,n000044,Adal_Ramones,0076_01.jpg,vggface2_balanced_100_100/n000044/0076_01.jpg
VGGFace2,n000044,Adal_Ramones,0077_01.jpg,vggface2_balanced_100_100/n000044/0077_01.jpg
VGGFace2,n000044,Adal_Ramones,0078_01.jpg,vggface2_balanced_100_100/n000044/0078_01.jpg
VGGFace2,n000044,Adal_Ramones,0079_01.jpg,vggface2_balanced_100_100/n000044/0079_01.jpg
VGGFace2,n000044,Adal_Ramones,0080_01.jpg,vggface2_balanced_100_100/n000044/0080_01.jpg
VGGFace2,n000044,Adal_Ramones,0081_01.jpg,vggface2_balanced_100_100/n000044/0081_01.jpg
VGGFace2,n000044,Adal_Ramones,0082_01.jpg,vggface2_balanced_100_100/n000044/0082_01.jpg
VGGFace2,n000044,Adal_Ramones,0083_01.jpg,vggface2_balanced_100_100/n000044/0083_01.jpg
VGGFace2,n000044,Adal_Ramones,0084_02.jpg,vggface2_balanced_100_100/n000044/0084_02.jpg
VGGFace2,n000044,Adal_Ramones,0085_01.jpg,vggface2_balanced_100_100/n000044/0085_01.jpg
VGGFace2,n000044,Adal_Ramones,0086_01.jpg,vggface2_balanced_100_100/n000044/0086_01.jpg
VGGFace2,n000044,Adal_Ramones,0087_01.jpg,vggface2_balanced_100_100/n000044/0087_01.jpg
VGGFace2,n000044,Adal_Ramones,0088_01.jpg,vggface2_balanced_100_100/n000044/0088_01.jpg
VGGFace2,n000044,Adal_Ramones,0089_01.jpg,vggface2_balanced_100_100/n000044/0089_01.jpg
VGGFace2,n000044,Adal_Ramones,0090_01.jpg,vggface2_balanced_100_100/n000044/0090_01.jpg
VGGFace2,n000044,Adal_Ramones,0091_03.jpg,vggface2_balanced_100_100/n000044/0091_03.jpg
VGGFace2,n000044,Adal_Ramones,0092_01.jpg,vggface2_balanced_100_100/n000044/0092_01.jpg
VGGFace2,n000044,Adal_Ramones,0093_01.jpg,vggface2_balanced_100_100/n000044/0093_01.jpg
VGGFace2,n000044,Adal_Ramones,0094_01.jpg,vggface2_balanced_100_100/n000044/0094_01.jpg
VGGFace2,n000044,Adal_Ramones,0095_01.jpg,vggface2_balanced_100_100/n000044/0095_01.jpg
VGGFace2,n000044,Adal_Ramones,0096_01.jpg,vggface2_balanced_100_100/n000044/0096_01.jpg
VGGFace2,n000044,Adal_Ramones,0097_01.jpg,vggface2_balanced_100_100/n000044/0097_01.jpg
VGGFace2,n000044,Adal_Ramones,0098_01.jpg,vggface2_balanced_100_100/n000044/0098_01.jpg
VGGFace2,n000044,Adal_Ramones,0099_01.jpg,vggface2_balanced_100_100/n000044/0099_01.jpg
VGGFace2,n000044,Adal_Ramones,0100_01.jpg,vggface2_balanced_100_100/n000044/0100_01.jpg
VGGFace2,n000045,Adam_Alsing,0001_01.jpg,vggface2_balanced_100_100/n000045/0001_01.jpg
VGGFace2,n000045,Adam_Alsing,0002_01.jpg,vggface2_balanced_100_100/n000045/0002_01.jpg
VGGFace2,n000045,Adam_Alsing,0003_02.jpg,vggface2_balanced_100_100/n000045/0003_02.jpg
VGGFace2,n000045,Adam_Alsing,0004_01.jpg,vggface2_balanced_100_100/n000045/0004_01.jpg
VGGFace2,n000045,Adam_Alsing,0005_02.jpg,vggface2_balanced_100_100/n000045/0005_02.jpg
VGGFace2,n000045,Adam_Alsing,0006_01.jpg,vggface2_balanced_100_100/n000045/0006_01.jpg
VGGFace2,n000045,Adam_Alsing,0007_01.jpg,vggface2_balanced_100_100/n000045/0007_01.jpg
VGGFace2,n000045,Adam_Alsing,0008_02.jpg,vggface2_balanced_100_100/n000045/0008_02.jpg
VGGFace2,n000045,Adam_Alsing,0009_01.jpg,vggface2_balanced_100_100/n000045/0009_01.jpg
VGGFace2,n000045,Adam_Alsing,0010_01.jpg,vggface2_balanced_100_100/n000045/0010_01.jpg
VGGFace2,n000045,Adam_Alsing,0011_01.jpg,vggface2_balanced_100_100/n000045/0011_01.jpg
VGGFace2,n000045,Adam_Alsing,0012_04.jpg,vggface2_balanced_100_100/n000045/0012_04.jpg
VGGFace2,n000045,Adam_Alsing,0013_03.jpg,vggface2_balanced_100_100/n000045/0013_03.jpg
VGGFace2,n000045,Adam_Alsing,0014_01.jpg,vggface2_balanced_100_100/n000045/0014_01.jpg
VGGFace2,n000045,Adam_Alsing,0014_03.jpg,vggface2_balanced_100_100/n000045/0014_03.jpg
VGGFace2,n000045,Adam_Alsing,0015_01.jpg,vggface2_balanced_100_100/n000045/0015_01.jpg
VGGFace2,n000045,Adam_Alsing,0016_01.jpg,vggface2_balanced_100_100/n000045/0016_01.jpg
VGGFace2,n000045,Adam_Alsing,0017_03.jpg,vggface2_balanced_100_100/n000045/0017_03.jpg
VGGFace2,n000045,Adam_Alsing,0018_01.jpg,vggface2_balanced_100_100/n000045/0018_01.jpg
VGGFace2,n000045,Adam_Alsing,0018_03.jpg,vggface2_balanced_100_100/n000045/0018_03.jpg
VGGFace2,n000045,Adam_Alsing,0019_02.jpg,vggface2_balanced_100_100/n000045/0019_02.jpg
VGGFace2,n000045,Adam_Alsing,0020_02.jpg,vggface2_balanced_100_100/n000045/0020_02.jpg
VGGFace2,n000045,Adam_Alsing,0021_01.jpg,vggface2_balanced_100_100/n000045/0021_01.jpg
VGGFace2,n000045,Adam_Alsing,0022_01.jpg,vggface2_balanced_100_100/n000045/0022_01.jpg
VGGFace2,n000045,Adam_Alsing,0023_02.jpg,vggface2_balanced_100_100/n000045/0023_02.jpg
VGGFace2,n000045,Adam_Alsing,0024_02.jpg,vggface2_balanced_100_100/n000045/0024_02.jpg
VGGFace2,n000045,Adam_Alsing,0025_01.jpg,vggface2_balanced_100_100/n000045/0025_01.jpg
VGGFace2,n000045,Adam_Alsing,0026_01.jpg,vggface2_balanced_100_100/n000045/0026_01.jpg
VGGFace2,n000045,Adam_Alsing,0027_01.jpg,vggface2_balanced_100_100/n000045/0027_01.jpg
VGGFace2,n000045,Adam_Alsing,0028_04.jpg,vggface2_balanced_100_100/n000045/0028_04.jpg
VGGFace2,n000045,Adam_Alsing,0029_01.jpg,vggface2_balanced_100_100/n000045/0029_01.jpg
VGGFace2,n000045,Adam_Alsing,0030_01.jpg,vggface2_balanced_100_100/n000045/0030_01.jpg
VGGFace2,n000045,Adam_Alsing,0031_02.jpg,vggface2_balanced_100_100/n000045/0031_02.jpg
VGGFace2,n000045,Adam_Alsing,0032_02.jpg,vggface2_balanced_100_100/n000045/0032_02.jpg
VGGFace2,n000045,Adam_Alsing,0033_01.jpg,vggface2_balanced_100_100/n000045/0033_01.jpg
VGGFace2,n000045,Adam_Alsing,0034_01.jpg,vggface2_balanced_100_100/n000045/0034_01.jpg
VGGFace2,n000045,Adam_Alsing,0035_01.jpg,vggface2_balanced_100_100/n000045/0035_01.jpg
VGGFace2,n000045,Adam_Alsing,0036_02.jpg,vggface2_balanced_100_100/n000045/0036_02.jpg
VGGFace2,n000045,Adam_Alsing,0037_01.jpg,vggface2_balanced_100_100/n000045/0037_01.jpg
VGGFace2,n000045,Adam_Alsing,0038_01.jpg,vggface2_balanced_100_100/n000045/0038_01.jpg
VGGFace2,n000045,Adam_Alsing,0039_02.jpg,vggface2_balanced_100_100/n000045/0039_02.jpg
VGGFace2,n000045,Adam_Alsing,0040_01.jpg,vggface2_balanced_100_100/n000045/0040_01.jpg
VGGFace2,n000045,Adam_Alsing,0041_03.jpg,vggface2_balanced_100_100/n000045/0041_03.jpg
VGGFace2,n000045,Adam_Alsing,0042_01.jpg,vggface2_balanced_100_100/n000045/0042_01.jpg
VGGFace2,n000045,Adam_Alsing,0043_01.jpg,vggface2_balanced_100_100/n000045/0043_01.jpg
VGGFace2,n000045,Adam_Alsing,0044_01.jpg,vggface2_balanced_100_100/n000045/0044_01.jpg
VGGFace2,n000045,Adam_Alsing,0045_02.jpg,vggface2_balanced_100_100/n000045/0045_02.jpg
VGGFace2,n000045,Adam_Alsing,0046_01.jpg,vggface2_balanced_100_100/n000045/0046_01.jpg
VGGFace2,n000045,Adam_Alsing,0047_01.jpg,vggface2_balanced_100_100/n000045/0047_01.jpg
VGGFace2,n000045,Adam_Alsing,0048_01.jpg,vggface2_balanced_100_100/n000045/0048_01.jpg
VGGFace2,n000045,Adam_Alsing,0048_02.jpg,vggface2_balanced_100_100/n000045/0048_02.jpg
VGGFace2,n000045,Adam_Alsing,0049_01.jpg,vggface2_balanced_100_100/n000045/0049_01.jpg
VGGFace2,n000045,Adam_Alsing,0050_01.jpg,vggface2_balanced_100_100/n000045/0050_01.jpg
VGGFace2,n000045,Adam_Alsing,0051_01.jpg,vggface2_balanced_100_100/n000045/0051_01.jpg
VGGFace2,n000045,Adam_Alsing,0052_01.jpg,vggface2_balanced_100_100/n000045/0052_01.jpg
VGGFace2,n000045,Adam_Alsing,0053_01.jpg,vggface2_balanced_100_100/n000045/0053_01.jpg
VGGFace2,n000045,Adam_Alsing,0054_01.jpg,vggface2_balanced_100_100/n000045/0054_01.jpg
VGGFace2,n000045,Adam_Alsing,0054_03.jpg,vggface2_balanced_100_100/n000045/0054_03.jpg
VGGFace2,n000045,Adam_Alsing,0055_01.jpg,vggface2_balanced_100_100/n000045/0055_01.jpg
VGGFace2,n000045,Adam_Alsing,0056_01.jpg,vggface2_balanced_100_100/n000045/0056_01.jpg
VGGFace2,n000045,Adam_Alsing,0057_01.jpg,vggface2_balanced_100_100/n000045/0057_01.jpg
VGGFace2,n000045,Adam_Alsing,0058_02.jpg,vggface2_balanced_100_100/n000045/0058_02.jpg
VGGFace2,n000045,Adam_Alsing,0058_03.jpg,vggface2_balanced_100_100/n000045/0058_03.jpg
VGGFace2,n000045,Adam_Alsing,0059_01.jpg,vggface2_balanced_100_100/n000045/0059_01.jpg
VGGFace2,n000045,Adam_Alsing,0060_01.jpg,vggface2_balanced_100_100/n000045/0060_01.jpg
VGGFace2,n000045,Adam_Alsing,0061_01.jpg,vggface2_balanced_100_100/n000045/0061_01.jpg
VGGFace2,n000045,Adam_Alsing,0062_01.jpg,vggface2_balanced_100_100/n000045/0062_01.jpg
VGGFace2,n000045,Adam_Alsing,0063_01.jpg,vggface2_balanced_100_100/n000045/0063_01.jpg
VGGFace2,n000045,Adam_Alsing,0064_02.jpg,vggface2_balanced_100_100/n000045/0064_02.jpg
VGGFace2,n000045,Adam_Alsing,0065_01.jpg,vggface2_balanced_100_100/n000045/0065_01.jpg
VGGFace2,n000045,Adam_Alsing,0066_01.jpg,vggface2_balanced_100_100/n000045/0066_01.jpg
VGGFace2,n000045,Adam_Alsing,0067_01.jpg,vggface2_balanced_100_100/n000045/0067_01.jpg
VGGFace2,n000045,Adam_Alsing,0068_03.jpg,vggface2_balanced_100_100/n000045/0068_03.jpg
VGGFace2,n000045,Adam_Alsing,0069_01.jpg,vggface2_balanced_100_100/n000045/0069_01.jpg
VGGFace2,n000045,Adam_Alsing,0070_03.jpg,vggface2_balanced_100_100/n000045/0070_03.jpg
VGGFace2,n000045,Adam_Alsing,0071_01.jpg,vggface2_balanced_100_100/n000045/0071_01.jpg
VGGFace2,n000045,Adam_Alsing,0072_01.jpg,vggface2_balanced_100_100/n000045/0072_01.jpg
VGGFace2,n000045,Adam_Alsing,0073_02.jpg,vggface2_balanced_100_100/n000045/0073_02.jpg
VGGFace2,n000045,Adam_Alsing,0074_01.jpg,vggface2_balanced_100_100/n000045/0074_01.jpg
VGGFace2,n000045,Adam_Alsing,0075_02.jpg,vggface2_balanced_100_100/n000045/0075_02.jpg
VGGFace2,n000045,Adam_Alsing,0075_03.jpg,vggface2_balanced_100_100/n000045/0075_03.jpg
VGGFace2,n000045,Adam_Alsing,0076_01.jpg,vggface2_balanced_100_100/n000045/0076_01.jpg
VGGFace2,n000045,Adam_Alsing,0077_02.jpg,vggface2_balanced_100_100/n000045/0077_02.jpg
VGGFace2,n000045,Adam_Alsing,0078_01.jpg,vggface2_balanced_100_100/n000045/0078_01.jpg
VGGFace2,n000045,Adam_Alsing,0079_01.jpg,vggface2_balanced_100_100/n000045/0079_01.jpg
VGGFace2,n000045,Adam_Alsing,0080_02.jpg,vggface2_balanced_100_100/n000045/0080_02.jpg
VGGFace2,n000045,Adam_Alsing,0081_01.jpg,vggface2_balanced_100_100/n000045/0081_01.jpg
VGGFace2,n000045,Adam_Alsing,0082_01.jpg,vggface2_balanced_100_100/n000045/0082_01.jpg
VGGFace2,n000045,Adam_Alsing,0083_02.jpg,vggface2_balanced_100_100/n000045/0083_02.jpg
VGGFace2,n000045,Adam_Alsing,0084_01.jpg,vggface2_balanced_100_100/n000045/0084_01.jpg
VGGFace2,n000045,Adam_Alsing,0085_01.jpg,vggface2_balanced_100_100/n000045/0085_01.jpg
VGGFace2,n000045,Adam_Alsing,0086_03.jpg,vggface2_balanced_100_100/n000045/0086_03.jpg
VGGFace2,n000045,Adam_Alsing,0087_01.jpg,vggface2_balanced_100_100/n000045/0087_01.jpg
VGGFace2,n000045,Adam_Alsing,0088_01.jpg,vggface2_balanced_100_100/n000045/0088_01.jpg
VGGFace2,n000045,Adam_Alsing,0089_01.jpg,vggface2_balanced_100_100/n000045/0089_01.jpg
VGGFace2,n000045,Adam_Alsing,0090_01.jpg,vggface2_balanced_100_100/n000045/0090_01.jpg
VGGFace2,n000045,Adam_Alsing,0091_01.jpg,vggface2_balanced_100_100/n000045/0091_01.jpg
VGGFace2,n000045,Adam_Alsing,0092_01.jpg,vggface2_balanced_100_100/n000045/0092_01.jpg
VGGFace2,n000045,Adam_Alsing,0093_02.jpg,vggface2_balanced_100_100/n000045/0093_02.jpg
VGGFace2,n000045,Adam_Alsing,0094_02.jpg,vggface2_balanced_100_100/n000045/0094_02.jpg
VGGFace2,n000046,Adam_Ashley-Cooper,0001_02.jpg,vggface2_balanced_100_100/n000046/0001_02.jpg
VGGFace2,n000046,Adam_Ashley-Cooper,0002_01.jpg,vggface2_balanced_100_100/n000046/0002_01.jpg
VGGFace2,n000046,Adam_Ashley-Cooper,0003_01.jpg,vggface2_balanced_100_100/n000046/0003_01.jpg
VGGFace2,n000046,Adam_Ashley-Cooper,0004_01.jpg,vggface2_balanced_100_100/n000046/0004_01.jpg
VGGFace2,n000046,Adam_Ashley-Cooper,0005_01.jpg,vggface2_balanced_100_100/n000046/0005_01.jpg
VGGFace2,n000046,Adam_Ashley-Cooper,0006_01.jpg,vggface2_balanced_100_100/n000046/0006_01.jpg
VGGFace2,n000046,Adam_Ashley-Cooper,0007_01.jpg,vggface2_balanced_100_100/n000046/0007_01.jpg
VGGFace2,n000046,Adam_Ashley-Cooper,0008_01.jpg,vggface2_balanced_100_100/n000046/0008_01.jpg
VGGFace2,n000046,Adam_Ashley-Cooper,0009_01.jpg,vggface2_balanced_100_100/n000046/0009_01.jpg
VGGFace2,n000046,Adam_Ashley-Cooper,0010_01.jpg,vggface2_balanced_100_100/n000046/0010_01.jpg
VGGFace2,n000046,Adam_Ashley-Cooper,0011_01.jpg,vggface2_balanced_100_100/n000046/0011_01.jpg
VGGFace2,n000046,Adam_Ashley-Cooper,0012_01.jpg,vggface2_balanced_100_100/n000046/0012_01.jpg
VGGFace2,n000046,Adam_Ashley-Cooper,0013_01.jpg,vggface2_balanced_100_100/n000046/0013_01.jpg
VGGFace2,n000046,Adam_Ashley-Cooper,0014_01.jpg,vggface2_balanced_100_100/n000046/0014_01.jpg
VGGFace2,n000046,Adam_Ashley-Cooper,0015_01.jpg,vggface2_balanced_100_100/n000046/0015_01.jpg
VGGFace2,n000046,Adam_Ashley-Cooper,0016_01.jpg,vggface2_balanced_100_100/n000046/0016_01.jpg
VGGFace2,n000046,Adam_Ashley-Cooper,0017_01.jpg,vggface2_balanced_100_100/n000046/0017_01.jpg
VGGFace2,n000046,Adam_Ashley-Cooper,0018_01.jpg,vggface2_balanced_100_100/n000046/0018_01.jpg
VGGFace2,n000046,Adam_Ashley-Cooper,0019_02.jpg,vggface2_balanced_100_100/n000046/0019_02.jpg
VGGFace2,n000046,Adam_Ashley-Cooper,0020_01.jpg,vggface2_balanced_100_100/n000046/0020_01.jpg
VGGFace2,n000046,Adam_Ashley-Cooper,0021_01.jpg,vggface2_balanced_100_100/n000046/0021_01.jpg
VGGFace2,n000046,Adam_Ashley-Cooper,0022_01.jpg,vggface2_balanced_100_100/n000046/0022_01.jpg
VGGFace2,n000046,Adam_Ashley-Cooper,0023_01.jpg,vggface2_balanced_100_100/n000046/0023_01.jpg
VGGFace2,n000046,Adam_Ashley-Cooper,0024_01.jpg,vggface2_balanced_100_100/n000046/0024_01.jpg
VGGFace2,n000046,Adam_Ashley-Cooper,0025_01.jpg,vggface2_balanced_100_100/n000046/0025_01.jpg
VGGFace2,n000046,Adam_Ashley-Cooper,0026_01.jpg,vggface2_balanced_100_100/n000046/0026_01.jpg
VGGFace2,n000046,Adam_Ashley-Cooper,0027_01.jpg,vggface2_balanced_100_100/n000046/0027_01.jpg
VGGFace2,n000046,Adam_Ashley-Cooper,0028_01.jpg,vggface2_balanced_100_100/n000046/0028_01.jpg
VGGFace2,n000046,Adam_Ashley-Cooper,0029_01.jpg,vggface2_balanced_100_100/n000046/0029_01.jpg
VGGFace2,n000046,Adam_Ashley-Cooper,0030_01.jpg,vggface2_balanced_100_100/n000046/0030_01.jpg
VGGFace2,n000046,Adam_Ashley-Cooper,0031_01.jpg,vggface2_balanced_100_100/n000046/0031_01.jpg
VGGFace2,n000046,Adam_Ashley-Cooper,0032_01.jpg,vggface2_balanced_100_100/n000046/0032_01.jpg
VGGFace2,n000046,Adam_Ashley-Cooper,0033_01.jpg,vggface2_balanced_100_100/n000046/0033_01.jpg
VGGFace2,n000046,Adam_Ashley-Cooper,0034_01.jpg,vggface2_balanced_100_100/n000046/0034_01.jpg
VGGFace2,n000046,Adam_Ashley-Cooper,0035_01.jpg,vggface2_balanced_100_100/n000046/0035_01.jpg
VGGFace2,n000046,Adam_Ashley-Cooper,0036_01.jpg,vggface2_balanced_100_100/n000046/0036_01.jpg
VGGFace2,n000046,Adam_Ashley-Cooper,0037_01.jpg,vggface2_balanced_100_100/n000046/0037_01.jpg
VGGFace2,n000046,Adam_Ashley-Cooper,0038_01.jpg,vggface2_balanced_100_100/n000046/0038_01.jpg
VGGFace2,n000046,Adam_Ashley-Cooper,0039_01.jpg,vggface2_balanced_100_100/n000046/0039_01.jpg
VGGFace2,n000046,Adam_Ashley-Cooper,0040_01.jpg,vggface2_balanced_100_100/n000046/0040_01.jpg
VGGFace2,n000046,Adam_Ashley-Cooper,0041_01.jpg,vggface2_balanced_100_100/n000046/0041_01.jpg
VGGFace2,n000046,Adam_Ashley-Cooper,0042_01.jpg,vggface2_balanced_100_100/n000046/0042_01.jpg
VGGFace2,n000046,Adam_Ashley-Cooper,0043_01.jpg,vggface2_balanced_100_100/n000046/0043_01.jpg
VGGFace2,n000046,Adam_Ashley-Cooper,0044_01.jpg,vggface2_balanced_100_100/n000046/0044_01.jpg
VGGFace2,n000046,Adam_Ashley-Cooper,0045_01.jpg,vggface2_balanced_100_100/n000046/0045_01.jpg
VGGFace2,n000046,Adam_Ashley-Cooper,0046_01.jpg,vggface2_balanced_100_100/n000046/0046_01.jpg
VGGFace2,n000046,Adam_Ashley-Cooper,0047_01.jpg,vggface2_balanced_100_100/n000046/0047_01.jpg
VGGFace2,n000046,Adam_Ashley-Cooper,0048_01.jpg,vggface2_balanced_100_100/n000046/0048_01.jpg
VGGFace2,n000046,Adam_Ashley-Cooper,0049_02.jpg,vggface2_balanced_100_100/n000046/0049_02.jpg
VGGFace2,n000046,Adam_Ashley-Cooper,0050_01.jpg,vggface2_balanced_100_100/n000046/0050_01.jpg
VGGFace2,n000046,Adam_Ashley-Cooper,0051_01.jpg,vggface2_balanced_100_100/n000046/0051_01.jpg
VGGFace2,n000046,Adam_Ashley-Cooper,0052_01.jpg,vggface2_balanced_100_100/n000046/0052_01.jpg
VGGFace2,n000046,Adam_Ashley-Cooper,0053_02.jpg,vggface2_balanced_100_100/n000046/0053_02.jpg
VGGFace2,n000046,Adam_Ashley-Cooper,0054_01.jpg,vggface2_balanced_100_100/n000046/0054_01.jpg
VGGFace2,n000046,Adam_Ashley-Cooper,0055_01.jpg,vggface2_balanced_100_100/n000046/0055_01.jpg
VGGFace2,n000046,Adam_Ashley-Cooper,0056_01.jpg,vggface2_balanced_100_100/n000046/0056_01.jpg
VGGFace2,n000046,Adam_Ashley-Cooper,0057_01.jpg,vggface2_balanced_100_100/n000046/0057_01.jpg
VGGFace2,n000046,Adam_Ashley-Cooper,0058_02.jpg,vggface2_balanced_100_100/n000046/0058_02.jpg
VGGFace2,n000046,Adam_Ashley-Cooper,0059_01.jpg,vggface2_balanced_100_100/n000046/0059_01.jpg
VGGFace2,n000046,Adam_Ashley-Cooper,0060_01.jpg,vggface2_balanced_100_100/n000046/0060_01.jpg
VGGFace2,n000046,Adam_Ashley-Cooper,0061_01.jpg,vggface2_balanced_100_100/n000046/0061_01.jpg
VGGFace2,n000046,Adam_Ashley-Cooper,0062_02.jpg,vggface2_balanced_100_100/n000046/0062_02.jpg
VGGFace2,n000046,Adam_Ashley-Cooper,0063_01.jpg,vggface2_balanced_100_100/n000046/0063_01.jpg
VGGFace2,n000046,Adam_Ashley-Cooper,0064_01.jpg,vggface2_balanced_100_100/n000046/0064_01.jpg
VGGFace2,n000046,Adam_Ashley-Cooper,0065_01.jpg,vggface2_balanced_100_100/n000046/0065_01.jpg
VGGFace2,n000046,Adam_Ashley-Cooper,0066_01.jpg,vggface2_balanced_100_100/n000046/0066_01.jpg
VGGFace2,n000046,Adam_Ashley-Cooper,0067_01.jpg,vggface2_balanced_100_100/n000046/0067_01.jpg
VGGFace2,n000046,Adam_Ashley-Cooper,0068_01.jpg,vggface2_balanced_100_100/n000046/0068_01.jpg
VGGFace2,n000046,Adam_Ashley-Cooper,0068_02.jpg,vggface2_balanced_100_100/n000046/0068_02.jpg
VGGFace2,n000046,Adam_Ashley-Cooper,0069_01.jpg,vggface2_balanced_100_100/n000046/0069_01.jpg
VGGFace2,n000046,Adam_Ashley-Cooper,0070_01.jpg,vggface2_balanced_100_100/n000046/0070_01.jpg
VGGFace2,n000046,Adam_Ashley-Cooper,0071_01.jpg,vggface2_balanced_100_100/n000046/0071_01.jpg
VGGFace2,n000046,Adam_Ashley-Cooper,0072_01.jpg,vggface2_balanced_100_100/n000046/0072_01.jpg
VGGFace2,n000046,Adam_Ashley-Cooper,0073_01.jpg,vggface2_balanced_100_100/n000046/0073_01.jpg
VGGFace2,n000046,Adam_Ashley-Cooper,0074_01.jpg,vggface2_balanced_100_100/n000046/0074_01.jpg
VGGFace2,n000046,Adam_Ashley-Cooper,0075_01.jpg,vggface2_balanced_100_100/n000046/0075_01.jpg
VGGFace2,n000046,Adam_Ashley-Cooper,0076_01.jpg,vggface2_balanced_100_100/n000046/0076_01.jpg
VGGFace2,n000046,Adam_Ashley-Cooper,0077_01.jpg,vggface2_balanced_100_100/n000046/0077_01.jpg
VGGFace2,n000046,Adam_Ashley-Cooper,0078_01.jpg,vggface2_balanced_100_100/n000046/0078_01.jpg
VGGFace2,n000046,Adam_Ashley-Cooper,0079_01.jpg,vggface2_balanced_100_100/n000046/0079_01.jpg
VGGFace2,n000046,Adam_Ashley-Cooper,0080_01.jpg,vggface2_balanced_100_100/n000046/0080_01.jpg
VGGFace2,n000046,Adam_Ashley-Cooper,0081_01.jpg,vggface2_balanced_100_100/n000046/0081_01.jpg
VGGFace2,n000046,Adam_Ashley-Cooper,0082_01.jpg,vggface2_balanced_100_100/n000046/0082_01.jpg
VGGFace2,n000046,Adam_Ashley-Cooper,0083_01.jpg,vggface2_balanced_100_100/n000046/0083_01.jpg
VGGFace2,n000046,Adam_Ashley-Cooper,0084_02.jpg,vggface2_balanced_100_100/n000046/0084_02.jpg
VGGFace2,n000046,Adam_Ashley-Cooper,0085_02.jpg,vggface2_balanced_100_100/n000046/0085_02.jpg
VGGFace2,n000046,Adam_Ashley-Cooper,0086_01.jpg,vggface2_balanced_100_100/n000046/0086_01.jpg
VGGFace2,n000046,Adam_Ashley-Cooper,0087_01.jpg,vggface2_balanced_100_100/n000046/0087_01.jpg
VGGFace2,n000046,Adam_Ashley-Cooper,0088_01.jpg,vggface2_balanced_100_100/n000046/0088_01.jpg
VGGFace2,n000046,Adam_Ashley-Cooper,0089_01.jpg,vggface2_balanced_100_100/n000046/0089_01.jpg
VGGFace2,n000046,Adam_Ashley-Cooper,0090_02.jpg,vggface2_balanced_100_100/n000046/0090_02.jpg
VGGFace2,n000046,Adam_Ashley-Cooper,0091_01.jpg,vggface2_balanced_100_100/n000046/0091_01.jpg
VGGFace2,n000046,Adam_Ashley-Cooper,0092_01.jpg,vggface2_balanced_100_100/n000046/0092_01.jpg
VGGFace2,n000046,Adam_Ashley-Cooper,0093_01.jpg,vggface2_balanced_100_100/n000046/0093_01.jpg
VGGFace2,n000046,Adam_Ashley-Cooper,0094_01.jpg,vggface2_balanced_100_100/n000046/0094_01.jpg
VGGFace2,n000046,Adam_Ashley-Cooper,0095_01.jpg,vggface2_balanced_100_100/n000046/0095_01.jpg
VGGFace2,n000046,Adam_Ashley-Cooper,0096_01.jpg,vggface2_balanced_100_100/n000046/0096_01.jpg
VGGFace2,n000046,Adam_Ashley-Cooper,0097_01.jpg,vggface2_balanced_100_100/n000046/0097_01.jpg
VGGFace2,n000046,Adam_Ashley-Cooper,0098_01.jpg,vggface2_balanced_100_100/n000046/0098_01.jpg
VGGFace2,n000046,Adam_Ashley-Cooper,0099_01.jpg,vggface2_balanced_100_100/n000046/0099_01.jpg
VGGFace2,n000047,Adam_Bandt,0001_01.jpg,vggface2_balanced_100_100/n000047/0001_01.jpg
VGGFace2,n000047,Adam_Bandt,0002_01.jpg,vggface2_balanced_100_100/n000047/0002_01.jpg
VGGFace2,n000047,Adam_Bandt,0003_01.jpg,vggface2_balanced_100_100/n000047/0003_01.jpg
VGGFace2,n000047,Adam_Bandt,0004_01.jpg,vggface2_balanced_100_100/n000047/0004_01.jpg
VGGFace2,n000047,Adam_Bandt,0005_01.jpg,vggface2_balanced_100_100/n000047/0005_01.jpg
VGGFace2,n000047,Adam_Bandt,0006_01.jpg,vggface2_balanced_100_100/n000047/0006_01.jpg
VGGFace2,n000047,Adam_Bandt,0007_01.jpg,vggface2_balanced_100_100/n000047/0007_01.jpg
VGGFace2,n000047,Adam_Bandt,0008_01.jpg,vggface2_balanced_100_100/n000047/0008_01.jpg
VGGFace2,n000047,Adam_Bandt,0008_02.jpg,vggface2_balanced_100_100/n000047/0008_02.jpg
VGGFace2,n000047,Adam_Bandt,0009_01.jpg,vggface2_balanced_100_100/n000047/0009_01.jpg
VGGFace2,n000047,Adam_Bandt,0010_01.jpg,vggface2_balanced_100_100/n000047/0010_01.jpg
VGGFace2,n000047,Adam_Bandt,0011_01.jpg,vggface2_balanced_100_100/n000047/0011_01.jpg
VGGFace2,n000047,Adam_Bandt,0012_09.jpg,vggface2_balanced_100_100/n000047/0012_09.jpg
VGGFace2,n000047,Adam_Bandt,0013_01.jpg,vggface2_balanced_100_100/n000047/0013_01.jpg
VGGFace2,n000047,Adam_Bandt,0014_01.jpg,vggface2_balanced_100_100/n000047/0014_01.jpg
VGGFace2,n000047,Adam_Bandt,0015_01.jpg,vggface2_balanced_100_100/n000047/0015_01.jpg
VGGFace2,n000047,Adam_Bandt,0016_01.jpg,vggface2_balanced_100_100/n000047/0016_01.jpg
VGGFace2,n000047,Adam_Bandt,0017_01.jpg,vggface2_balanced_100_100/n000047/0017_01.jpg
VGGFace2,n000047,Adam_Bandt,0018_01.jpg,vggface2_balanced_100_100/n000047/0018_01.jpg
VGGFace2,n000047,Adam_Bandt,0019_01.jpg,vggface2_balanced_100_100/n000047/0019_01.jpg
VGGFace2,n000047,Adam_Bandt,0020_01.jpg,vggface2_balanced_100_100/n000047/0020_01.jpg
VGGFace2,n000047,Adam_Bandt,0021_01.jpg,vggface2_balanced_100_100/n000047/0021_01.jpg
VGGFace2,n000047,Adam_Bandt,0022_01.jpg,vggface2_balanced_100_100/n000047/0022_01.jpg
VGGFace2,n000047,Adam_Bandt,0023_01.jpg,vggface2_balanced_100_100/n000047/0023_01.jpg
VGGFace2,n000047,Adam_Bandt,0024_01.jpg,vggface2_balanced_100_100/n000047/0024_01.jpg
VGGFace2,n000047,Adam_Bandt,0025_01.jpg,vggface2_balanced_100_100/n000047/0025_01.jpg
VGGFace2,n000047,Adam_Bandt,0026_01.jpg,vggface2_balanced_100_100/n000047/0026_01.jpg
VGGFace2,n000047,Adam_Bandt,0027_01.jpg,vggface2_balanced_100_100/n000047/0027_01.jpg
VGGFace2,n000047,Adam_Bandt,0028_01.jpg,vggface2_balanced_100_100/n000047/0028_01.jpg
VGGFace2,n000047,Adam_Bandt,0029_01.jpg,vggface2_balanced_100_100/n000047/0029_01.jpg
VGGFace2,n000047,Adam_Bandt,0029_02.jpg,vggface2_balanced_100_100/n000047/0029_02.jpg
VGGFace2,n000047,Adam_Bandt,0030_01.jpg,vggface2_balanced_100_100/n000047/0030_01.jpg
VGGFace2,n000047,Adam_Bandt,0031_01.jpg,vggface2_balanced_100_100/n000047/0031_01.jpg
VGGFace2,n000047,Adam_Bandt,0032_01.jpg,vggface2_balanced_100_100/n000047/0032_01.jpg
VGGFace2,n000047,Adam_Bandt,0032_02.jpg,vggface2_balanced_100_100/n000047/0032_02.jpg
VGGFace2,n000047,Adam_Bandt,0033_01.jpg,vggface2_balanced_100_100/n000047/0033_01.jpg
VGGFace2,n000047,Adam_Bandt,0034_01.jpg,vggface2_balanced_100_100/n000047/0034_01.jpg
VGGFace2,n000047,Adam_Bandt,0035_01.jpg,vggface2_balanced_100_100/n000047/0035_01.jpg
VGGFace2,n000047,Adam_Bandt,0036_01.jpg,vggface2_balanced_100_100/n000047/0036_01.jpg
VGGFace2,n000047,Adam_Bandt,0037_04.jpg,vggface2_balanced_100_100/n000047/0037_04.jpg
VGGFace2,n000047,Adam_Bandt,0037_07.jpg,vggface2_balanced_100_100/n000047/0037_07.jpg
VGGFace2,n000047,Adam_Bandt,0038_02.jpg,vggface2_balanced_100_100/n000047/0038_02.jpg
VGGFace2,n000047,Adam_Bandt,0039_01.jpg,vggface2_balanced_100_100/n000047/0039_01.jpg
VGGFace2,n000047,Adam_Bandt,0040_02.jpg,vggface2_balanced_100_100/n000047/0040_02.jpg
VGGFace2,n000047,Adam_Bandt,0041_01.jpg,vggface2_balanced_100_100/n000047/0041_01.jpg
VGGFace2,n000047,Adam_Bandt,0042_01.jpg,vggface2_balanced_100_100/n000047/0042_01.jpg
VGGFace2,n000047,Adam_Bandt,0043_02.jpg,vggface2_balanced_100_100/n000047/0043_02.jpg
VGGFace2,n000047,Adam_Bandt,0044_01.jpg,vggface2_balanced_100_100/n000047/0044_01.jpg
VGGFace2,n000047,Adam_Bandt,0045_01.jpg,vggface2_balanced_100_100/n000047/0045_01.jpg
VGGFace2,n000047,Adam_Bandt,0046_01.jpg,vggface2_balanced_100_100/n000047/0046_01.jpg
VGGFace2,n000047,Adam_Bandt,0047_01.jpg,vggface2_balanced_100_100/n000047/0047_01.jpg
VGGFace2,n000047,Adam_Bandt,0048_01.jpg,vggface2_balanced_100_100/n000047/0048_01.jpg
VGGFace2,n000047,Adam_Bandt,0049_01.jpg,vggface2_balanced_100_100/n000047/0049_01.jpg
VGGFace2,n000047,Adam_Bandt,0050_01.jpg,vggface2_balanced_100_100/n000047/0050_01.jpg
VGGFace2,n000047,Adam_Bandt,0051_01.jpg,vggface2_balanced_100_100/n000047/0051_01.jpg
VGGFace2,n000047,Adam_Bandt,0051_02.jpg,vggface2_balanced_100_100/n000047/0051_02.jpg
VGGFace2,n000047,Adam_Bandt,0052_01.jpg,vggface2_balanced_100_100/n000047/0052_01.jpg
VGGFace2,n000047,Adam_Bandt,0053_02.jpg,vggface2_balanced_100_100/n000047/0053_02.jpg
VGGFace2,n000047,Adam_Bandt,0054_01.jpg,vggface2_balanced_100_100/n000047/0054_01.jpg
VGGFace2,n000047,Adam_Bandt,0055_01.jpg,vggface2_balanced_100_100/n000047/0055_01.jpg
VGGFace2,n000047,Adam_Bandt,0056_01.jpg,vggface2_balanced_100_100/n000047/0056_01.jpg
VGGFace2,n000047,Adam_Bandt,0057_02.jpg,vggface2_balanced_100_100/n000047/0057_02.jpg
VGGFace2,n000047,Adam_Bandt,0058_01.jpg,vggface2_balanced_100_100/n000047/0058_01.jpg
VGGFace2,n000047,Adam_Bandt,0059_02.jpg,vggface2_balanced_100_100/n000047/0059_02.jpg
VGGFace2,n000047,Adam_Bandt,0060_01.jpg,vggface2_balanced_100_100/n000047/0060_01.jpg
VGGFace2,n000047,Adam_Bandt,0061_01.jpg,vggface2_balanced_100_100/n000047/0061_01.jpg
VGGFace2,n000047,Adam_Bandt,0062_01.jpg,vggface2_balanced_100_100/n000047/0062_01.jpg
VGGFace2,n000047,Adam_Bandt,0063_01.jpg,vggface2_balanced_100_100/n000047/0063_01.jpg
VGGFace2,n000047,Adam_Bandt,0064_04.jpg,vggface2_balanced_100_100/n000047/0064_04.jpg
VGGFace2,n000047,Adam_Bandt,0065_03.jpg,vggface2_balanced_100_100/n000047/0065_03.jpg
VGGFace2,n000047,Adam_Bandt,0066_01.jpg,vggface2_balanced_100_100/n000047/0066_01.jpg
VGGFace2,n000047,Adam_Bandt,0067_01.jpg,vggface2_balanced_100_100/n000047/0067_01.jpg
VGGFace2,n000047,Adam_Bandt,0068_01.jpg,vggface2_balanced_100_100/n000047/0068_01.jpg
VGGFace2,n000047,Adam_Bandt,0068_02.jpg,vggface2_balanced_100_100/n000047/0068_02.jpg
VGGFace2,n000047,Adam_Bandt,0069_01.jpg,vggface2_balanced_100_100/n000047/0069_01.jpg
VGGFace2,n000047,Adam_Bandt,0070_01.jpg,vggface2_balanced_100_100/n000047/0070_01.jpg
VGGFace2,n000047,Adam_Bandt,0071_02.jpg,vggface2_balanced_100_100/n000047/0071_02.jpg
VGGFace2,n000047,Adam_Bandt,0072_01.jpg,vggface2_balanced_100_100/n000047/0072_01.jpg
VGGFace2,n000047,Adam_Bandt,0073_01.jpg,vggface2_balanced_100_100/n000047/0073_01.jpg
VGGFace2,n000047,Adam_Bandt,0074_01.jpg,vggface2_balanced_100_100/n000047/0074_01.jpg
VGGFace2,n000047,Adam_Bandt,0075_01.jpg,vggface2_balanced_100_100/n000047/0075_01.jpg
VGGFace2,n000047,Adam_Bandt,0076_01.jpg,vggface2_balanced_100_100/n000047/0076_01.jpg
VGGFace2,n000047,Adam_Bandt,0077_01.jpg,vggface2_balanced_100_100/n000047/0077_01.jpg
VGGFace2,n000047,Adam_Bandt,0078_01.jpg,vggface2_balanced_100_100/n000047/0078_01.jpg
VGGFace2,n000047,Adam_Bandt,0079_01.jpg,vggface2_balanced_100_100/n000047/0079_01.jpg
VGGFace2,n000047,Adam_Bandt,0080_01.jpg,vggface2_balanced_100_100/n000047/0080_01.jpg
VGGFace2,n000047,Adam_Bandt,0081_01.jpg,vggface2_balanced_100_100/n000047/0081_01.jpg
VGGFace2,n000047,Adam_Bandt,0082_01.jpg,vggface2_balanced_100_100/n000047/0082_01.jpg
VGGFace2,n000047,Adam_Bandt,0083_02.jpg,vggface2_balanced_100_100/n000047/0083_02.jpg
VGGFace2,n000047,Adam_Bandt,0084_01.jpg,vggface2_balanced_100_100/n000047/0084_01.jpg
VGGFace2,n000047,Adam_Bandt,0085_01.jpg,vggface2_balanced_100_100/n000047/0085_01.jpg
VGGFace2,n000047,Adam_Bandt,0085_02.jpg,vggface2_balanced_100_100/n000047/0085_02.jpg
VGGFace2,n000047,Adam_Bandt,0086_01.jpg,vggface2_balanced_100_100/n000047/0086_01.jpg
VGGFace2,n000047,Adam_Bandt,0087_01.jpg,vggface2_balanced_100_100/n000047/0087_01.jpg
VGGFace2,n000047,Adam_Bandt,0088_02.jpg,vggface2_balanced_100_100/n000047/0088_02.jpg
VGGFace2,n000047,Adam_Bandt,0089_02.jpg,vggface2_balanced_100_100/n000047/0089_02.jpg
VGGFace2,n000047,Adam_Bandt,0090_01.jpg,vggface2_balanced_100_100/n000047/0090_01.jpg
VGGFace2,n000047,Adam_Bandt,0091_01.jpg,vggface2_balanced_100_100/n000047/0091_01.jpg
VGGFace2,n000047,Adam_Bandt,0092_02.jpg,vggface2_balanced_100_100/n000047/0092_02.jpg
VGGFace2,n000047,Adam_Bandt,0092_04.jpg,vggface2_balanced_100_100/n000047/0092_04.jpg
VGGFace2,n000048,Adam_Boniecki,0001_01.jpg,vggface2_balanced_100_100/n000048/0001_01.jpg
VGGFace2,n000048,Adam_Boniecki,0002_01.jpg,vggface2_balanced_100_100/n000048/0002_01.jpg
VGGFace2,n000048,Adam_Boniecki,0003_01.jpg,vggface2_balanced_100_100/n000048/0003_01.jpg
VGGFace2,n000048,Adam_Boniecki,0004_01.jpg,vggface2_balanced_100_100/n000048/0004_01.jpg
VGGFace2,n000048,Adam_Boniecki,0005_01.jpg,vggface2_balanced_100_100/n000048/0005_01.jpg
VGGFace2,n000048,Adam_Boniecki,0006_01.jpg,vggface2_balanced_100_100/n000048/0006_01.jpg
VGGFace2,n000048,Adam_Boniecki,0007_01.jpg,vggface2_balanced_100_100/n000048/0007_01.jpg
VGGFace2,n000048,Adam_Boniecki,0008_01.jpg,vggface2_balanced_100_100/n000048/0008_01.jpg
VGGFace2,n000048,Adam_Boniecki,0009_01.jpg,vggface2_balanced_100_100/n000048/0009_01.jpg
VGGFace2,n000048,Adam_Boniecki,0010_01.jpg,vggface2_balanced_100_100/n000048/0010_01.jpg
VGGFace2,n000048,Adam_Boniecki,0011_01.jpg,vggface2_balanced_100_100/n000048/0011_01.jpg
VGGFace2,n000048,Adam_Boniecki,0012_01.jpg,vggface2_balanced_100_100/n000048/0012_01.jpg
VGGFace2,n000048,Adam_Boniecki,0013_01.jpg,vggface2_balanced_100_100/n000048/0013_01.jpg
VGGFace2,n000048,Adam_Boniecki,0014_01.jpg,vggface2_balanced_100_100/n000048/0014_01.jpg
VGGFace2,n000048,Adam_Boniecki,0015_01.jpg,vggface2_balanced_100_100/n000048/0015_01.jpg
VGGFace2,n000048,Adam_Boniecki,0016_01.jpg,vggface2_balanced_100_100/n000048/0016_01.jpg
VGGFace2,n000048,Adam_Boniecki,0017_01.jpg,vggface2_balanced_100_100/n000048/0017_01.jpg
VGGFace2,n000048,Adam_Boniecki,0018_01.jpg,vggface2_balanced_100_100/n000048/0018_01.jpg
VGGFace2,n000048,Adam_Boniecki,0019_01.jpg,vggface2_balanced_100_100/n000048/0019_01.jpg
VGGFace2,n000048,Adam_Boniecki,0020_01.jpg,vggface2_balanced_100_100/n000048/0020_01.jpg
VGGFace2,n000048,Adam_Boniecki,0021_01.jpg,vggface2_balanced_100_100/n000048/0021_01.jpg
VGGFace2,n000048,Adam_Boniecki,0022_01.jpg,vggface2_balanced_100_100/n000048/0022_01.jpg
VGGFace2,n000048,Adam_Boniecki,0023_01.jpg,vggface2_balanced_100_100/n000048/0023_01.jpg
VGGFace2,n000048,Adam_Boniecki,0024_03.jpg,vggface2_balanced_100_100/n000048/0024_03.jpg
VGGFace2,n000048,Adam_Boniecki,0025_01.jpg,vggface2_balanced_100_100/n000048/0025_01.jpg
VGGFace2,n000048,Adam_Boniecki,0026_01.jpg,vggface2_balanced_100_100/n000048/0026_01.jpg
VGGFace2,n000048,Adam_Boniecki,0027_03.jpg,vggface2_balanced_100_100/n000048/0027_03.jpg
VGGFace2,n000048,Adam_Boniecki,0028_01.jpg,vggface2_balanced_100_100/n000048/0028_01.jpg
VGGFace2,n000048,Adam_Boniecki,0029_01.jpg,vggface2_balanced_100_100/n000048/0029_01.jpg
VGGFace2,n000048,Adam_Boniecki,0030_01.jpg,vggface2_balanced_100_100/n000048/0030_01.jpg
VGGFace2,n000048,Adam_Boniecki,0031_01.jpg,vggface2_balanced_100_100/n000048/0031_01.jpg
VGGFace2,n000048,Adam_Boniecki,0032_01.jpg,vggface2_balanced_100_100/n000048/0032_01.jpg
VGGFace2,n000048,Adam_Boniecki,0033_01.jpg,vggface2_balanced_100_100/n000048/0033_01.jpg
VGGFace2,n000048,Adam_Boniecki,0034_01.jpg,vggface2_balanced_100_100/n000048/0034_01.jpg
VGGFace2,n000048,Adam_Boniecki,0035_01.jpg,vggface2_balanced_100_100/n000048/0035_01.jpg
VGGFace2,n000048,Adam_Boniecki,0036_01.jpg,vggface2_balanced_100_100/n000048/0036_01.jpg
VGGFace2,n000048,Adam_Boniecki,0037_01.jpg,vggface2_balanced_100_100/n000048/0037_01.jpg
VGGFace2,n000048,Adam_Boniecki,0038_02.jpg,vggface2_balanced_100_100/n000048/0038_02.jpg
VGGFace2,n000048,Adam_Boniecki,0039_01.jpg,vggface2_balanced_100_100/n000048/0039_01.jpg
VGGFace2,n000048,Adam_Boniecki,0040_01.jpg,vggface2_balanced_100_100/n000048/0040_01.jpg
VGGFace2,n000048,Adam_Boniecki,0041_01.jpg,vggface2_balanced_100_100/n000048/0041_01.jpg
VGGFace2,n000048,Adam_Boniecki,0042_01.jpg,vggface2_balanced_100_100/n000048/0042_01.jpg
VGGFace2,n000048,Adam_Boniecki,0043_01.jpg,vggface2_balanced_100_100/n000048/0043_01.jpg
VGGFace2,n000048,Adam_Boniecki,0044_01.jpg,vggface2_balanced_100_100/n000048/0044_01.jpg
VGGFace2,n000048,Adam_Boniecki,0045_01.jpg,vggface2_balanced_100_100/n000048/0045_01.jpg
VGGFace2,n000048,Adam_Boniecki,0046_02.jpg,vggface2_balanced_100_100/n000048/0046_02.jpg
VGGFace2,n000048,Adam_Boniecki,0047_01.jpg,vggface2_balanced_100_100/n000048/0047_01.jpg
VGGFace2,n000048,Adam_Boniecki,0048_01.jpg,vggface2_balanced_100_100/n000048/0048_01.jpg
VGGFace2,n000048,Adam_Boniecki,0049_01.jpg,vggface2_balanced_100_100/n000048/0049_01.jpg
VGGFace2,n000048,Adam_Boniecki,0050_01.jpg,vggface2_balanced_100_100/n000048/0050_01.jpg
VGGFace2,n000048,Adam_Boniecki,0051_01.jpg,vggface2_balanced_100_100/n000048/0051_01.jpg
VGGFace2,n000048,Adam_Boniecki,0052_01.jpg,vggface2_balanced_100_100/n000048/0052_01.jpg
VGGFace2,n000048,Adam_Boniecki,0053_01.jpg,vggface2_balanced_100_100/n000048/0053_01.jpg
VGGFace2,n000048,Adam_Boniecki,0054_01.jpg,vggface2_balanced_100_100/n000048/0054_01.jpg
VGGFace2,n000048,Adam_Boniecki,0055_04.jpg,vggface2_balanced_100_100/n000048/0055_04.jpg
VGGFace2,n000048,Adam_Boniecki,0056_01.jpg,vggface2_balanced_100_100/n000048/0056_01.jpg
VGGFace2,n000048,Adam_Boniecki,0057_02.jpg,vggface2_balanced_100_100/n000048/0057_02.jpg
VGGFace2,n000048,Adam_Boniecki,0058_01.jpg,vggface2_balanced_100_100/n000048/0058_01.jpg
VGGFace2,n000048,Adam_Boniecki,0059_02.jpg,vggface2_balanced_100_100/n000048/0059_02.jpg
VGGFace2,n000048,Adam_Boniecki,0060_02.jpg,vggface2_balanced_100_100/n000048/0060_02.jpg
VGGFace2,n000048,Adam_Boniecki,0061_01.jpg,vggface2_balanced_100_100/n000048/0061_01.jpg
VGGFace2,n000048,Adam_Boniecki,0062_01.jpg,vggface2_balanced_100_100/n000048/0062_01.jpg
VGGFace2,n000048,Adam_Boniecki,0063_01.jpg,vggface2_balanced_100_100/n000048/0063_01.jpg
VGGFace2,n000048,Adam_Boniecki,0064_01.jpg,vggface2_balanced_100_100/n000048/0064_01.jpg
VGGFace2,n000048,Adam_Boniecki,0065_01.jpg,vggface2_balanced_100_100/n000048/0065_01.jpg
VGGFace2,n000048,Adam_Boniecki,0066_01.jpg,vggface2_balanced_100_100/n000048/0066_01.jpg
VGGFace2,n000048,Adam_Boniecki,0067_01.jpg,vggface2_balanced_100_100/n000048/0067_01.jpg
VGGFace2,n000048,Adam_Boniecki,0068_01.jpg,vggface2_balanced_100_100/n000048/0068_01.jpg
VGGFace2,n000048,Adam_Boniecki,0069_01.jpg,vggface2_balanced_100_100/n000048/0069_01.jpg
VGGFace2,n000048,Adam_Boniecki,0070_01.jpg,vggface2_balanced_100_100/n000048/0070_01.jpg
VGGFace2,n000048,Adam_Boniecki,0071_03.jpg,vggface2_balanced_100_100/n000048/0071_03.jpg
VGGFace2,n000048,Adam_Boniecki,0072_01.jpg,vggface2_balanced_100_100/n000048/0072_01.jpg
VGGFace2,n000048,Adam_Boniecki,0073_01.jpg,vggface2_balanced_100_100/n000048/0073_01.jpg
VGGFace2,n000048,Adam_Boniecki,0074_02.jpg,vggface2_balanced_100_100/n000048/0074_02.jpg
VGGFace2,n000048,Adam_Boniecki,0075_01.jpg,vggface2_balanced_100_100/n000048/0075_01.jpg
VGGFace2,n000048,Adam_Boniecki,0076_02.jpg,vggface2_balanced_100_100/n000048/0076_02.jpg
VGGFace2,n000048,Adam_Boniecki,0077_01.jpg,vggface2_balanced_100_100/n000048/0077_01.jpg
VGGFace2,n000048,Adam_Boniecki,0078_01.jpg,vggface2_balanced_100_100/n000048/0078_01.jpg
VGGFace2,n000048,Adam_Boniecki,0079_02.jpg,vggface2_balanced_100_100/n000048/0079_02.jpg
VGGFace2,n000048,Adam_Boniecki,0080_01.jpg,vggface2_balanced_100_100/n000048/0080_01.jpg
VGGFace2,n000048,Adam_Boniecki,0081_01.jpg,vggface2_balanced_100_100/n000048/0081_01.jpg
VGGFace2,n000048,Adam_Boniecki,0082_01.jpg,vggface2_balanced_100_100/n000048/0082_01.jpg
VGGFace2,n000048,Adam_Boniecki,0083_01.jpg,vggface2_balanced_100_100/n000048/0083_01.jpg
VGGFace2,n000048,Adam_Boniecki,0084_01.jpg,vggface2_balanced_100_100/n000048/0084_01.jpg
VGGFace2,n000048,Adam_Boniecki,0085_02.jpg,vggface2_balanced_100_100/n000048/0085_02.jpg
VGGFace2,n000048,Adam_Boniecki,0086_01.jpg,vggface2_balanced_100_100/n000048/0086_01.jpg
VGGFace2,n000048,Adam_Boniecki,0087_01.jpg,vggface2_balanced_100_100/n000048/0087_01.jpg
VGGFace2,n000048,Adam_Boniecki,0088_01.jpg,vggface2_balanced_100_100/n000048/0088_01.jpg
VGGFace2,n000048,Adam_Boniecki,0089_01.jpg,vggface2_balanced_100_100/n000048/0089_01.jpg
VGGFace2,n000048,Adam_Boniecki,0090_01.jpg,vggface2_balanced_100_100/n000048/0090_01.jpg
VGGFace2,n000048,Adam_Boniecki,0091_01.jpg,vggface2_balanced_100_100/n000048/0091_01.jpg
VGGFace2,n000048,Adam_Boniecki,0092_01.jpg,vggface2_balanced_100_100/n000048/0092_01.jpg
VGGFace2,n000048,Adam_Boniecki,0093_01.jpg,vggface2_balanced_100_100/n000048/0093_01.jpg
VGGFace2,n000048,Adam_Boniecki,0094_01.jpg,vggface2_balanced_100_100/n000048/0094_01.jpg
VGGFace2,n000048,Adam_Boniecki,0095_01.jpg,vggface2_balanced_100_100/n000048/0095_01.jpg
VGGFace2,n000048,Adam_Boniecki,0096_01.jpg,vggface2_balanced_100_100/n000048/0096_01.jpg
VGGFace2,n000048,Adam_Boniecki,0097_01.jpg,vggface2_balanced_100_100/n000048/0097_01.jpg
VGGFace2,n000048,Adam_Boniecki,0098_01.jpg,vggface2_balanced_100_100/n000048/0098_01.jpg
VGGFace2,n000048,Adam_Boniecki,0099_01.jpg,vggface2_balanced_100_100/n000048/0099_01.jpg
VGGFace2,n000048,Adam_Boniecki,0100_02.jpg,vggface2_balanced_100_100/n000048/0100_02.jpg
VGGFace2,n000049,Adam_Darski,0001_02.jpg,vggface2_balanced_100_100/n000049/0001_02.jpg
VGGFace2,n000049,Adam_Darski,0002_01.jpg,vggface2_balanced_100_100/n000049/0002_01.jpg
VGGFace2,n000049,Adam_Darski,0003_02.jpg,vggface2_balanced_100_100/n000049/0003_02.jpg
VGGFace2,n000049,Adam_Darski,0004_02.jpg,vggface2_balanced_100_100/n000049/0004_02.jpg
VGGFace2,n000049,Adam_Darski,0005_01.jpg,vggface2_balanced_100_100/n000049/0005_01.jpg
VGGFace2,n000049,Adam_Darski,0006_01.jpg,vggface2_balanced_100_100/n000049/0006_01.jpg
VGGFace2,n000049,Adam_Darski,0007_01.jpg,vggface2_balanced_100_100/n000049/0007_01.jpg
VGGFace2,n000049,Adam_Darski,0007_02.jpg,vggface2_balanced_100_100/n000049/0007_02.jpg
VGGFace2,n000049,Adam_Darski,0008_01.jpg,vggface2_balanced_100_100/n000049/0008_01.jpg
VGGFace2,n000049,Adam_Darski,0009_01.jpg,vggface2_balanced_100_100/n000049/0009_01.jpg
VGGFace2,n000049,Adam_Darski,0010_01.jpg,vggface2_balanced_100_100/n000049/0010_01.jpg
VGGFace2,n000049,Adam_Darski,0011_01.jpg,vggface2_balanced_100_100/n000049/0011_01.jpg
VGGFace2,n000049,Adam_Darski,0012_01.jpg,vggface2_balanced_100_100/n000049/0012_01.jpg
VGGFace2,n000049,Adam_Darski,0013_01.jpg,vggface2_balanced_100_100/n000049/0013_01.jpg
VGGFace2,n000049,Adam_Darski,0014_01.jpg,vggface2_balanced_100_100/n000049/0014_01.jpg
VGGFace2,n000049,Adam_Darski,0015_01.jpg,vggface2_balanced_100_100/n000049/0015_01.jpg
VGGFace2,n000049,Adam_Darski,0015_02.jpg,vggface2_balanced_100_100/n000049/0015_02.jpg
VGGFace2,n000049,Adam_Darski,0016_01.jpg,vggface2_balanced_100_100/n000049/0016_01.jpg
VGGFace2,n000049,Adam_Darski,0017_01.jpg,vggface2_balanced_100_100/n000049/0017_01.jpg
VGGFace2,n000049,Adam_Darski,0018_01.jpg,vggface2_balanced_100_100/n000049/0018_01.jpg
VGGFace2,n000049,Adam_Darski,0019_02.jpg,vggface2_balanced_100_100/n000049/0019_02.jpg
VGGFace2,n000049,Adam_Darski,0020_01.jpg,vggface2_balanced_100_100/n000049/0020_01.jpg
VGGFace2,n000049,Adam_Darski,0021_01.jpg,vggface2_balanced_100_100/n000049/0021_01.jpg
VGGFace2,n000049,Adam_Darski,0022_01.jpg,vggface2_balanced_100_100/n000049/0022_01.jpg
VGGFace2,n000049,Adam_Darski,0023_01.jpg,vggface2_balanced_100_100/n000049/0023_01.jpg
VGGFace2,n000049,Adam_Darski,0024_01.jpg,vggface2_balanced_100_100/n000049/0024_01.jpg
VGGFace2,n000049,Adam_Darski,0025_01.jpg,vggface2_balanced_100_100/n000049/0025_01.jpg
VGGFace2,n000049,Adam_Darski,0026_02.jpg,vggface2_balanced_100_100/n000049/0026_02.jpg
VGGFace2,n000049,Adam_Darski,0027_01.jpg,vggface2_balanced_100_100/n000049/0027_01.jpg
VGGFace2,n000049,Adam_Darski,0028_01.jpg,vggface2_balanced_100_100/n000049/0028_01.jpg
VGGFace2,n000049,Adam_Darski,0029_01.jpg,vggface2_balanced_100_100/n000049/0029_01.jpg
VGGFace2,n000049,Adam_Darski,0030_01.jpg,vggface2_balanced_100_100/n000049/0030_01.jpg
VGGFace2,n000049,Adam_Darski,0031_01.jpg,vggface2_balanced_100_100/n000049/0031_01.jpg
VGGFace2,n000049,Adam_Darski,0032_01.jpg,vggface2_balanced_100_100/n000049/0032_01.jpg
VGGFace2,n000049,Adam_Darski,0033_02.jpg,vggface2_balanced_100_100/n000049/0033_02.jpg
VGGFace2,n000049,Adam_Darski,0034_01.jpg,vggface2_balanced_100_100/n000049/0034_01.jpg
VGGFace2,n000049,Adam_Darski,0035_01.jpg,vggface2_balanced_100_100/n000049/0035_01.jpg
VGGFace2,n000049,Adam_Darski,0036_03.jpg,vggface2_balanced_100_100/n000049/0036_03.jpg
VGGFace2,n000049,Adam_Darski,0037_01.jpg,vggface2_balanced_100_100/n000049/0037_01.jpg
VGGFace2,n000049,Adam_Darski,0038_01.jpg,vggface2_balanced_100_100/n000049/0038_01.jpg
VGGFace2,n000049,Adam_Darski,0039_01.jpg,vggface2_balanced_100_100/n000049/0039_01.jpg
VGGFace2,n000049,Adam_Darski,0040_01.jpg,vggface2_balanced_100_100/n000049/0040_01.jpg
VGGFace2,n000049,Adam_Darski,0041_01.jpg,vggface2_balanced_100_100/n000049/0041_01.jpg
VGGFace2,n000049,Adam_Darski,0042_01.jpg,vggface2_balanced_100_100/n000049/0042_01.jpg
VGGFace2,n000049,Adam_Darski,0043_01.jpg,vggface2_balanced_100_100/n000049/0043_01.jpg
VGGFace2,n000049,Adam_Darski,0044_01.jpg,vggface2_balanced_100_100/n000049/0044_01.jpg
VGGFace2,n000049,Adam_Darski,0045_01.jpg,vggface2_balanced_100_100/n000049/0045_01.jpg
VGGFace2,n000049,Adam_Darski,0046_01.jpg,vggface2_balanced_100_100/n000049/0046_01.jpg
VGGFace2,n000049,Adam_Darski,0047_01.jpg,vggface2_balanced_100_100/n000049/0047_01.jpg
VGGFace2,n000049,Adam_Darski,0048_01.jpg,vggface2_balanced_100_100/n000049/0048_01.jpg
VGGFace2,n000049,Adam_Darski,0049_01.jpg,vggface2_balanced_100_100/n000049/0049_01.jpg
VGGFace2,n000049,Adam_Darski,0050_01.jpg,vggface2_balanced_100_100/n000049/0050_01.jpg
VGGFace2,n000049,Adam_Darski,0051_03.jpg,vggface2_balanced_100_100/n000049/0051_03.jpg
VGGFace2,n000049,Adam_Darski,0052_01.jpg,vggface2_balanced_100_100/n000049/0052_01.jpg
VGGFace2,n000049,Adam_Darski,0053_01.jpg,vggface2_balanced_100_100/n000049/0053_01.jpg
VGGFace2,n000049,Adam_Darski,0054_01.jpg,vggface2_balanced_100_100/n000049/0054_01.jpg
VGGFace2,n000049,Adam_Darski,0055_01.jpg,vggface2_balanced_100_100/n000049/0055_01.jpg
VGGFace2,n000049,Adam_Darski,0056_01.jpg,vggface2_balanced_100_100/n000049/0056_01.jpg
VGGFace2,n000049,Adam_Darski,0057_01.jpg,vggface2_balanced_100_100/n000049/0057_01.jpg
VGGFace2,n000049,Adam_Darski,0057_02.jpg,vggface2_balanced_100_100/n000049/0057_02.jpg
VGGFace2,n000049,Adam_Darski,0058_02.jpg,vggface2_balanced_100_100/n000049/0058_02.jpg
VGGFace2,n000049,Adam_Darski,0059_01.jpg,vggface2_balanced_100_100/n000049/0059_01.jpg
VGGFace2,n000049,Adam_Darski,0060_01.jpg,vggface2_balanced_100_100/n000049/0060_01.jpg
VGGFace2,n000049,Adam_Darski,0061_01.jpg,vggface2_balanced_100_100/n000049/0061_01.jpg
VGGFace2,n000049,Adam_Darski,0062_02.jpg,vggface2_balanced_100_100/n000049/0062_02.jpg
VGGFace2,n000049,Adam_Darski,0063_01.jpg,vggface2_balanced_100_100/n000049/0063_01.jpg
VGGFace2,n000049,Adam_Darski,0064_01.jpg,vggface2_balanced_100_100/n000049/0064_01.jpg
VGGFace2,n000049,Adam_Darski,0065_01.jpg,vggface2_balanced_100_100/n000049/0065_01.jpg
VGGFace2,n000049,Adam_Darski,0066_01.jpg,vggface2_balanced_100_100/n000049/0066_01.jpg
VGGFace2,n000049,Adam_Darski,0067_01.jpg,vggface2_balanced_100_100/n000049/0067_01.jpg
VGGFace2,n000049,Adam_Darski,0068_01.jpg,vggface2_balanced_100_100/n000049/0068_01.jpg
VGGFace2,n000049,Adam_Darski,0069_01.jpg,vggface2_balanced_100_100/n000049/0069_01.jpg
VGGFace2,n000049,Adam_Darski,0070_01.jpg,vggface2_balanced_100_100/n000049/0070_01.jpg
VGGFace2,n000049,Adam_Darski,0071_01.jpg,vggface2_balanced_100_100/n000049/0071_01.jpg
VGGFace2,n000049,Adam_Darski,0072_01.jpg,vggface2_balanced_100_100/n000049/0072_01.jpg
VGGFace2,n000049,Adam_Darski,0073_02.jpg,vggface2_balanced_100_100/n000049/0073_02.jpg
VGGFace2,n000049,Adam_Darski,0074_02.jpg,vggface2_balanced_100_100/n000049/0074_02.jpg
VGGFace2,n000049,Adam_Darski,0074_03.jpg,vggface2_balanced_100_100/n000049/0074_03.jpg
VGGFace2,n000049,Adam_Darski,0075_01.jpg,vggface2_balanced_100_100/n000049/0075_01.jpg
VGGFace2,n000049,Adam_Darski,0076_02.jpg,vggface2_balanced_100_100/n000049/0076_02.jpg
VGGFace2,n000049,Adam_Darski,0077_01.jpg,vggface2_balanced_100_100/n000049/0077_01.jpg
VGGFace2,n000049,Adam_Darski,0078_01.jpg,vggface2_balanced_100_100/n000049/0078_01.jpg
VGGFace2,n000049,Adam_Darski,0079_01.jpg,vggface2_balanced_100_100/n000049/0079_01.jpg
VGGFace2,n000049,Adam_Darski,0080_01.jpg,vggface2_balanced_100_100/n000049/0080_01.jpg
VGGFace2,n000049,Adam_Darski,0081_02.jpg,vggface2_balanced_100_100/n000049/0081_02.jpg
VGGFace2,n000049,Adam_Darski,0082_01.jpg,vggface2_balanced_100_100/n000049/0082_01.jpg
VGGFace2,n000049,Adam_Darski,0083_01.jpg,vggface2_balanced_100_100/n000049/0083_01.jpg
VGGFace2,n000049,Adam_Darski,0084_01.jpg,vggface2_balanced_100_100/n000049/0084_01.jpg
VGGFace2,n000049,Adam_Darski,0085_01.jpg,vggface2_balanced_100_100/n000049/0085_01.jpg
VGGFace2,n000049,Adam_Darski,0086_02.jpg,vggface2_balanced_100_100/n000049/0086_02.jpg
VGGFace2,n000049,Adam_Darski,0087_02.jpg,vggface2_balanced_100_100/n000049/0087_02.jpg
VGGFace2,n000049,Adam_Darski,0088_01.jpg,vggface2_balanced_100_100/n000049/0088_01.jpg
VGGFace2,n000049,Adam_Darski,0089_01.jpg,vggface2_balanced_100_100/n000049/0089_01.jpg
VGGFace2,n000049,Adam_Darski,0090_01.jpg,vggface2_balanced_100_100/n000049/0090_01.jpg
VGGFace2,n000049,Adam_Darski,0091_01.jpg,vggface2_balanced_100_100/n000049/0091_01.jpg
VGGFace2,n000049,Adam_Darski,0091_02.jpg,vggface2_balanced_100_100/n000049/0091_02.jpg
VGGFace2,n000049,Adam_Darski,0092_01.jpg,vggface2_balanced_100_100/n000049/0092_01.jpg
VGGFace2,n000049,Adam_Darski,0093_01.jpg,vggface2_balanced_100_100/n000049/0093_01.jpg
VGGFace2,n000049,Adam_Darski,0094_01.jpg,vggface2_balanced_100_100/n000049/0094_01.jpg
VGGFace2,n000049,Adam_Darski,0095_01.jpg,vggface2_balanced_100_100/n000049/0095_01.jpg
VGGFace2,n000050,Adam_Duritz,0001_01.jpg,vggface2_balanced_100_100/n000050/0001_01.jpg
VGGFace2,n000050,Adam_Duritz,0002_01.jpg,vggface2_balanced_100_100/n000050/0002_01.jpg
VGGFace2,n000050,Adam_Duritz,0003_01.jpg,vggface2_balanced_100_100/n000050/0003_01.jpg
VGGFace2,n000050,Adam_Duritz,0004_01.jpg,vggface2_balanced_100_100/n000050/0004_01.jpg
VGGFace2,n000050,Adam_Duritz,0005_01.jpg,vggface2_balanced_100_100/n000050/0005_01.jpg
VGGFace2,n000050,Adam_Duritz,0006_01.jpg,vggface2_balanced_100_100/n000050/0006_01.jpg
VGGFace2,n000050,Adam_Duritz,0007_01.jpg,vggface2_balanced_100_100/n000050/0007_01.jpg
VGGFace2,n000050,Adam_Duritz,0008_01.jpg,vggface2_balanced_100_100/n000050/0008_01.jpg
VGGFace2,n000050,Adam_Duritz,0009_01.jpg,vggface2_balanced_100_100/n000050/0009_01.jpg
VGGFace2,n000050,Adam_Duritz,0010_01.jpg,vggface2_balanced_100_100/n000050/0010_01.jpg
VGGFace2,n000050,Adam_Duritz,0011_01.jpg,vggface2_balanced_100_100/n000050/0011_01.jpg
VGGFace2,n000050,Adam_Duritz,0012_01.jpg,vggface2_balanced_100_100/n000050/0012_01.jpg
VGGFace2,n000050,Adam_Duritz,0013_01.jpg,vggface2_balanced_100_100/n000050/0013_01.jpg
VGGFace2,n000050,Adam_Duritz,0014_01.jpg,vggface2_balanced_100_100/n000050/0014_01.jpg
VGGFace2,n000050,Adam_Duritz,0015_01.jpg,vggface2_balanced_100_100/n000050/0015_01.jpg
VGGFace2,n000050,Adam_Duritz,0016_01.jpg,vggface2_balanced_100_100/n000050/0016_01.jpg
VGGFace2,n000050,Adam_Duritz,0017_02.jpg,vggface2_balanced_100_100/n000050/0017_02.jpg
VGGFace2,n000050,Adam_Duritz,0018_01.jpg,vggface2_balanced_100_100/n000050/0018_01.jpg
VGGFace2,n000050,Adam_Duritz,0019_01.jpg,vggface2_balanced_100_100/n000050/0019_01.jpg
VGGFace2,n000050,Adam_Duritz,0020_01.jpg,vggface2_balanced_100_100/n000050/0020_01.jpg
VGGFace2,n000050,Adam_Duritz,0021_01.jpg,vggface2_balanced_100_100/n000050/0021_01.jpg
VGGFace2,n000050,Adam_Duritz,0022_01.jpg,vggface2_balanced_100_100/n000050/0022_01.jpg
VGGFace2,n000050,Adam_Duritz,0023_01.jpg,vggface2_balanced_100_100/n000050/0023_01.jpg
VGGFace2,n000050,Adam_Duritz,0024_02.jpg,vggface2_balanced_100_100/n000050/0024_02.jpg
VGGFace2,n000050,Adam_Duritz,0025_01.jpg,vggface2_balanced_100_100/n000050/0025_01.jpg
VGGFace2,n000050,Adam_Duritz,0026_01.jpg,vggface2_balanced_100_100/n000050/0026_01.jpg
VGGFace2,n000050,Adam_Duritz,0027_01.jpg,vggface2_balanced_100_100/n000050/0027_01.jpg
VGGFace2,n000050,Adam_Duritz,0028_01.jpg,vggface2_balanced_100_100/n000050/0028_01.jpg
VGGFace2,n000050,Adam_Duritz,0029_01.jpg,vggface2_balanced_100_100/n000050/0029_01.jpg
VGGFace2,n000050,Adam_Duritz,0030_01.jpg,vggface2_balanced_100_100/n000050/0030_01.jpg
VGGFace2,n000050,Adam_Duritz,0031_01.jpg,vggface2_balanced_100_100/n000050/0031_01.jpg
VGGFace2,n000050,Adam_Duritz,0032_01.jpg,vggface2_balanced_100_100/n000050/0032_01.jpg
VGGFace2,n000050,Adam_Duritz,0033_01.jpg,vggface2_balanced_100_100/n000050/0033_01.jpg
VGGFace2,n000050,Adam_Duritz,0034_01.jpg,vggface2_balanced_100_100/n000050/0034_01.jpg
VGGFace2,n000050,Adam_Duritz,0035_01.jpg,vggface2_balanced_100_100/n000050/0035_01.jpg
VGGFace2,n000050,Adam_Duritz,0036_01.jpg,vggface2_balanced_100_100/n000050/0036_01.jpg
VGGFace2,n000050,Adam_Duritz,0037_01.jpg,vggface2_balanced_100_100/n000050/0037_01.jpg
VGGFace2,n000050,Adam_Duritz,0038_07.jpg,vggface2_balanced_100_100/n000050/0038_07.jpg
VGGFace2,n000050,Adam_Duritz,0039_01.jpg,vggface2_balanced_100_100/n000050/0039_01.jpg
VGGFace2,n000050,Adam_Duritz,0040_01.jpg,vggface2_balanced_100_100/n000050/0040_01.jpg
VGGFace2,n000050,Adam_Duritz,0041_01.jpg,vggface2_balanced_100_100/n000050/0041_01.jpg
VGGFace2,n000050,Adam_Duritz,0042_01.jpg,vggface2_balanced_100_100/n000050/0042_01.jpg
VGGFace2,n000050,Adam_Duritz,0043_01.jpg,vggface2_balanced_100_100/n000050/0043_01.jpg
VGGFace2,n000050,Adam_Duritz,0044_01.jpg,vggface2_balanced_100_100/n000050/0044_01.jpg
VGGFace2,n000050,Adam_Duritz,0045_01.jpg,vggface2_balanced_100_100/n000050/0045_01.jpg
VGGFace2,n000050,Adam_Duritz,0046_01.jpg,vggface2_balanced_100_100/n000050/0046_01.jpg
VGGFace2,n000050,Adam_Duritz,0047_01.jpg,vggface2_balanced_100_100/n000050/0047_01.jpg
VGGFace2,n000050,Adam_Duritz,0048_01.jpg,vggface2_balanced_100_100/n000050/0048_01.jpg
VGGFace2,n000050,Adam_Duritz,0049_01.jpg,vggface2_balanced_100_100/n000050/0049_01.jpg
VGGFace2,n000050,Adam_Duritz,0050_01.jpg,vggface2_balanced_100_100/n000050/0050_01.jpg
VGGFace2,n000050,Adam_Duritz,0051_01.jpg,vggface2_balanced_100_100/n000050/0051_01.jpg
VGGFace2,n000050,Adam_Duritz,0052_01.jpg,vggface2_balanced_100_100/n000050/0052_01.jpg
VGGFace2,n000050,Adam_Duritz,0053_01.jpg,vggface2_balanced_100_100/n000050/0053_01.jpg
VGGFace2,n000050,Adam_Duritz,0054_02.jpg,vggface2_balanced_100_100/n000050/0054_02.jpg
VGGFace2,n000050,Adam_Duritz,0055_01.jpg,vggface2_balanced_100_100/n000050/0055_01.jpg
VGGFace2,n000050,Adam_Duritz,0056_01.jpg,vggface2_balanced_100_100/n000050/0056_01.jpg
VGGFace2,n000050,Adam_Duritz,0057_01.jpg,vggface2_balanced_100_100/n000050/0057_01.jpg
VGGFace2,n000050,Adam_Duritz,0058_01.jpg,vggface2_balanced_100_100/n000050/0058_01.jpg
VGGFace2,n000050,Adam_Duritz,0059_01.jpg,vggface2_balanced_100_100/n000050/0059_01.jpg
VGGFace2,n000050,Adam_Duritz,0060_01.jpg,vggface2_balanced_100_100/n000050/0060_01.jpg
VGGFace2,n000050,Adam_Duritz,0061_01.jpg,vggface2_balanced_100_100/n000050/0061_01.jpg
VGGFace2,n000050,Adam_Duritz,0062_01.jpg,vggface2_balanced_100_100/n000050/0062_01.jpg
VGGFace2,n000050,Adam_Duritz,0063_02.jpg,vggface2_balanced_100_100/n000050/0063_02.jpg
VGGFace2,n000050,Adam_Duritz,0064_01.jpg,vggface2_balanced_100_100/n000050/0064_01.jpg
VGGFace2,n000050,Adam_Duritz,0065_04.jpg,vggface2_balanced_100_100/n000050/0065_04.jpg
VGGFace2,n000050,Adam_Duritz,0066_02.jpg,vggface2_balanced_100_100/n000050/0066_02.jpg
VGGFace2,n000050,Adam_Duritz,0067_01.jpg,vggface2_balanced_100_100/n000050/0067_01.jpg
VGGFace2,n000050,Adam_Duritz,0068_01.jpg,vggface2_balanced_100_100/n000050/0068_01.jpg
VGGFace2,n000050,Adam_Duritz,0069_02.jpg,vggface2_balanced_100_100/n000050/0069_02.jpg
VGGFace2,n000050,Adam_Duritz,0070_01.jpg,vggface2_balanced_100_100/n000050/0070_01.jpg
VGGFace2,n000050,Adam_Duritz,0071_01.jpg,vggface2_balanced_100_100/n000050/0071_01.jpg
VGGFace2,n000050,Adam_Duritz,0072_01.jpg,vggface2_balanced_100_100/n000050/0072_01.jpg
VGGFace2,n000050,Adam_Duritz,0073_03.jpg,vggface2_balanced_100_100/n000050/0073_03.jpg
VGGFace2,n000050,Adam_Duritz,0074_01.jpg,vggface2_balanced_100_100/n000050/0074_01.jpg
VGGFace2,n000050,Adam_Duritz,0075_01.jpg,vggface2_balanced_100_100/n000050/0075_01.jpg
VGGFace2,n000050,Adam_Duritz,0076_01.jpg,vggface2_balanced_100_100/n000050/0076_01.jpg
VGGFace2,n000050,Adam_Duritz,0077_01.jpg,vggface2_balanced_100_100/n000050/0077_01.jpg
VGGFace2,n000050,Adam_Duritz,0078_01.jpg,vggface2_balanced_100_100/n000050/0078_01.jpg
VGGFace2,n000050,Adam_Duritz,0079_01.jpg,vggface2_balanced_100_100/n000050/0079_01.jpg
VGGFace2,n000050,Adam_Duritz,0080_01.jpg,vggface2_balanced_100_100/n000050/0080_01.jpg
VGGFace2,n000050,Adam_Duritz,0081_01.jpg,vggface2_balanced_100_100/n000050/0081_01.jpg
VGGFace2,n000050,Adam_Duritz,0082_01.jpg,vggface2_balanced_100_100/n000050/0082_01.jpg
VGGFace2,n000050,Adam_Duritz,0083_01.jpg,vggface2_balanced_100_100/n000050/0083_01.jpg
VGGFace2,n000050,Adam_Duritz,0084_02.jpg,vggface2_balanced_100_100/n000050/0084_02.jpg
VGGFace2,n000050,Adam_Duritz,0085_02.jpg,vggface2_balanced_100_100/n000050/0085_02.jpg
VGGFace2,n000050,Adam_Duritz,0086_02.jpg,vggface2_balanced_100_100/n000050/0086_02.jpg
VGGFace2,n000050,Adam_Duritz,0087_01.jpg,vggface2_balanced_100_100/n000050/0087_01.jpg
VGGFace2,n000050,Adam_Duritz,0088_02.jpg,vggface2_balanced_100_100/n000050/0088_02.jpg
VGGFace2,n000050,Adam_Duritz,0089_01.jpg,vggface2_balanced_100_100/n000050/0089_01.jpg
VGGFace2,n000050,Adam_Duritz,0090_01.jpg,vggface2_balanced_100_100/n000050/0090_01.jpg
VGGFace2,n000050,Adam_Duritz,0091_01.jpg,vggface2_balanced_100_100/n000050/0091_01.jpg
VGGFace2,n000050,Adam_Duritz,0092_01.jpg,vggface2_balanced_100_100/n000050/0092_01.jpg
VGGFace2,n000050,Adam_Duritz,0093_02.jpg,vggface2_balanced_100_100/n000050/0093_02.jpg
VGGFace2,n000050,Adam_Duritz,0094_01.jpg,vggface2_balanced_100_100/n000050/0094_01.jpg
VGGFace2,n000050,Adam_Duritz,0095_01.jpg,vggface2_balanced_100_100/n000050/0095_01.jpg
VGGFace2,n000050,Adam_Duritz,0096_01.jpg,vggface2_balanced_100_100/n000050/0096_01.jpg
VGGFace2,n000050,Adam_Duritz,0097_02.jpg,vggface2_balanced_100_100/n000050/0097_02.jpg
VGGFace2,n000050,Adam_Duritz,0098_01.jpg,vggface2_balanced_100_100/n000050/0098_01.jpg
VGGFace2,n000050,Adam_Duritz,0099_01.jpg,vggface2_balanced_100_100/n000050/0099_01.jpg
VGGFace2,n000050,Adam_Duritz,0100_01.jpg,vggface2_balanced_100_100/n000050/0100_01.jpg
VGGFace2,n000051,Adam_Gilchrist,0001_01.jpg,vggface2_balanced_100_100/n000051/0001_01.jpg
VGGFace2,n000051,Adam_Gilchrist,0002_01.jpg,vggface2_balanced_100_100/n000051/0002_01.jpg
VGGFace2,n000051,Adam_Gilchrist,0003_02.jpg,vggface2_balanced_100_100/n000051/0003_02.jpg
VGGFace2,n000051,Adam_Gilchrist,0004_01.jpg,vggface2_balanced_100_100/n000051/0004_01.jpg
VGGFace2,n000051,Adam_Gilchrist,0005_01.jpg,vggface2_balanced_100_100/n000051/0005_01.jpg
VGGFace2,n000051,Adam_Gilchrist,0006_01.jpg,vggface2_balanced_100_100/n000051/0006_01.jpg
VGGFace2,n000051,Adam_Gilchrist,0007_01.jpg,vggface2_balanced_100_100/n000051/0007_01.jpg
VGGFace2,n000051,Adam_Gilchrist,0008_01.jpg,vggface2_balanced_100_100/n000051/0008_01.jpg
VGGFace2,n000051,Adam_Gilchrist,0009_01.jpg,vggface2_balanced_100_100/n000051/0009_01.jpg
VGGFace2,n000051,Adam_Gilchrist,0010_01.jpg,vggface2_balanced_100_100/n000051/0010_01.jpg
VGGFace2,n000051,Adam_Gilchrist,0011_01.jpg,vggface2_balanced_100_100/n000051/0011_01.jpg
VGGFace2,n000051,Adam_Gilchrist,0012_01.jpg,vggface2_balanced_100_100/n000051/0012_01.jpg
VGGFace2,n000051,Adam_Gilchrist,0013_01.jpg,vggface2_balanced_100_100/n000051/0013_01.jpg
VGGFace2,n000051,Adam_Gilchrist,0014_03.jpg,vggface2_balanced_100_100/n000051/0014_03.jpg
VGGFace2,n000051,Adam_Gilchrist,0015_02.jpg,vggface2_balanced_100_100/n000051/0015_02.jpg
VGGFace2,n000051,Adam_Gilchrist,0016_01.jpg,vggface2_balanced_100_100/n000051/0016_01.jpg
VGGFace2,n000051,Adam_Gilchrist,0017_01.jpg,vggface2_balanced_100_100/n000051/0017_01.jpg
VGGFace2,n000051,Adam_Gilchrist,0018_01.jpg,vggface2_balanced_100_100/n000051/0018_01.jpg
VGGFace2,n000051,Adam_Gilchrist,0019_01.jpg,vggface2_balanced_100_100/n000051/0019_01.jpg
VGGFace2,n000051,Adam_Gilchrist,0020_02.jpg,vggface2_balanced_100_100/n000051/0020_02.jpg
VGGFace2,n000051,Adam_Gilchrist,0021_01.jpg,vggface2_balanced_100_100/n000051/0021_01.jpg
VGGFace2,n000051,Adam_Gilchrist,0022_03.jpg,vggface2_balanced_100_100/n000051/0022_03.jpg
VGGFace2,n000051,Adam_Gilchrist,0023_01.jpg,vggface2_balanced_100_100/n000051/0023_01.jpg
VGGFace2,n000051,Adam_Gilchrist,0024_01.jpg,vggface2_balanced_100_100/n000051/0024_01.jpg
VGGFace2,n000051,Adam_Gilchrist,0025_01.jpg,vggface2_balanced_100_100/n000051/0025_01.jpg
VGGFace2,n000051,Adam_Gilchrist,0026_01.jpg,vggface2_balanced_100_100/n000051/0026_01.jpg
VGGFace2,n000051,Adam_Gilchrist,0027_01.jpg,vggface2_balanced_100_100/n000051/0027_01.jpg
VGGFace2,n000051,Adam_Gilchrist,0028_01.jpg,vggface2_balanced_100_100/n000051/0028_01.jpg
VGGFace2,n000051,Adam_Gilchrist,0029_01.jpg,vggface2_balanced_100_100/n000051/0029_01.jpg
VGGFace2,n000051,Adam_Gilchrist,0030_01.jpg,vggface2_balanced_100_100/n000051/0030_01.jpg
VGGFace2,n000051,Adam_Gilchrist,0031_01.jpg,vggface2_balanced_100_100/n000051/0031_01.jpg
VGGFace2,n000051,Adam_Gilchrist,0032_01.jpg,vggface2_balanced_100_100/n000051/0032_01.jpg
VGGFace2,n000051,Adam_Gilchrist,0033_01.jpg,vggface2_balanced_100_100/n000051/0033_01.jpg
VGGFace2,n000051,Adam_Gilchrist,0034_01.jpg,vggface2_balanced_100_100/n000051/0034_01.jpg
VGGFace2,n000051,Adam_Gilchrist,0035_02.jpg,vggface2_balanced_100_100/n000051/0035_02.jpg
VGGFace2,n000051,Adam_Gilchrist,0036_01.jpg,vggface2_balanced_100_100/n000051/0036_01.jpg
VGGFace2,n000051,Adam_Gilchrist,0037_03.jpg,vggface2_balanced_100_100/n000051/0037_03.jpg
VGGFace2,n000051,Adam_Gilchrist,0038_01.jpg,vggface2_balanced_100_100/n000051/0038_01.jpg
VGGFace2,n000051,Adam_Gilchrist,0039_01.jpg,vggface2_balanced_100_100/n000051/0039_01.jpg
VGGFace2,n000051,Adam_Gilchrist,0040_01.jpg,vggface2_balanced_100_100/n000051/0040_01.jpg
VGGFace2,n000051,Adam_Gilchrist,0041_01.jpg,vggface2_balanced_100_100/n000051/0041_01.jpg
VGGFace2,n000051,Adam_Gilchrist,0042_03.jpg,vggface2_balanced_100_100/n000051/0042_03.jpg
VGGFace2,n000051,Adam_Gilchrist,0043_02.jpg,vggface2_balanced_100_100/n000051/0043_02.jpg
VGGFace2,n000051,Adam_Gilchrist,0044_01.jpg,vggface2_balanced_100_100/n000051/0044_01.jpg
VGGFace2,n000051,Adam_Gilchrist,0045_01.jpg,vggface2_balanced_100_100/n000051/0045_01.jpg
VGGFace2,n000051,Adam_Gilchrist,0046_01.jpg,vggface2_balanced_100_100/n000051/0046_01.jpg
VGGFace2,n000051,Adam_Gilchrist,0047_01.jpg,vggface2_balanced_100_100/n000051/0047_01.jpg
VGGFace2,n000051,Adam_Gilchrist,0048_01.jpg,vggface2_balanced_100_100/n000051/0048_01.jpg
VGGFace2,n000051,Adam_Gilchrist,0049_01.jpg,vggface2_balanced_100_100/n000051/0049_01.jpg
VGGFace2,n000051,Adam_Gilchrist,0050_01.jpg,vggface2_balanced_100_100/n000051/0050_01.jpg
VGGFace2,n000051,Adam_Gilchrist,0051_03.jpg,vggface2_balanced_100_100/n000051/0051_03.jpg
VGGFace2,n000051,Adam_Gilchrist,0052_02.jpg,vggface2_balanced_100_100/n000051/0052_02.jpg
VGGFace2,n000051,Adam_Gilchrist,0053_01.jpg,vggface2_balanced_100_100/n000051/0053_01.jpg
VGGFace2,n000051,Adam_Gilchrist,0054_01.jpg,vggface2_balanced_100_100/n000051/0054_01.jpg
VGGFace2,n000051,Adam_Gilchrist,0055_01.jpg,vggface2_balanced_100_100/n000051/0055_01.jpg
VGGFace2,n000051,Adam_Gilchrist,0056_01.jpg,vggface2_balanced_100_100/n000051/0056_01.jpg
VGGFace2,n000051,Adam_Gilchrist,0057_01.jpg,vggface2_balanced_100_100/n000051/0057_01.jpg
VGGFace2,n000051,Adam_Gilchrist,0058_01.jpg,vggface2_balanced_100_100/n000051/0058_01.jpg
VGGFace2,n000051,Adam_Gilchrist,0059_01.jpg,vggface2_balanced_100_100/n000051/0059_01.jpg
VGGFace2,n000051,Adam_Gilchrist,0060_01.jpg,vggface2_balanced_100_100/n000051/0060_01.jpg
VGGFace2,n000051,Adam_Gilchrist,0061_01.jpg,vggface2_balanced_100_100/n000051/0061_01.jpg
VGGFace2,n000051,Adam_Gilchrist,0062_01.jpg,vggface2_balanced_100_100/n000051/0062_01.jpg
VGGFace2,n000051,Adam_Gilchrist,0063_01.jpg,vggface2_balanced_100_100/n000051/0063_01.jpg
VGGFace2,n000051,Adam_Gilchrist,0064_02.jpg,vggface2_balanced_100_100/n000051/0064_02.jpg
VGGFace2,n000051,Adam_Gilchrist,0065_01.jpg,vggface2_balanced_100_100/n000051/0065_01.jpg
VGGFace2,n000051,Adam_Gilchrist,0066_04.jpg,vggface2_balanced_100_100/n000051/0066_04.jpg
VGGFace2,n000051,Adam_Gilchrist,0067_01.jpg,vggface2_balanced_100_100/n000051/0067_01.jpg
VGGFace2,n000051,Adam_Gilchrist,0068_01.jpg,vggface2_balanced_100_100/n000051/0068_01.jpg
VGGFace2,n000051,Adam_Gilchrist,0069_01.jpg,vggface2_balanced_100_100/n000051/0069_01.jpg
VGGFace2,n000051,Adam_Gilchrist,0070_01.jpg,vggface2_balanced_100_100/n000051/0070_01.jpg
VGGFace2,n000051,Adam_Gilchrist,0071_01.jpg,vggface2_balanced_100_100/n000051/0071_01.jpg
VGGFace2,n000051,Adam_Gilchrist,0072_01.jpg,vggface2_balanced_100_100/n000051/0072_01.jpg
VGGFace2,n000051,Adam_Gilchrist,0073_01.jpg,vggface2_balanced_100_100/n000051/0073_01.jpg
VGGFace2,n000051,Adam_Gilchrist,0074_01.jpg,vggface2_balanced_100_100/n000051/0074_01.jpg
VGGFace2,n000051,Adam_Gilchrist,0075_01.jpg,vggface2_balanced_100_100/n000051/0075_01.jpg
VGGFace2,n000051,Adam_Gilchrist,0076_01.jpg,vggface2_balanced_100_100/n000051/0076_01.jpg
VGGFace2,n000051,Adam_Gilchrist,0077_01.jpg,vggface2_balanced_100_100/n000051/0077_01.jpg
VGGFace2,n000051,Adam_Gilchrist,0078_01.jpg,vggface2_balanced_100_100/n000051/0078_01.jpg
VGGFace2,n000051,Adam_Gilchrist,0079_02.jpg,vggface2_balanced_100_100/n000051/0079_02.jpg
VGGFace2,n000051,Adam_Gilchrist,0080_04.jpg,vggface2_balanced_100_100/n000051/0080_04.jpg
VGGFace2,n000051,Adam_Gilchrist,0081_01.jpg,vggface2_balanced_100_100/n000051/0081_01.jpg
VGGFace2,n000051,Adam_Gilchrist,0082_01.jpg,vggface2_balanced_100_100/n000051/0082_01.jpg
VGGFace2,n000051,Adam_Gilchrist,0083_01.jpg,vggface2_balanced_100_100/n000051/0083_01.jpg
VGGFace2,n000051,Adam_Gilchrist,0084_02.jpg,vggface2_balanced_100_100/n000051/0084_02.jpg
VGGFace2,n000051,Adam_Gilchrist,0085_01.jpg,vggface2_balanced_100_100/n000051/0085_01.jpg
VGGFace2,n000051,Adam_Gilchrist,0086_01.jpg,vggface2_balanced_100_100/n000051/0086_01.jpg
VGGFace2,n000051,Adam_Gilchrist,0087_01.jpg,vggface2_balanced_100_100/n000051/0087_01.jpg
VGGFace2,n000051,Adam_Gilchrist,0088_01.jpg,vggface2_balanced_100_100/n000051/0088_01.jpg
VGGFace2,n000051,Adam_Gilchrist,0089_01.jpg,vggface2_balanced_100_100/n000051/0089_01.jpg
VGGFace2,n000051,Adam_Gilchrist,0090_01.jpg,vggface2_balanced_100_100/n000051/0090_01.jpg
VGGFace2,n000051,Adam_Gilchrist,0091_01.jpg,vggface2_balanced_100_100/n000051/0091_01.jpg
VGGFace2,n000051,Adam_Gilchrist,0092_01.jpg,vggface2_balanced_100_100/n000051/0092_01.jpg
VGGFace2,n000051,Adam_Gilchrist,0093_01.jpg,vggface2_balanced_100_100/n000051/0093_01.jpg
VGGFace2,n000051,Adam_Gilchrist,0094_01.jpg,vggface2_balanced_100_100/n000051/0094_01.jpg
VGGFace2,n000051,Adam_Gilchrist,0095_02.jpg,vggface2_balanced_100_100/n000051/0095_02.jpg
VGGFace2,n000051,Adam_Gilchrist,0096_01.jpg,vggface2_balanced_100_100/n000051/0096_01.jpg
VGGFace2,n000051,Adam_Gilchrist,0097_02.jpg,vggface2_balanced_100_100/n000051/0097_02.jpg
VGGFace2,n000051,Adam_Gilchrist,0098_01.jpg,vggface2_balanced_100_100/n000051/0098_01.jpg
VGGFace2,n000051,Adam_Gilchrist,0099_01.jpg,vggface2_balanced_100_100/n000051/0099_01.jpg
VGGFace2,n000051,Adam_Gilchrist,0099_02.jpg,vggface2_balanced_100_100/n000051/0099_02.jpg
VGGFace2,n000052,Adam_Housley,0001_02.jpg,vggface2_balanced_100_100/n000052/0001_02.jpg
VGGFace2,n000052,Adam_Housley,0002_01.jpg,vggface2_balanced_100_100/n000052/0002_01.jpg
VGGFace2,n000052,Adam_Housley,0003_01.jpg,vggface2_balanced_100_100/n000052/0003_01.jpg
VGGFace2,n000052,Adam_Housley,0004_01.jpg,vggface2_balanced_100_100/n000052/0004_01.jpg
VGGFace2,n000052,Adam_Housley,0005_02.jpg,vggface2_balanced_100_100/n000052/0005_02.jpg
VGGFace2,n000052,Adam_Housley,0006_01.jpg,vggface2_balanced_100_100/n000052/0006_01.jpg
VGGFace2,n000052,Adam_Housley,0007_01.jpg,vggface2_balanced_100_100/n000052/0007_01.jpg
VGGFace2,n000052,Adam_Housley,0008_01.jpg,vggface2_balanced_100_100/n000052/0008_01.jpg
VGGFace2,n000052,Adam_Housley,0009_02.jpg,vggface2_balanced_100_100/n000052/0009_02.jpg
VGGFace2,n000052,Adam_Housley,0010_01.jpg,vggface2_balanced_100_100/n000052/0010_01.jpg
VGGFace2,n000052,Adam_Housley,0011_02.jpg,vggface2_balanced_100_100/n000052/0011_02.jpg
VGGFace2,n000052,Adam_Housley,0012_02.jpg,vggface2_balanced_100_100/n000052/0012_02.jpg
VGGFace2,n000052,Adam_Housley,0013_01.jpg,vggface2_balanced_100_100/n000052/0013_01.jpg
VGGFace2,n000052,Adam_Housley,0014_02.jpg,vggface2_balanced_100_100/n000052/0014_02.jpg
VGGFace2,n000052,Adam_Housley,0015_02.jpg,vggface2_balanced_100_100/n000052/0015_02.jpg
VGGFace2,n000052,Adam_Housley,0016_02.jpg,vggface2_balanced_100_100/n000052/0016_02.jpg
VGGFace2,n000052,Adam_Housley,0017_01.jpg,vggface2_balanced_100_100/n000052/0017_01.jpg
VGGFace2,n000052,Adam_Housley,0018_01.jpg,vggface2_balanced_100_100/n000052/0018_01.jpg
VGGFace2,n000052,Adam_Housley,0019_03.jpg,vggface2_balanced_100_100/n000052/0019_03.jpg
VGGFace2,n000052,Adam_Housley,0020_01.jpg,vggface2_balanced_100_100/n000052/0020_01.jpg
VGGFace2,n000052,Adam_Housley,0021_01.jpg,vggface2_balanced_100_100/n000052/0021_01.jpg
VGGFace2,n000052,Adam_Housley,0022_02.jpg,vggface2_balanced_100_100/n000052/0022_02.jpg
VGGFace2,n000052,Adam_Housley,0023_01.jpg,vggface2_balanced_100_100/n000052/0023_01.jpg
VGGFace2,n000052,Adam_Housley,0024_01.jpg,vggface2_balanced_100_100/n000052/0024_01.jpg
VGGFace2,n000052,Adam_Housley,0024_02.jpg,vggface2_balanced_100_100/n000052/0024_02.jpg
VGGFace2,n000052,Adam_Housley,0024_03.jpg,vggface2_balanced_100_100/n000052/0024_03.jpg
VGGFace2,n000052,Adam_Housley,0024_04.jpg,vggface2_balanced_100_100/n000052/0024_04.jpg
VGGFace2,n000052,Adam_Housley,0025_03.jpg,vggface2_balanced_100_100/n000052/0025_03.jpg
VGGFace2,n000052,Adam_Housley,0026_01.jpg,vggface2_balanced_100_100/n000052/0026_01.jpg
VGGFace2,n000052,Adam_Housley,0027_02.jpg,vggface2_balanced_100_100/n000052/0027_02.jpg
VGGFace2,n000052,Adam_Housley,0028_01.jpg,vggface2_balanced_100_100/n000052/0028_01.jpg
VGGFace2,n000052,Adam_Housley,0029_01.jpg,vggface2_balanced_100_100/n000052/0029_01.jpg
VGGFace2,n000052,Adam_Housley,0030_01.jpg,vggface2_balanced_100_100/n000052/0030_01.jpg
VGGFace2,n000052,Adam_Housley,0031_02.jpg,vggface2_balanced_100_100/n000052/0031_02.jpg
VGGFace2,n000052,Adam_Housley,0032_01.jpg,vggface2_balanced_100_100/n000052/0032_01.jpg
VGGFace2,n000052,Adam_Housley,0033_01.jpg,vggface2_balanced_100_100/n000052/0033_01.jpg
VGGFace2,n000052,Adam_Housley,0034_01.jpg,vggface2_balanced_100_100/n000052/0034_01.jpg
VGGFace2,n000052,Adam_Housley,0035_01.jpg,vggface2_balanced_100_100/n000052/0035_01.jpg
VGGFace2,n000052,Adam_Housley,0036_01.jpg,vggface2_balanced_100_100/n000052/0036_01.jpg
VGGFace2,n000052,Adam_Housley,0037_01.jpg,vggface2_balanced_100_100/n000052/0037_01.jpg
VGGFace2,n000052,Adam_Housley,0038_07.jpg,vggface2_balanced_100_100/n000052/0038_07.jpg
VGGFace2,n000052,Adam_Housley,0039_02.jpg,vggface2_balanced_100_100/n000052/0039_02.jpg
VGGFace2,n000052,Adam_Housley,0040_01.jpg,vggface2_balanced_100_100/n000052/0040_01.jpg
VGGFace2,n000052,Adam_Housley,0041_01.jpg,vggface2_balanced_100_100/n000052/0041_01.jpg
VGGFace2,n000052,Adam_Housley,0042_02.jpg,vggface2_balanced_100_100/n000052/0042_02.jpg
VGGFace2,n000052,Adam_Housley,0044_01.jpg,vggface2_balanced_100_100/n000052/0044_01.jpg
VGGFace2,n000052,Adam_Housley,0045_01.jpg,vggface2_balanced_100_100/n000052/0045_01.jpg
VGGFace2,n000052,Adam_Housley,0046_01.jpg,vggface2_balanced_100_100/n000052/0046_01.jpg
VGGFace2,n000052,Adam_Housley,0047_01.jpg,vggface2_balanced_100_100/n000052/0047_01.jpg
VGGFace2,n000052,Adam_Housley,0048_02.jpg,vggface2_balanced_100_100/n000052/0048_02.jpg
VGGFace2,n000052,Adam_Housley,0050_01.jpg,vggface2_balanced_100_100/n000052/0050_01.jpg
VGGFace2,n000052,Adam_Housley,0052_01.jpg,vggface2_balanced_100_100/n000052/0052_01.jpg
VGGFace2,n000052,Adam_Housley,0054_02.jpg,vggface2_balanced_100_100/n000052/0054_02.jpg
VGGFace2,n000052,Adam_Housley,0055_01.jpg,vggface2_balanced_100_100/n000052/0055_01.jpg
VGGFace2,n000052,Adam_Housley,0056_03.jpg,vggface2_balanced_100_100/n000052/0056_03.jpg
VGGFace2,n000052,Adam_Housley,0057_01.jpg,vggface2_balanced_100_100/n000052/0057_01.jpg
VGGFace2,n000052,Adam_Housley,0058_01.jpg,vggface2_balanced_100_100/n000052/0058_01.jpg
VGGFace2,n000052,Adam_Housley,0063_01.jpg,vggface2_balanced_100_100/n000052/0063_01.jpg
VGGFace2,n000052,Adam_Housley,0065_01.jpg,vggface2_balanced_100_100/n000052/0065_01.jpg
VGGFace2,n000052,Adam_Housley,0066_01.jpg,vggface2_balanced_100_100/n000052/0066_01.jpg
VGGFace2,n000052,Adam_Housley,0067_01.jpg,vggface2_balanced_100_100/n000052/0067_01.jpg
VGGFace2,n000052,Adam_Housley,0068_01.jpg,vggface2_balanced_100_100/n000052/0068_01.jpg
VGGFace2,n000052,Adam_Housley,0069_02.jpg,vggface2_balanced_100_100/n000052/0069_02.jpg
VGGFace2,n000052,Adam_Housley,0070_01.jpg,vggface2_balanced_100_100/n000052/0070_01.jpg
VGGFace2,n000052,Adam_Housley,0071_01.jpg,vggface2_balanced_100_100/n000052/0071_01.jpg
VGGFace2,n000052,Adam_Housley,0072_01.jpg,vggface2_balanced_100_100/n000052/0072_01.jpg
VGGFace2,n000052,Adam_Housley,0073_01.jpg,vggface2_balanced_100_100/n000052/0073_01.jpg
VGGFace2,n000052,Adam_Housley,0074_01.jpg,vggface2_balanced_100_100/n000052/0074_01.jpg
VGGFace2,n000052,Adam_Housley,0077_01.jpg,vggface2_balanced_100_100/n000052/0077_01.jpg
VGGFace2,n000052,Adam_Housley,0077_03.jpg,vggface2_balanced_100_100/n000052/0077_03.jpg
VGGFace2,n000052,Adam_Housley,0077_04.jpg,vggface2_balanced_100_100/n000052/0077_04.jpg
VGGFace2,n000052,Adam_Housley,0078_01.jpg,vggface2_balanced_100_100/n000052/0078_01.jpg
VGGFace2,n000052,Adam_Housley,0079_01.jpg,vggface2_balanced_100_100/n000052/0079_01.jpg
VGGFace2,n000052,Adam_Housley,0082_02.jpg,vggface2_balanced_100_100/n000052/0082_02.jpg
VGGFace2,n000052,Adam_Housley,0083_01.jpg,vggface2_balanced_100_100/n000052/0083_01.jpg
VGGFace2,n000052,Adam_Housley,0086_01.jpg,vggface2_balanced_100_100/n000052/0086_01.jpg
VGGFace2,n000052,Adam_Housley,0087_02.jpg,vggface2_balanced_100_100/n000052/0087_02.jpg
VGGFace2,n000052,Adam_Housley,0088_01.jpg,vggface2_balanced_100_100/n000052/0088_01.jpg
VGGFace2,n000052,Adam_Housley,0089_02.jpg,vggface2_balanced_100_100/n000052/0089_02.jpg
VGGFace2,n000052,Adam_Housley,0090_01.jpg,vggface2_balanced_100_100/n000052/0090_01.jpg
VGGFace2,n000052,Adam_Housley,0092_01.jpg,vggface2_balanced_100_100/n000052/0092_01.jpg
VGGFace2,n000052,Adam_Housley,0095_02.jpg,vggface2_balanced_100_100/n000052/0095_02.jpg
VGGFace2,n000052,Adam_Housley,0099_01.jpg,vggface2_balanced_100_100/n000052/0099_01.jpg
VGGFace2,n000052,Adam_Housley,0100_01.jpg,vggface2_balanced_100_100/n000052/0100_01.jpg
VGGFace2,n000052,Adam_Housley,0101_02.jpg,vggface2_balanced_100_100/n000052/0101_02.jpg
VGGFace2,n000052,Adam_Housley,0102_02.jpg,vggface2_balanced_100_100/n000052/0102_02.jpg
VGGFace2,n000052,Adam_Housley,0105_01.jpg,vggface2_balanced_100_100/n000052/0105_01.jpg
VGGFace2,n000052,Adam_Housley,0106_01.jpg,vggface2_balanced_100_100/n000052/0106_01.jpg
VGGFace2,n000052,Adam_Housley,0109_01.jpg,vggface2_balanced_100_100/n000052/0109_01.jpg
VGGFace2,n000052,Adam_Housley,0110_01.jpg,vggface2_balanced_100_100/n000052/0110_01.jpg
VGGFace2,n000052,Adam_Housley,0113_01.jpg,vggface2_balanced_100_100/n000052/0113_01.jpg
VGGFace2,n000052,Adam_Housley,0117_03.jpg,vggface2_balanced_100_100/n000052/0117_03.jpg
VGGFace2,n000052,Adam_Housley,0119_01.jpg,vggface2_balanced_100_100/n000052/0119_01.jpg
VGGFace2,n000052,Adam_Housley,0124_02.jpg,vggface2_balanced_100_100/n000052/0124_02.jpg
VGGFace2,n000052,Adam_Housley,0126_01.jpg,vggface2_balanced_100_100/n000052/0126_01.jpg
VGGFace2,n000052,Adam_Housley,0127_01.jpg,vggface2_balanced_100_100/n000052/0127_01.jpg
VGGFace2,n000052,Adam_Housley,0131_02.jpg,vggface2_balanced_100_100/n000052/0131_02.jpg
VGGFace2,n000052,Adam_Housley,0133_01.jpg,vggface2_balanced_100_100/n000052/0133_01.jpg
VGGFace2,n000052,Adam_Housley,0134_01.jpg,vggface2_balanced_100_100/n000052/0134_01.jpg
VGGFace2,n000052,Adam_Housley,0136_02.jpg,vggface2_balanced_100_100/n000052/0136_02.jpg
VGGFace2,n000053,Adam_Irigoyen,0001_01.jpg,vggface2_balanced_100_100/n000053/0001_01.jpg
VGGFace2,n000053,Adam_Irigoyen,0002_01.jpg,vggface2_balanced_100_100/n000053/0002_01.jpg
VGGFace2,n000053,Adam_Irigoyen,0003_01.jpg,vggface2_balanced_100_100/n000053/0003_01.jpg
VGGFace2,n000053,Adam_Irigoyen,0004_01.jpg,vggface2_balanced_100_100/n000053/0004_01.jpg
VGGFace2,n000053,Adam_Irigoyen,0005_01.jpg,vggface2_balanced_100_100/n000053/0005_01.jpg
VGGFace2,n000053,Adam_Irigoyen,0006_02.jpg,vggface2_balanced_100_100/n000053/0006_02.jpg
VGGFace2,n000053,Adam_Irigoyen,0007_01.jpg,vggface2_balanced_100_100/n000053/0007_01.jpg
VGGFace2,n000053,Adam_Irigoyen,0008_01.jpg,vggface2_balanced_100_100/n000053/0008_01.jpg
VGGFace2,n000053,Adam_Irigoyen,0009_01.jpg,vggface2_balanced_100_100/n000053/0009_01.jpg
VGGFace2,n000053,Adam_Irigoyen,0010_01.jpg,vggface2_balanced_100_100/n000053/0010_01.jpg
VGGFace2,n000053,Adam_Irigoyen,0011_01.jpg,vggface2_balanced_100_100/n000053/0011_01.jpg
VGGFace2,n000053,Adam_Irigoyen,0012_01.jpg,vggface2_balanced_100_100/n000053/0012_01.jpg
VGGFace2,n000053,Adam_Irigoyen,0013_01.jpg,vggface2_balanced_100_100/n000053/0013_01.jpg
VGGFace2,n000053,Adam_Irigoyen,0014_01.jpg,vggface2_balanced_100_100/n000053/0014_01.jpg
VGGFace2,n000053,Adam_Irigoyen,0015_01.jpg,vggface2_balanced_100_100/n000053/0015_01.jpg
VGGFace2,n000053,Adam_Irigoyen,0016_01.jpg,vggface2_balanced_100_100/n000053/0016_01.jpg
VGGFace2,n000053,Adam_Irigoyen,0017_01.jpg,vggface2_balanced_100_100/n000053/0017_01.jpg
VGGFace2,n000053,Adam_Irigoyen,0018_01.jpg,vggface2_balanced_100_100/n000053/0018_01.jpg
VGGFace2,n000053,Adam_Irigoyen,0019_01.jpg,vggface2_balanced_100_100/n000053/0019_01.jpg
VGGFace2,n000053,Adam_Irigoyen,0020_01.jpg,vggface2_balanced_100_100/n000053/0020_01.jpg
VGGFace2,n000053,Adam_Irigoyen,0021_01.jpg,vggface2_balanced_100_100/n000053/0021_01.jpg
VGGFace2,n000053,Adam_Irigoyen,0022_01.jpg,vggface2_balanced_100_100/n000053/0022_01.jpg
VGGFace2,n000053,Adam_Irigoyen,0023_01.jpg,vggface2_balanced_100_100/n000053/0023_01.jpg
VGGFace2,n000053,Adam_Irigoyen,0024_01.jpg,vggface2_balanced_100_100/n000053/0024_01.jpg
VGGFace2,n000053,Adam_Irigoyen,0025_03.jpg,vggface2_balanced_100_100/n000053/0025_03.jpg
VGGFace2,n000053,Adam_Irigoyen,0026_01.jpg,vggface2_balanced_100_100/n000053/0026_01.jpg
VGGFace2,n000053,Adam_Irigoyen,0027_02.jpg,vggface2_balanced_100_100/n000053/0027_02.jpg
VGGFace2,n000053,Adam_Irigoyen,0028_01.jpg,vggface2_balanced_100_100/n000053/0028_01.jpg
VGGFace2,n000053,Adam_Irigoyen,0029_02.jpg,vggface2_balanced_100_100/n000053/0029_02.jpg
VGGFace2,n000053,Adam_Irigoyen,0029_03.jpg,vggface2_balanced_100_100/n000053/0029_03.jpg
VGGFace2,n000053,Adam_Irigoyen,0030_01.jpg,vggface2_balanced_100_100/n000053/0030_01.jpg
VGGFace2,n000053,Adam_Irigoyen,0031_01.jpg,vggface2_balanced_100_100/n000053/0031_01.jpg
VGGFace2,n000053,Adam_Irigoyen,0032_01.jpg,vggface2_balanced_100_100/n000053/0032_01.jpg
VGGFace2,n000053,Adam_Irigoyen,0033_01.jpg,vggface2_balanced_100_100/n000053/0033_01.jpg
VGGFace2,n000053,Adam_Irigoyen,0034_01.jpg,vggface2_balanced_100_100/n000053/0034_01.jpg
VGGFace2,n000053,Adam_Irigoyen,0035_01.jpg,vggface2_balanced_100_100/n000053/0035_01.jpg
VGGFace2,n000053,Adam_Irigoyen,0036_01.jpg,vggface2_balanced_100_100/n000053/0036_01.jpg
VGGFace2,n000053,Adam_Irigoyen,0037_01.jpg,vggface2_balanced_100_100/n000053/0037_01.jpg
VGGFace2,n000053,Adam_Irigoyen,0038_01.jpg,vggface2_balanced_100_100/n000053/0038_01.jpg
VGGFace2,n000053,Adam_Irigoyen,0039_01.jpg,vggface2_balanced_100_100/n000053/0039_01.jpg
VGGFace2,n000053,Adam_Irigoyen,0040_01.jpg,vggface2_balanced_100_100/n000053/0040_01.jpg
VGGFace2,n000053,Adam_Irigoyen,0041_01.jpg,vggface2_balanced_100_100/n000053/0041_01.jpg
VGGFace2,n000053,Adam_Irigoyen,0042_02.jpg,vggface2_balanced_100_100/n000053/0042_02.jpg
VGGFace2,n000053,Adam_Irigoyen,0043_01.jpg,vggface2_balanced_100_100/n000053/0043_01.jpg
VGGFace2,n000053,Adam_Irigoyen,0044_01.jpg,vggface2_balanced_100_100/n000053/0044_01.jpg
VGGFace2,n000053,Adam_Irigoyen,0045_01.jpg,vggface2_balanced_100_100/n000053/0045_01.jpg
VGGFace2,n000053,Adam_Irigoyen,0046_01.jpg,vggface2_balanced_100_100/n000053/0046_01.jpg
VGGFace2,n000053,Adam_Irigoyen,0046_02.jpg,vggface2_balanced_100_100/n000053/0046_02.jpg
VGGFace2,n000053,Adam_Irigoyen,0047_01.jpg,vggface2_balanced_100_100/n000053/0047_01.jpg
VGGFace2,n000053,Adam_Irigoyen,0048_01.jpg,vggface2_balanced_100_100/n000053/0048_01.jpg
VGGFace2,n000053,Adam_Irigoyen,0049_01.jpg,vggface2_balanced_100_100/n000053/0049_01.jpg
VGGFace2,n000053,Adam_Irigoyen,0050_01.jpg,vggface2_balanced_100_100/n000053/0050_01.jpg
VGGFace2,n000053,Adam_Irigoyen,0051_01.jpg,vggface2_balanced_100_100/n000053/0051_01.jpg
VGGFace2,n000053,Adam_Irigoyen,0052_01.jpg,vggface2_balanced_100_100/n000053/0052_01.jpg
VGGFace2,n000053,Adam_Irigoyen,0053_01.jpg,vggface2_balanced_100_100/n000053/0053_01.jpg
VGGFace2,n000053,Adam_Irigoyen,0054_01.jpg,vggface2_balanced_100_100/n000053/0054_01.jpg
VGGFace2,n000053,Adam_Irigoyen,0055_01.jpg,vggface2_balanced_100_100/n000053/0055_01.jpg
VGGFace2,n000053,Adam_Irigoyen,0056_01.jpg,vggface2_balanced_100_100/n000053/0056_01.jpg
VGGFace2,n000053,Adam_Irigoyen,0057_01.jpg,vggface2_balanced_100_100/n000053/0057_01.jpg
VGGFace2,n000053,Adam_Irigoyen,0058_02.jpg,vggface2_balanced_100_100/n000053/0058_02.jpg
VGGFace2,n000053,Adam_Irigoyen,0059_01.jpg,vggface2_balanced_100_100/n000053/0059_01.jpg
VGGFace2,n000053,Adam_Irigoyen,0060_01.jpg,vggface2_balanced_100_100/n000053/0060_01.jpg
VGGFace2,n000053,Adam_Irigoyen,0061_01.jpg,vggface2_balanced_100_100/n000053/0061_01.jpg
VGGFace2,n000053,Adam_Irigoyen,0062_01.jpg,vggface2_balanced_100_100/n000053/0062_01.jpg
VGGFace2,n000053,Adam_Irigoyen,0063_01.jpg,vggface2_balanced_100_100/n000053/0063_01.jpg
VGGFace2,n000053,Adam_Irigoyen,0064_01.jpg,vggface2_balanced_100_100/n000053/0064_01.jpg
VGGFace2,n000053,Adam_Irigoyen,0065_01.jpg,vggface2_balanced_100_100/n000053/0065_01.jpg
VGGFace2,n000053,Adam_Irigoyen,0066_01.jpg,vggface2_balanced_100_100/n000053/0066_01.jpg
VGGFace2,n000053,Adam_Irigoyen,0067_01.jpg,vggface2_balanced_100_100/n000053/0067_01.jpg
VGGFace2,n000053,Adam_Irigoyen,0068_01.jpg,vggface2_balanced_100_100/n000053/0068_01.jpg
VGGFace2,n000053,Adam_Irigoyen,0069_02.jpg,vggface2_balanced_100_100/n000053/0069_02.jpg
VGGFace2,n000053,Adam_Irigoyen,0070_01.jpg,vggface2_balanced_100_100/n000053/0070_01.jpg
VGGFace2,n000053,Adam_Irigoyen,0071_01.jpg,vggface2_balanced_100_100/n000053/0071_01.jpg
VGGFace2,n000053,Adam_Irigoyen,0072_01.jpg,vggface2_balanced_100_100/n000053/0072_01.jpg
VGGFace2,n000053,Adam_Irigoyen,0073_01.jpg,vggface2_balanced_100_100/n000053/0073_01.jpg
VGGFace2,n000053,Adam_Irigoyen,0074_01.jpg,vggface2_balanced_100_100/n000053/0074_01.jpg
VGGFace2,n000053,Adam_Irigoyen,0075_01.jpg,vggface2_balanced_100_100/n000053/0075_01.jpg
VGGFace2,n000053,Adam_Irigoyen,0075_02.jpg,vggface2_balanced_100_100/n000053/0075_02.jpg
VGGFace2,n000053,Adam_Irigoyen,0076_01.jpg,vggface2_balanced_100_100/n000053/0076_01.jpg
VGGFace2,n000053,Adam_Irigoyen,0077_01.jpg,vggface2_balanced_100_100/n000053/0077_01.jpg
VGGFace2,n000053,Adam_Irigoyen,0078_01.jpg,vggface2_balanced_100_100/n000053/0078_01.jpg
VGGFace2,n000053,Adam_Irigoyen,0079_01.jpg,vggface2_balanced_100_100/n000053/0079_01.jpg
VGGFace2,n000053,Adam_Irigoyen,0080_01.jpg,vggface2_balanced_100_100/n000053/0080_01.jpg
VGGFace2,n000053,Adam_Irigoyen,0081_01.jpg,vggface2_balanced_100_100/n000053/0081_01.jpg
VGGFace2,n000053,Adam_Irigoyen,0082_01.jpg,vggface2_balanced_100_100/n000053/0082_01.jpg
VGGFace2,n000053,Adam_Irigoyen,0083_01.jpg,vggface2_balanced_100_100/n000053/0083_01.jpg
VGGFace2,n000053,Adam_Irigoyen,0084_01.jpg,vggface2_balanced_100_100/n000053/0084_01.jpg
VGGFace2,n000053,Adam_Irigoyen,0085_01.jpg,vggface2_balanced_100_100/n000053/0085_01.jpg
VGGFace2,n000053,Adam_Irigoyen,0086_01.jpg,vggface2_balanced_100_100/n000053/0086_01.jpg
VGGFace2,n000053,Adam_Irigoyen,0087_01.jpg,vggface2_balanced_100_100/n000053/0087_01.jpg
VGGFace2,n000053,Adam_Irigoyen,0088_01.jpg,vggface2_balanced_100_100/n000053/0088_01.jpg
VGGFace2,n000053,Adam_Irigoyen,0088_03.jpg,vggface2_balanced_100_100/n000053/0088_03.jpg
VGGFace2,n000053,Adam_Irigoyen,0089_01.jpg,vggface2_balanced_100_100/n000053/0089_01.jpg
VGGFace2,n000053,Adam_Irigoyen,0090_01.jpg,vggface2_balanced_100_100/n000053/0090_01.jpg
VGGFace2,n000053,Adam_Irigoyen,0091_01.jpg,vggface2_balanced_100_100/n000053/0091_01.jpg
VGGFace2,n000053,Adam_Irigoyen,0091_03.jpg,vggface2_balanced_100_100/n000053/0091_03.jpg
VGGFace2,n000053,Adam_Irigoyen,0092_01.jpg,vggface2_balanced_100_100/n000053/0092_01.jpg
VGGFace2,n000053,Adam_Irigoyen,0093_01.jpg,vggface2_balanced_100_100/n000053/0093_01.jpg
VGGFace2,n000053,Adam_Irigoyen,0094_01.jpg,vggface2_balanced_100_100/n000053/0094_01.jpg
VGGFace2,n000053,Adam_Irigoyen,0095_01.jpg,vggface2_balanced_100_100/n000053/0095_01.jpg
VGGFace2,n000054,Adam_Johnson,0001_02.jpg,vggface2_balanced_100_100/n000054/0001_02.jpg
VGGFace2,n000054,Adam_Johnson,0002_01.jpg,vggface2_balanced_100_100/n000054/0002_01.jpg
VGGFace2,n000054,Adam_Johnson,0003_01.jpg,vggface2_balanced_100_100/n000054/0003_01.jpg
VGGFace2,n000054,Adam_Johnson,0004_01.jpg,vggface2_balanced_100_100/n000054/0004_01.jpg
VGGFace2,n000054,Adam_Johnson,0005_01.jpg,vggface2_balanced_100_100/n000054/0005_01.jpg
VGGFace2,n000054,Adam_Johnson,0006_01.jpg,vggface2_balanced_100_100/n000054/0006_01.jpg
VGGFace2,n000054,Adam_Johnson,0007_01.jpg,vggface2_balanced_100_100/n000054/0007_01.jpg
VGGFace2,n000054,Adam_Johnson,0008_01.jpg,vggface2_balanced_100_100/n000054/0008_01.jpg
VGGFace2,n000054,Adam_Johnson,0009_01.jpg,vggface2_balanced_100_100/n000054/0009_01.jpg
VGGFace2,n000054,Adam_Johnson,0010_01.jpg,vggface2_balanced_100_100/n000054/0010_01.jpg
VGGFace2,n000054,Adam_Johnson,0011_01.jpg,vggface2_balanced_100_100/n000054/0011_01.jpg
VGGFace2,n000054,Adam_Johnson,0012_01.jpg,vggface2_balanced_100_100/n000054/0012_01.jpg
VGGFace2,n000054,Adam_Johnson,0013_01.jpg,vggface2_balanced_100_100/n000054/0013_01.jpg
VGGFace2,n000054,Adam_Johnson,0014_01.jpg,vggface2_balanced_100_100/n000054/0014_01.jpg
VGGFace2,n000054,Adam_Johnson,0015_01.jpg,vggface2_balanced_100_100/n000054/0015_01.jpg
VGGFace2,n000054,Adam_Johnson,0016_01.jpg,vggface2_balanced_100_100/n000054/0016_01.jpg
VGGFace2,n000054,Adam_Johnson,0017_01.jpg,vggface2_balanced_100_100/n000054/0017_01.jpg
VGGFace2,n000054,Adam_Johnson,0018_01.jpg,vggface2_balanced_100_100/n000054/0018_01.jpg
VGGFace2,n000054,Adam_Johnson,0019_01.jpg,vggface2_balanced_100_100/n000054/0019_01.jpg
VGGFace2,n000054,Adam_Johnson,0020_01.jpg,vggface2_balanced_100_100/n000054/0020_01.jpg
VGGFace2,n000054,Adam_Johnson,0021_01.jpg,vggface2_balanced_100_100/n000054/0021_01.jpg
VGGFace2,n000054,Adam_Johnson,0022_01.jpg,vggface2_balanced_100_100/n000054/0022_01.jpg
VGGFace2,n000054,Adam_Johnson,0023_01.jpg,vggface2_balanced_100_100/n000054/0023_01.jpg
VGGFace2,n000054,Adam_Johnson,0024_01.jpg,vggface2_balanced_100_100/n000054/0024_01.jpg
VGGFace2,n000054,Adam_Johnson,0025_01.jpg,vggface2_balanced_100_100/n000054/0025_01.jpg
VGGFace2,n000054,Adam_Johnson,0026_01.jpg,vggface2_balanced_100_100/n000054/0026_01.jpg
VGGFace2,n000054,Adam_Johnson,0027_01.jpg,vggface2_balanced_100_100/n000054/0027_01.jpg
VGGFace2,n000054,Adam_Johnson,0028_01.jpg,vggface2_balanced_100_100/n000054/0028_01.jpg
VGGFace2,n000054,Adam_Johnson,0029_01.jpg,vggface2_balanced_100_100/n000054/0029_01.jpg
VGGFace2,n000054,Adam_Johnson,0030_01.jpg,vggface2_balanced_100_100/n000054/0030_01.jpg
VGGFace2,n000054,Adam_Johnson,0031_01.jpg,vggface2_balanced_100_100/n000054/0031_01.jpg
VGGFace2,n000054,Adam_Johnson,0032_01.jpg,vggface2_balanced_100_100/n000054/0032_01.jpg
VGGFace2,n000054,Adam_Johnson,0033_01.jpg,vggface2_balanced_100_100/n000054/0033_01.jpg
VGGFace2,n000054,Adam_Johnson,0034_01.jpg,vggface2_balanced_100_100/n000054/0034_01.jpg
VGGFace2,n000054,Adam_Johnson,0035_01.jpg,vggface2_balanced_100_100/n000054/0035_01.jpg
VGGFace2,n000054,Adam_Johnson,0036_01.jpg,vggface2_balanced_100_100/n000054/0036_01.jpg
VGGFace2,n000054,Adam_Johnson,0037_01.jpg,vggface2_balanced_100_100/n000054/0037_01.jpg
VGGFace2,n000054,Adam_Johnson,0038_01.jpg,vggface2_balanced_100_100/n000054/0038_01.jpg
VGGFace2,n000054,Adam_Johnson,0039_01.jpg,vggface2_balanced_100_100/n000054/0039_01.jpg
VGGFace2,n000054,Adam_Johnson,0040_01.jpg,vggface2_balanced_100_100/n000054/0040_01.jpg
VGGFace2,n000054,Adam_Johnson,0041_01.jpg,vggface2_balanced_100_100/n000054/0041_01.jpg
VGGFace2,n000054,Adam_Johnson,0042_01.jpg,vggface2_balanced_100_100/n000054/0042_01.jpg
VGGFace2,n000054,Adam_Johnson,0043_01.jpg,vggface2_balanced_100_100/n000054/0043_01.jpg
VGGFace2,n000054,Adam_Johnson,0044_01.jpg,vggface2_balanced_100_100/n000054/0044_01.jpg
VGGFace2,n000054,Adam_Johnson,0045_01.jpg,vggface2_balanced_100_100/n000054/0045_01.jpg
VGGFace2,n000054,Adam_Johnson,0046_01.jpg,vggface2_balanced_100_100/n000054/0046_01.jpg
VGGFace2,n000054,Adam_Johnson,0046_02.jpg,vggface2_balanced_100_100/n000054/0046_02.jpg
VGGFace2,n000054,Adam_Johnson,0047_01.jpg,vggface2_balanced_100_100/n000054/0047_01.jpg
VGGFace2,n000054,Adam_Johnson,0048_01.jpg,vggface2_balanced_100_100/n000054/0048_01.jpg
VGGFace2,n000054,Adam_Johnson,0049_01.jpg,vggface2_balanced_100_100/n000054/0049_01.jpg
VGGFace2,n000054,Adam_Johnson,0050_01.jpg,vggface2_balanced_100_100/n000054/0050_01.jpg
VGGFace2,n000054,Adam_Johnson,0051_01.jpg,vggface2_balanced_100_100/n000054/0051_01.jpg
VGGFace2,n000054,Adam_Johnson,0052_01.jpg,vggface2_balanced_100_100/n000054/0052_01.jpg
VGGFace2,n000054,Adam_Johnson,0053_01.jpg,vggface2_balanced_100_100/n000054/0053_01.jpg
VGGFace2,n000054,Adam_Johnson,0054_01.jpg,vggface2_balanced_100_100/n000054/0054_01.jpg
VGGFace2,n000054,Adam_Johnson,0055_01.jpg,vggface2_balanced_100_100/n000054/0055_01.jpg
VGGFace2,n000054,Adam_Johnson,0056_01.jpg,vggface2_balanced_100_100/n000054/0056_01.jpg
VGGFace2,n000054,Adam_Johnson,0057_01.jpg,vggface2_balanced_100_100/n000054/0057_01.jpg
VGGFace2,n000054,Adam_Johnson,0058_01.jpg,vggface2_balanced_100_100/n000054/0058_01.jpg
VGGFace2,n000054,Adam_Johnson,0059_01.jpg,vggface2_balanced_100_100/n000054/0059_01.jpg
VGGFace2,n000054,Adam_Johnson,0060_01.jpg,vggface2_balanced_100_100/n000054/0060_01.jpg
VGGFace2,n000054,Adam_Johnson,0061_01.jpg,vggface2_balanced_100_100/n000054/0061_01.jpg
VGGFace2,n000054,Adam_Johnson,0062_01.jpg,vggface2_balanced_100_100/n000054/0062_01.jpg
VGGFace2,n000054,Adam_Johnson,0063_01.jpg,vggface2_balanced_100_100/n000054/0063_01.jpg
VGGFace2,n000054,Adam_Johnson,0064_01.jpg,vggface2_balanced_100_100/n000054/0064_01.jpg
VGGFace2,n000054,Adam_Johnson,0064_02.jpg,vggface2_balanced_100_100/n000054/0064_02.jpg
VGGFace2,n000054,Adam_Johnson,0065_01.jpg,vggface2_balanced_100_100/n000054/0065_01.jpg
VGGFace2,n000054,Adam_Johnson,0066_01.jpg,vggface2_balanced_100_100/n000054/0066_01.jpg
VGGFace2,n000054,Adam_Johnson,0067_01.jpg,vggface2_balanced_100_100/n000054/0067_01.jpg
VGGFace2,n000054,Adam_Johnson,0068_01.jpg,vggface2_balanced_100_100/n000054/0068_01.jpg
VGGFace2,n000054,Adam_Johnson,0069_01.jpg,vggface2_balanced_100_100/n000054/0069_01.jpg
VGGFace2,n000054,Adam_Johnson,0070_01.jpg,vggface2_balanced_100_100/n000054/0070_01.jpg
VGGFace2,n000054,Adam_Johnson,0071_01.jpg,vggface2_balanced_100_100/n000054/0071_01.jpg
VGGFace2,n000054,Adam_Johnson,0072_01.jpg,vggface2_balanced_100_100/n000054/0072_01.jpg
VGGFace2,n000054,Adam_Johnson,0073_01.jpg,vggface2_balanced_100_100/n000054/0073_01.jpg
VGGFace2,n000054,Adam_Johnson,0074_01.jpg,vggface2_balanced_100_100/n000054/0074_01.jpg
VGGFace2,n000054,Adam_Johnson,0075_01.jpg,vggface2_balanced_100_100/n000054/0075_01.jpg
VGGFace2,n000054,Adam_Johnson,0076_01.jpg,vggface2_balanced_100_100/n000054/0076_01.jpg
VGGFace2,n000054,Adam_Johnson,0077_01.jpg,vggface2_balanced_100_100/n000054/0077_01.jpg
VGGFace2,n000054,Adam_Johnson,0078_01.jpg,vggface2_balanced_100_100/n000054/0078_01.jpg
VGGFace2,n000054,Adam_Johnson,0079_01.jpg,vggface2_balanced_100_100/n000054/0079_01.jpg
VGGFace2,n000054,Adam_Johnson,0080_01.jpg,vggface2_balanced_100_100/n000054/0080_01.jpg
VGGFace2,n000054,Adam_Johnson,0081_01.jpg,vggface2_balanced_100_100/n000054/0081_01.jpg
VGGFace2,n000054,Adam_Johnson,0082_01.jpg,vggface2_balanced_100_100/n000054/0082_01.jpg
VGGFace2,n000054,Adam_Johnson,0083_01.jpg,vggface2_balanced_100_100/n000054/0083_01.jpg
VGGFace2,n000054,Adam_Johnson,0084_01.jpg,vggface2_balanced_100_100/n000054/0084_01.jpg
VGGFace2,n000054,Adam_Johnson,0085_01.jpg,vggface2_balanced_100_100/n000054/0085_01.jpg
VGGFace2,n000054,Adam_Johnson,0086_01.jpg,vggface2_balanced_100_100/n000054/0086_01.jpg
VGGFace2,n000054,Adam_Johnson,0087_01.jpg,vggface2_balanced_100_100/n000054/0087_01.jpg
VGGFace2,n000054,Adam_Johnson,0088_01.jpg,vggface2_balanced_100_100/n000054/0088_01.jpg
VGGFace2,n000054,Adam_Johnson,0089_01.jpg,vggface2_balanced_100_100/n000054/0089_01.jpg
VGGFace2,n000054,Adam_Johnson,0090_01.jpg,vggface2_balanced_100_100/n000054/0090_01.jpg
VGGFace2,n000054,Adam_Johnson,0091_01.jpg,vggface2_balanced_100_100/n000054/0091_01.jpg
VGGFace2,n000054,Adam_Johnson,0092_01.jpg,vggface2_balanced_100_100/n000054/0092_01.jpg
VGGFace2,n000054,Adam_Johnson,0093_01.jpg,vggface2_balanced_100_100/n000054/0093_01.jpg
VGGFace2,n000054,Adam_Johnson,0094_01.jpg,vggface2_balanced_100_100/n000054/0094_01.jpg
VGGFace2,n000054,Adam_Johnson,0095_01.jpg,vggface2_balanced_100_100/n000054/0095_01.jpg
VGGFace2,n000054,Adam_Johnson,0096_01.jpg,vggface2_balanced_100_100/n000054/0096_01.jpg
VGGFace2,n000054,Adam_Johnson,0097_01.jpg,vggface2_balanced_100_100/n000054/0097_01.jpg
VGGFace2,n000054,Adam_Johnson,0098_01.jpg,vggface2_balanced_100_100/n000054/0098_01.jpg
VGGFace2,n000055,Adam_Lallana,0001_01.jpg,vggface2_balanced_100_100/n000055/0001_01.jpg
VGGFace2,n000055,Adam_Lallana,0002_01.jpg,vggface2_balanced_100_100/n000055/0002_01.jpg
VGGFace2,n000055,Adam_Lallana,0003_01.jpg,vggface2_balanced_100_100/n000055/0003_01.jpg
VGGFace2,n000055,Adam_Lallana,0004_01.jpg,vggface2_balanced_100_100/n000055/0004_01.jpg
VGGFace2,n000055,Adam_Lallana,0005_01.jpg,vggface2_balanced_100_100/n000055/0005_01.jpg
VGGFace2,n000055,Adam_Lallana,0006_01.jpg,vggface2_balanced_100_100/n000055/0006_01.jpg
VGGFace2,n000055,Adam_Lallana,0007_01.jpg,vggface2_balanced_100_100/n000055/0007_01.jpg
VGGFace2,n000055,Adam_Lallana,0008_01.jpg,vggface2_balanced_100_100/n000055/0008_01.jpg
VGGFace2,n000055,Adam_Lallana,0009_01.jpg,vggface2_balanced_100_100/n000055/0009_01.jpg
VGGFace2,n000055,Adam_Lallana,0010_01.jpg,vggface2_balanced_100_100/n000055/0010_01.jpg
VGGFace2,n000055,Adam_Lallana,0011_01.jpg,vggface2_balanced_100_100/n000055/0011_01.jpg
VGGFace2,n000055,Adam_Lallana,0012_01.jpg,vggface2_balanced_100_100/n000055/0012_01.jpg
VGGFace2,n000055,Adam_Lallana,0014_01.jpg,vggface2_balanced_100_100/n000055/0014_01.jpg
VGGFace2,n000055,Adam_Lallana,0015_01.jpg,vggface2_balanced_100_100/n000055/0015_01.jpg
VGGFace2,n000055,Adam_Lallana,0016_01.jpg,vggface2_balanced_100_100/n000055/0016_01.jpg
VGGFace2,n000055,Adam_Lallana,0017_01.jpg,vggface2_balanced_100_100/n000055/0017_01.jpg
VGGFace2,n000055,Adam_Lallana,0018_01.jpg,vggface2_balanced_100_100/n000055/0018_01.jpg
VGGFace2,n000055,Adam_Lallana,0019_01.jpg,vggface2_balanced_100_100/n000055/0019_01.jpg
VGGFace2,n000055,Adam_Lallana,0020_01.jpg,vggface2_balanced_100_100/n000055/0020_01.jpg
VGGFace2,n000055,Adam_Lallana,0021_01.jpg,vggface2_balanced_100_100/n000055/0021_01.jpg
VGGFace2,n000055,Adam_Lallana,0022_01.jpg,vggface2_balanced_100_100/n000055/0022_01.jpg
VGGFace2,n000055,Adam_Lallana,0023_01.jpg,vggface2_balanced_100_100/n000055/0023_01.jpg
VGGFace2,n000055,Adam_Lallana,0024_01.jpg,vggface2_balanced_100_100/n000055/0024_01.jpg
VGGFace2,n000055,Adam_Lallana,0025_01.jpg,vggface2_balanced_100_100/n000055/0025_01.jpg
VGGFace2,n000055,Adam_Lallana,0026_01.jpg,vggface2_balanced_100_100/n000055/0026_01.jpg
VGGFace2,n000055,Adam_Lallana,0027_01.jpg,vggface2_balanced_100_100/n000055/0027_01.jpg
VGGFace2,n000055,Adam_Lallana,0028_01.jpg,vggface2_balanced_100_100/n000055/0028_01.jpg
VGGFace2,n000055,Adam_Lallana,0029_01.jpg,vggface2_balanced_100_100/n000055/0029_01.jpg
VGGFace2,n000055,Adam_Lallana,0030_01.jpg,vggface2_balanced_100_100/n000055/0030_01.jpg
VGGFace2,n000055,Adam_Lallana,0031_01.jpg,vggface2_balanced_100_100/n000055/0031_01.jpg
VGGFace2,n000055,Adam_Lallana,0032_01.jpg,vggface2_balanced_100_100/n000055/0032_01.jpg
VGGFace2,n000055,Adam_Lallana,0033_01.jpg,vggface2_balanced_100_100/n000055/0033_01.jpg
VGGFace2,n000055,Adam_Lallana,0034_01.jpg,vggface2_balanced_100_100/n000055/0034_01.jpg
VGGFace2,n000055,Adam_Lallana,0035_01.jpg,vggface2_balanced_100_100/n000055/0035_01.jpg
VGGFace2,n000055,Adam_Lallana,0036_01.jpg,vggface2_balanced_100_100/n000055/0036_01.jpg
VGGFace2,n000055,Adam_Lallana,0037_01.jpg,vggface2_balanced_100_100/n000055/0037_01.jpg
VGGFace2,n000055,Adam_Lallana,0038_01.jpg,vggface2_balanced_100_100/n000055/0038_01.jpg
VGGFace2,n000055,Adam_Lallana,0039_01.jpg,vggface2_balanced_100_100/n000055/0039_01.jpg
VGGFace2,n000055,Adam_Lallana,0040_01.jpg,vggface2_balanced_100_100/n000055/0040_01.jpg
VGGFace2,n000055,Adam_Lallana,0041_01.jpg,vggface2_balanced_100_100/n000055/0041_01.jpg
VGGFace2,n000055,Adam_Lallana,0042_01.jpg,vggface2_balanced_100_100/n000055/0042_01.jpg
VGGFace2,n000055,Adam_Lallana,0043_01.jpg,vggface2_balanced_100_100/n000055/0043_01.jpg
VGGFace2,n000055,Adam_Lallana,0044_01.jpg,vggface2_balanced_100_100/n000055/0044_01.jpg
VGGFace2,n000055,Adam_Lallana,0045_01.jpg,vggface2_balanced_100_100/n000055/0045_01.jpg
VGGFace2,n000055,Adam_Lallana,0046_01.jpg,vggface2_balanced_100_100/n000055/0046_01.jpg
VGGFace2,n000055,Adam_Lallana,0047_01.jpg,vggface2_balanced_100_100/n000055/0047_01.jpg
VGGFace2,n000055,Adam_Lallana,0048_01.jpg,vggface2_balanced_100_100/n000055/0048_01.jpg
VGGFace2,n000055,Adam_Lallana,0049_01.jpg,vggface2_balanced_100_100/n000055/0049_01.jpg
VGGFace2,n000055,Adam_Lallana,0050_01.jpg,vggface2_balanced_100_100/n000055/0050_01.jpg
VGGFace2,n000055,Adam_Lallana,0051_01.jpg,vggface2_balanced_100_100/n000055/0051_01.jpg
VGGFace2,n000055,Adam_Lallana,0052_01.jpg,vggface2_balanced_100_100/n000055/0052_01.jpg
VGGFace2,n000055,Adam_Lallana,0053_01.jpg,vggface2_balanced_100_100/n000055/0053_01.jpg
VGGFace2,n000055,Adam_Lallana,0054_01.jpg,vggface2_balanced_100_100/n000055/0054_01.jpg
VGGFace2,n000055,Adam_Lallana,0055_01.jpg,vggface2_balanced_100_100/n000055/0055_01.jpg
VGGFace2,n000055,Adam_Lallana,0056_01.jpg,vggface2_balanced_100_100/n000055/0056_01.jpg
VGGFace2,n000055,Adam_Lallana,0057_01.jpg,vggface2_balanced_100_100/n000055/0057_01.jpg
VGGFace2,n000055,Adam_Lallana,0058_01.jpg,vggface2_balanced_100_100/n000055/0058_01.jpg
VGGFace2,n000055,Adam_Lallana,0059_01.jpg,vggface2_balanced_100_100/n000055/0059_01.jpg
VGGFace2,n000055,Adam_Lallana,0060_01.jpg,vggface2_balanced_100_100/n000055/0060_01.jpg
VGGFace2,n000055,Adam_Lallana,0061_01.jpg,vggface2_balanced_100_100/n000055/0061_01.jpg
VGGFace2,n000055,Adam_Lallana,0062_01.jpg,vggface2_balanced_100_100/n000055/0062_01.jpg
VGGFace2,n000055,Adam_Lallana,0063_01.jpg,vggface2_balanced_100_100/n000055/0063_01.jpg
VGGFace2,n000055,Adam_Lallana,0064_01.jpg,vggface2_balanced_100_100/n000055/0064_01.jpg
VGGFace2,n000055,Adam_Lallana,0065_01.jpg,vggface2_balanced_100_100/n000055/0065_01.jpg
VGGFace2,n000055,Adam_Lallana,0066_01.jpg,vggface2_balanced_100_100/n000055/0066_01.jpg
VGGFace2,n000055,Adam_Lallana,0067_01.jpg,vggface2_balanced_100_100/n000055/0067_01.jpg
VGGFace2,n000055,Adam_Lallana,0068_01.jpg,vggface2_balanced_100_100/n000055/0068_01.jpg
VGGFace2,n000055,Adam_Lallana,0069_01.jpg,vggface2_balanced_100_100/n000055/0069_01.jpg
VGGFace2,n000055,Adam_Lallana,0070_01.jpg,vggface2_balanced_100_100/n000055/0070_01.jpg
VGGFace2,n000055,Adam_Lallana,0071_01.jpg,vggface2_balanced_100_100/n000055/0071_01.jpg
VGGFace2,n000055,Adam_Lallana,0072_01.jpg,vggface2_balanced_100_100/n000055/0072_01.jpg
VGGFace2,n000055,Adam_Lallana,0073_01.jpg,vggface2_balanced_100_100/n000055/0073_01.jpg
VGGFace2,n000055,Adam_Lallana,0074_01.jpg,vggface2_balanced_100_100/n000055/0074_01.jpg
VGGFace2,n000055,Adam_Lallana,0075_01.jpg,vggface2_balanced_100_100/n000055/0075_01.jpg
VGGFace2,n000055,Adam_Lallana,0076_01.jpg,vggface2_balanced_100_100/n000055/0076_01.jpg
VGGFace2,n000055,Adam_Lallana,0077_01.jpg,vggface2_balanced_100_100/n000055/0077_01.jpg
VGGFace2,n000055,Adam_Lallana,0078_01.jpg,vggface2_balanced_100_100/n000055/0078_01.jpg
VGGFace2,n000055,Adam_Lallana,0079_01.jpg,vggface2_balanced_100_100/n000055/0079_01.jpg
VGGFace2,n000055,Adam_Lallana,0080_01.jpg,vggface2_balanced_100_100/n000055/0080_01.jpg
VGGFace2,n000055,Adam_Lallana,0081_01.jpg,vggface2_balanced_100_100/n000055/0081_01.jpg
VGGFace2,n000055,Adam_Lallana,0082_01.jpg,vggface2_balanced_100_100/n000055/0082_01.jpg
VGGFace2,n000055,Adam_Lallana,0083_01.jpg,vggface2_balanced_100_100/n000055/0083_01.jpg
VGGFace2,n000055,Adam_Lallana,0085_01.jpg,vggface2_balanced_100_100/n000055/0085_01.jpg
VGGFace2,n000055,Adam_Lallana,0086_01.jpg,vggface2_balanced_100_100/n000055/0086_01.jpg
VGGFace2,n000055,Adam_Lallana,0087_01.jpg,vggface2_balanced_100_100/n000055/0087_01.jpg
VGGFace2,n000055,Adam_Lallana,0088_01.jpg,vggface2_balanced_100_100/n000055/0088_01.jpg
VGGFace2,n000055,Adam_Lallana,0089_01.jpg,vggface2_balanced_100_100/n000055/0089_01.jpg
VGGFace2,n000055,Adam_Lallana,0090_01.jpg,vggface2_balanced_100_100/n000055/0090_01.jpg
VGGFace2,n000055,Adam_Lallana,0091_01.jpg,vggface2_balanced_100_100/n000055/0091_01.jpg
VGGFace2,n000055,Adam_Lallana,0092_01.jpg,vggface2_balanced_100_100/n000055/0092_01.jpg
VGGFace2,n000055,Adam_Lallana,0093_01.jpg,vggface2_balanced_100_100/n000055/0093_01.jpg
VGGFace2,n000055,Adam_Lallana,0094_01.jpg,vggface2_balanced_100_100/n000055/0094_01.jpg
VGGFace2,n000055,Adam_Lallana,0095_01.jpg,vggface2_balanced_100_100/n000055/0095_01.jpg
VGGFace2,n000055,Adam_Lallana,0096_01.jpg,vggface2_balanced_100_100/n000055/0096_01.jpg
VGGFace2,n000055,Adam_Lallana,0097_01.jpg,vggface2_balanced_100_100/n000055/0097_01.jpg
VGGFace2,n000055,Adam_Lallana,0098_01.jpg,vggface2_balanced_100_100/n000055/0098_01.jpg
VGGFace2,n000055,Adam_Lallana,0099_01.jpg,vggface2_balanced_100_100/n000055/0099_01.jpg
VGGFace2,n000055,Adam_Lallana,0100_01.jpg,vggface2_balanced_100_100/n000055/0100_01.jpg
VGGFace2,n000055,Adam_Lallana,0101_01.jpg,vggface2_balanced_100_100/n000055/0101_01.jpg
VGGFace2,n000055,Adam_Lallana,0102_01.jpg,vggface2_balanced_100_100/n000055/0102_01.jpg
VGGFace2,n000056,Adam_Liaw,0001_01.jpg,vggface2_balanced_100_100/n000056/0001_01.jpg
VGGFace2,n000056,Adam_Liaw,0002_01.jpg,vggface2_balanced_100_100/n000056/0002_01.jpg
VGGFace2,n000056,Adam_Liaw,0003_01.jpg,vggface2_balanced_100_100/n000056/0003_01.jpg
VGGFace2,n000056,Adam_Liaw,0004_01.jpg,vggface2_balanced_100_100/n000056/0004_01.jpg
VGGFace2,n000056,Adam_Liaw,0005_03.jpg,vggface2_balanced_100_100/n000056/0005_03.jpg
VGGFace2,n000056,Adam_Liaw,0006_01.jpg,vggface2_balanced_100_100/n000056/0006_01.jpg
VGGFace2,n000056,Adam_Liaw,0007_01.jpg,vggface2_balanced_100_100/n000056/0007_01.jpg
VGGFace2,n000056,Adam_Liaw,0008_01.jpg,vggface2_balanced_100_100/n000056/0008_01.jpg
VGGFace2,n000056,Adam_Liaw,0009_01.jpg,vggface2_balanced_100_100/n000056/0009_01.jpg
VGGFace2,n000056,Adam_Liaw,0010_01.jpg,vggface2_balanced_100_100/n000056/0010_01.jpg
VGGFace2,n000056,Adam_Liaw,0011_02.jpg,vggface2_balanced_100_100/n000056/0011_02.jpg
VGGFace2,n000056,Adam_Liaw,0012_01.jpg,vggface2_balanced_100_100/n000056/0012_01.jpg
VGGFace2,n000056,Adam_Liaw,0013_01.jpg,vggface2_balanced_100_100/n000056/0013_01.jpg
VGGFace2,n000056,Adam_Liaw,0014_01.jpg,vggface2_balanced_100_100/n000056/0014_01.jpg
VGGFace2,n000056,Adam_Liaw,0015_01.jpg,vggface2_balanced_100_100/n000056/0015_01.jpg
VGGFace2,n000056,Adam_Liaw,0016_01.jpg,vggface2_balanced_100_100/n000056/0016_01.jpg
VGGFace2,n000056,Adam_Liaw,0017_01.jpg,vggface2_balanced_100_100/n000056/0017_01.jpg
VGGFace2,n000056,Adam_Liaw,0018_01.jpg,vggface2_balanced_100_100/n000056/0018_01.jpg
VGGFace2,n000056,Adam_Liaw,0019_01.jpg,vggface2_balanced_100_100/n000056/0019_01.jpg
VGGFace2,n000056,Adam_Liaw,0020_01.jpg,vggface2_balanced_100_100/n000056/0020_01.jpg
VGGFace2,n000056,Adam_Liaw,0021_02.jpg,vggface2_balanced_100_100/n000056/0021_02.jpg
VGGFace2,n000056,Adam_Liaw,0022_01.jpg,vggface2_balanced_100_100/n000056/0022_01.jpg
VGGFace2,n000056,Adam_Liaw,0023_02.jpg,vggface2_balanced_100_100/n000056/0023_02.jpg
VGGFace2,n000056,Adam_Liaw,0024_01.jpg,vggface2_balanced_100_100/n000056/0024_01.jpg
VGGFace2,n000056,Adam_Liaw,0025_01.jpg,vggface2_balanced_100_100/n000056/0025_01.jpg
VGGFace2,n000056,Adam_Liaw,0026_01.jpg,vggface2_balanced_100_100/n000056/0026_01.jpg
VGGFace2,n000056,Adam_Liaw,0026_02.jpg,vggface2_balanced_100_100/n000056/0026_02.jpg
VGGFace2,n000056,Adam_Liaw,0027_01.jpg,vggface2_balanced_100_100/n000056/0027_01.jpg
VGGFace2,n000056,Adam_Liaw,0027_02.jpg,vggface2_balanced_100_100/n000056/0027_02.jpg
VGGFace2,n000056,Adam_Liaw,0028_02.jpg,vggface2_balanced_100_100/n000056/0028_02.jpg
VGGFace2,n000056,Adam_Liaw,0029_01.jpg,vggface2_balanced_100_100/n000056/0029_01.jpg
VGGFace2,n000056,Adam_Liaw,0030_01.jpg,vggface2_balanced_100_100/n000056/0030_01.jpg
VGGFace2,n000056,Adam_Liaw,0031_01.jpg,vggface2_balanced_100_100/n000056/0031_01.jpg
VGGFace2,n000056,Adam_Liaw,0032_02.jpg,vggface2_balanced_100_100/n000056/0032_02.jpg
VGGFace2,n000056,Adam_Liaw,0033_01.jpg,vggface2_balanced_100_100/n000056/0033_01.jpg
VGGFace2,n000056,Adam_Liaw,0034_01.jpg,vggface2_balanced_100_100/n000056/0034_01.jpg
VGGFace2,n000056,Adam_Liaw,0035_01.jpg,vggface2_balanced_100_100/n000056/0035_01.jpg
VGGFace2,n000056,Adam_Liaw,0036_01.jpg,vggface2_balanced_100_100/n000056/0036_01.jpg
VGGFace2,n000056,Adam_Liaw,0037_01.jpg,vggface2_balanced_100_100/n000056/0037_01.jpg
VGGFace2,n000056,Adam_Liaw,0038_01.jpg,vggface2_balanced_100_100/n000056/0038_01.jpg
VGGFace2,n000056,Adam_Liaw,0039_01.jpg,vggface2_balanced_100_100/n000056/0039_01.jpg
VGGFace2,n000056,Adam_Liaw,0040_01.jpg,vggface2_balanced_100_100/n000056/0040_01.jpg
VGGFace2,n000056,Adam_Liaw,0041_02.jpg,vggface2_balanced_100_100/n000056/0041_02.jpg
VGGFace2,n000056,Adam_Liaw,0042_01.jpg,vggface2_balanced_100_100/n000056/0042_01.jpg
VGGFace2,n000056,Adam_Liaw,0043_01.jpg,vggface2_balanced_100_100/n000056/0043_01.jpg
VGGFace2,n000056,Adam_Liaw,0044_02.jpg,vggface2_balanced_100_100/n000056/0044_02.jpg
VGGFace2,n000056,Adam_Liaw,0045_02.jpg,vggface2_balanced_100_100/n000056/0045_02.jpg
VGGFace2,n000056,Adam_Liaw,0046_01.jpg,vggface2_balanced_100_100/n000056/0046_01.jpg
VGGFace2,n000056,Adam_Liaw,0047_02.jpg,vggface2_balanced_100_100/n000056/0047_02.jpg
VGGFace2,n000056,Adam_Liaw,0048_01.jpg,vggface2_balanced_100_100/n000056/0048_01.jpg
VGGFace2,n000056,Adam_Liaw,0049_01.jpg,vggface2_balanced_100_100/n000056/0049_01.jpg
VGGFace2,n000056,Adam_Liaw,0050_01.jpg,vggface2_balanced_100_100/n000056/0050_01.jpg
VGGFace2,n000056,Adam_Liaw,0051_02.jpg,vggface2_balanced_100_100/n000056/0051_02.jpg
VGGFace2,n000056,Adam_Liaw,0052_01.jpg,vggface2_balanced_100_100/n000056/0052_01.jpg
VGGFace2,n000056,Adam_Liaw,0053_01.jpg,vggface2_balanced_100_100/n000056/0053_01.jpg
VGGFace2,n000056,Adam_Liaw,0054_01.jpg,vggface2_balanced_100_100/n000056/0054_01.jpg
VGGFace2,n000056,Adam_Liaw,0055_01.jpg,vggface2_balanced_100_100/n000056/0055_01.jpg
VGGFace2,n000056,Adam_Liaw,0056_01.jpg,vggface2_balanced_100_100/n000056/0056_01.jpg
VGGFace2,n000056,Adam_Liaw,0057_01.jpg,vggface2_balanced_100_100/n000056/0057_01.jpg
VGGFace2,n000056,Adam_Liaw,0058_01.jpg,vggface2_balanced_100_100/n000056/0058_01.jpg
VGGFace2,n000056,Adam_Liaw,0059_03.jpg,vggface2_balanced_100_100/n000056/0059_03.jpg
VGGFace2,n000056,Adam_Liaw,0060_01.jpg,vggface2_balanced_100_100/n000056/0060_01.jpg
VGGFace2,n000056,Adam_Liaw,0061_01.jpg,vggface2_balanced_100_100/n000056/0061_01.jpg
VGGFace2,n000056,Adam_Liaw,0062_01.jpg,vggface2_balanced_100_100/n000056/0062_01.jpg
VGGFace2,n000056,Adam_Liaw,0063_02.jpg,vggface2_balanced_100_100/n000056/0063_02.jpg
VGGFace2,n000056,Adam_Liaw,0064_01.jpg,vggface2_balanced_100_100/n000056/0064_01.jpg
VGGFace2,n000056,Adam_Liaw,0065_03.jpg,vggface2_balanced_100_100/n000056/0065_03.jpg
VGGFace2,n000056,Adam_Liaw,0066_03.jpg,vggface2_balanced_100_100/n000056/0066_03.jpg
VGGFace2,n000056,Adam_Liaw,0068_01.jpg,vggface2_balanced_100_100/n000056/0068_01.jpg
VGGFace2,n000056,Adam_Liaw,0069_02.jpg,vggface2_balanced_100_100/n000056/0069_02.jpg
VGGFace2,n000056,Adam_Liaw,0070_01.jpg,vggface2_balanced_100_100/n000056/0070_01.jpg
VGGFace2,n000056,Adam_Liaw,0071_01.jpg,vggface2_balanced_100_100/n000056/0071_01.jpg
VGGFace2,n000056,Adam_Liaw,0072_01.jpg,vggface2_balanced_100_100/n000056/0072_01.jpg
VGGFace2,n000056,Adam_Liaw,0073_02.jpg,vggface2_balanced_100_100/n000056/0073_02.jpg
VGGFace2,n000056,Adam_Liaw,0074_02.jpg,vggface2_balanced_100_100/n000056/0074_02.jpg
VGGFace2,n000056,Adam_Liaw,0075_02.jpg,vggface2_balanced_100_100/n000056/0075_02.jpg
VGGFace2,n000056,Adam_Liaw,0076_01.jpg,vggface2_balanced_100_100/n000056/0076_01.jpg
VGGFace2,n000056,Adam_Liaw,0077_01.jpg,vggface2_balanced_100_100/n000056/0077_01.jpg
VGGFace2,n000056,Adam_Liaw,0078_01.jpg,vggface2_balanced_100_100/n000056/0078_01.jpg
VGGFace2,n000056,Adam_Liaw,0079_01.jpg,vggface2_balanced_100_100/n000056/0079_01.jpg
VGGFace2,n000056,Adam_Liaw,0080_01.jpg,vggface2_balanced_100_100/n000056/0080_01.jpg
VGGFace2,n000056,Adam_Liaw,0081_02.jpg,vggface2_balanced_100_100/n000056/0081_02.jpg
VGGFace2,n000056,Adam_Liaw,0082_02.jpg,vggface2_balanced_100_100/n000056/0082_02.jpg
VGGFace2,n000056,Adam_Liaw,0083_01.jpg,vggface2_balanced_100_100/n000056/0083_01.jpg
VGGFace2,n000056,Adam_Liaw,0084_04.jpg,vggface2_balanced_100_100/n000056/0084_04.jpg
VGGFace2,n000056,Adam_Liaw,0085_01.jpg,vggface2_balanced_100_100/n000056/0085_01.jpg
VGGFace2,n000056,Adam_Liaw,0085_02.jpg,vggface2_balanced_100_100/n000056/0085_02.jpg
VGGFace2,n000056,Adam_Liaw,0086_03.jpg,vggface2_balanced_100_100/n000056/0086_03.jpg
VGGFace2,n000056,Adam_Liaw,0087_01.jpg,vggface2_balanced_100_100/n000056/0087_01.jpg
VGGFace2,n000056,Adam_Liaw,0088_04.jpg,vggface2_balanced_100_100/n000056/0088_04.jpg
VGGFace2,n000056,Adam_Liaw,0089_01.jpg,vggface2_balanced_100_100/n000056/0089_01.jpg
VGGFace2,n000056,Adam_Liaw,0090_01.jpg,vggface2_balanced_100_100/n000056/0090_01.jpg
VGGFace2,n000056,Adam_Liaw,0091_02.jpg,vggface2_balanced_100_100/n000056/0091_02.jpg
VGGFace2,n000056,Adam_Liaw,0092_02.jpg,vggface2_balanced_100_100/n000056/0092_02.jpg
VGGFace2,n000056,Adam_Liaw,0093_01.jpg,vggface2_balanced_100_100/n000056/0093_01.jpg
VGGFace2,n000056,Adam_Liaw,0093_03.jpg,vggface2_balanced_100_100/n000056/0093_03.jpg
VGGFace2,n000056,Adam_Liaw,0094_01.jpg,vggface2_balanced_100_100/n000056/0094_01.jpg
VGGFace2,n000056,Adam_Liaw,0095_01.jpg,vggface2_balanced_100_100/n000056/0095_01.jpg
VGGFace2,n000056,Adam_Liaw,0096_01.jpg,vggface2_balanced_100_100/n000056/0096_01.jpg
VGGFace2,n000056,Adam_Liaw,0096_02.jpg,vggface2_balanced_100_100/n000056/0096_02.jpg
VGGFace2,n000057,Adam_Michnik,0001_01.jpg,vggface2_balanced_100_100/n000057/0001_01.jpg
VGGFace2,n000057,Adam_Michnik,0002_01.jpg,vggface2_balanced_100_100/n000057/0002_01.jpg
VGGFace2,n000057,Adam_Michnik,0003_01.jpg,vggface2_balanced_100_100/n000057/0003_01.jpg
VGGFace2,n000057,Adam_Michnik,0004_01.jpg,vggface2_balanced_100_100/n000057/0004_01.jpg
VGGFace2,n000057,Adam_Michnik,0005_01.jpg,vggface2_balanced_100_100/n000057/0005_01.jpg
VGGFace2,n000057,Adam_Michnik,0006_01.jpg,vggface2_balanced_100_100/n000057/0006_01.jpg
VGGFace2,n000057,Adam_Michnik,0007_01.jpg,vggface2_balanced_100_100/n000057/0007_01.jpg
VGGFace2,n000057,Adam_Michnik,0008_01.jpg,vggface2_balanced_100_100/n000057/0008_01.jpg
VGGFace2,n000057,Adam_Michnik,0009_01.jpg,vggface2_balanced_100_100/n000057/0009_01.jpg
VGGFace2,n000057,Adam_Michnik,0010_01.jpg,vggface2_balanced_100_100/n000057/0010_01.jpg
VGGFace2,n000057,Adam_Michnik,0011_01.jpg,vggface2_balanced_100_100/n000057/0011_01.jpg
VGGFace2,n000057,Adam_Michnik,0012_01.jpg,vggface2_balanced_100_100/n000057/0012_01.jpg
VGGFace2,n000057,Adam_Michnik,0013_01.jpg,vggface2_balanced_100_100/n000057/0013_01.jpg
VGGFace2,n000057,Adam_Michnik,0014_01.jpg,vggface2_balanced_100_100/n000057/0014_01.jpg
VGGFace2,n000057,Adam_Michnik,0015_01.jpg,vggface2_balanced_100_100/n000057/0015_01.jpg
VGGFace2,n000057,Adam_Michnik,0016_01.jpg,vggface2_balanced_100_100/n000057/0016_01.jpg
VGGFace2,n000057,Adam_Michnik,0017_01.jpg,vggface2_balanced_100_100/n000057/0017_01.jpg
VGGFace2,n000057,Adam_Michnik,0019_01.jpg,vggface2_balanced_100_100/n000057/0019_01.jpg
VGGFace2,n000057,Adam_Michnik,0020_01.jpg,vggface2_balanced_100_100/n000057/0020_01.jpg
VGGFace2,n000057,Adam_Michnik,0021_01.jpg,vggface2_balanced_100_100/n000057/0021_01.jpg
VGGFace2,n000057,Adam_Michnik,0022_01.jpg,vggface2_balanced_100_100/n000057/0022_01.jpg
VGGFace2,n000057,Adam_Michnik,0023_01.jpg,vggface2_balanced_100_100/n000057/0023_01.jpg
VGGFace2,n000057,Adam_Michnik,0024_01.jpg,vggface2_balanced_100_100/n000057/0024_01.jpg
VGGFace2,n000057,Adam_Michnik,0025_01.jpg,vggface2_balanced_100_100/n000057/0025_01.jpg
VGGFace2,n000057,Adam_Michnik,0026_01.jpg,vggface2_balanced_100_100/n000057/0026_01.jpg
VGGFace2,n000057,Adam_Michnik,0027_01.jpg,vggface2_balanced_100_100/n000057/0027_01.jpg
VGGFace2,n000057,Adam_Michnik,0028_01.jpg,vggface2_balanced_100_100/n000057/0028_01.jpg
VGGFace2,n000057,Adam_Michnik,0029_01.jpg,vggface2_balanced_100_100/n000057/0029_01.jpg
VGGFace2,n000057,Adam_Michnik,0030_01.jpg,vggface2_balanced_100_100/n000057/0030_01.jpg
VGGFace2,n000057,Adam_Michnik,0031_01.jpg,vggface2_balanced_100_100/n000057/0031_01.jpg
VGGFace2,n000057,Adam_Michnik,0032_01.jpg,vggface2_balanced_100_100/n000057/0032_01.jpg
VGGFace2,n000057,Adam_Michnik,0033_01.jpg,vggface2_balanced_100_100/n000057/0033_01.jpg
VGGFace2,n000057,Adam_Michnik,0034_01.jpg,vggface2_balanced_100_100/n000057/0034_01.jpg
VGGFace2,n000057,Adam_Michnik,0035_02.jpg,vggface2_balanced_100_100/n000057/0035_02.jpg
VGGFace2,n000057,Adam_Michnik,0036_01.jpg,vggface2_balanced_100_100/n000057/0036_01.jpg
VGGFace2,n000057,Adam_Michnik,0037_02.jpg,vggface2_balanced_100_100/n000057/0037_02.jpg
VGGFace2,n000057,Adam_Michnik,0038_01.jpg,vggface2_balanced_100_100/n000057/0038_01.jpg
VGGFace2,n000057,Adam_Michnik,0039_02.jpg,vggface2_balanced_100_100/n000057/0039_02.jpg
VGGFace2,n000057,Adam_Michnik,0040_01.jpg,vggface2_balanced_100_100/n000057/0040_01.jpg
VGGFace2,n000057,Adam_Michnik,0041_01.jpg,vggface2_balanced_100_100/n000057/0041_01.jpg
VGGFace2,n000057,Adam_Michnik,0042_01.jpg,vggface2_balanced_100_100/n000057/0042_01.jpg
VGGFace2,n000057,Adam_Michnik,0043_01.jpg,vggface2_balanced_100_100/n000057/0043_01.jpg
VGGFace2,n000057,Adam_Michnik,0044_01.jpg,vggface2_balanced_100_100/n000057/0044_01.jpg
VGGFace2,n000057,Adam_Michnik,0045_01.jpg,vggface2_balanced_100_100/n000057/0045_01.jpg
VGGFace2,n000057,Adam_Michnik,0046_01.jpg,vggface2_balanced_100_100/n000057/0046_01.jpg
VGGFace2,n000057,Adam_Michnik,0047_01.jpg,vggface2_balanced_100_100/n000057/0047_01.jpg
VGGFace2,n000057,Adam_Michnik,0048_01.jpg,vggface2_balanced_100_100/n000057/0048_01.jpg
VGGFace2,n000057,Adam_Michnik,0049_01.jpg,vggface2_balanced_100_100/n000057/0049_01.jpg
VGGFace2,n000057,Adam_Michnik,0050_01.jpg,vggface2_balanced_100_100/n000057/0050_01.jpg
VGGFace2,n000057,Adam_Michnik,0051_02.jpg,vggface2_balanced_100_100/n000057/0051_02.jpg
VGGFace2,n000057,Adam_Michnik,0052_01.jpg,vggface2_balanced_100_100/n000057/0052_01.jpg
VGGFace2,n000057,Adam_Michnik,0053_01.jpg,vggface2_balanced_100_100/n000057/0053_01.jpg
VGGFace2,n000057,Adam_Michnik,0054_01.jpg,vggface2_balanced_100_100/n000057/0054_01.jpg
VGGFace2,n000057,Adam_Michnik,0055_01.jpg,vggface2_balanced_100_100/n000057/0055_01.jpg
VGGFace2,n000057,Adam_Michnik,0056_01.jpg,vggface2_balanced_100_100/n000057/0056_01.jpg
VGGFace2,n000057,Adam_Michnik,0057_02.jpg,vggface2_balanced_100_100/n000057/0057_02.jpg
VGGFace2,n000057,Adam_Michnik,0058_01.jpg,vggface2_balanced_100_100/n000057/0058_01.jpg
VGGFace2,n000057,Adam_Michnik,0059_01.jpg,vggface2_balanced_100_100/n000057/0059_01.jpg
VGGFace2,n000057,Adam_Michnik,0060_01.jpg,vggface2_balanced_100_100/n000057/0060_01.jpg
VGGFace2,n000057,Adam_Michnik,0061_01.jpg,vggface2_balanced_100_100/n000057/0061_01.jpg
VGGFace2,n000057,Adam_Michnik,0062_02.jpg,vggface2_balanced_100_100/n000057/0062_02.jpg
VGGFace2,n000057,Adam_Michnik,0063_01.jpg,vggface2_balanced_100_100/n000057/0063_01.jpg
VGGFace2,n000057,Adam_Michnik,0064_01.jpg,vggface2_balanced_100_100/n000057/0064_01.jpg
VGGFace2,n000057,Adam_Michnik,0065_01.jpg,vggface2_balanced_100_100/n000057/0065_01.jpg
VGGFace2,n000057,Adam_Michnik,0066_01.jpg,vggface2_balanced_100_100/n000057/0066_01.jpg
VGGFace2,n000057,Adam_Michnik,0067_01.jpg,vggface2_balanced_100_100/n000057/0067_01.jpg
VGGFace2,n000057,Adam_Michnik,0068_01.jpg,vggface2_balanced_100_100/n000057/0068_01.jpg
VGGFace2,n000057,Adam_Michnik,0069_01.jpg,vggface2_balanced_100_100/n000057/0069_01.jpg
VGGFace2,n000057,Adam_Michnik,0070_01.jpg,vggface2_balanced_100_100/n000057/0070_01.jpg
VGGFace2,n000057,Adam_Michnik,0071_01.jpg,vggface2_balanced_100_100/n000057/0071_01.jpg
VGGFace2,n000057,Adam_Michnik,0072_01.jpg,vggface2_balanced_100_100/n000057/0072_01.jpg
VGGFace2,n000057,Adam_Michnik,0073_01.jpg,vggface2_balanced_100_100/n000057/0073_01.jpg
VGGFace2,n000057,Adam_Michnik,0074_01.jpg,vggface2_balanced_100_100/n000057/0074_01.jpg
VGGFace2,n000057,Adam_Michnik,0075_01.jpg,vggface2_balanced_100_100/n000057/0075_01.jpg
VGGFace2,n000057,Adam_Michnik,0076_03.jpg,vggface2_balanced_100_100/n000057/0076_03.jpg
VGGFace2,n000057,Adam_Michnik,0077_01.jpg,vggface2_balanced_100_100/n000057/0077_01.jpg
VGGFace2,n000057,Adam_Michnik,0078_01.jpg,vggface2_balanced_100_100/n000057/0078_01.jpg
VGGFace2,n000057,Adam_Michnik,0079_02.jpg,vggface2_balanced_100_100/n000057/0079_02.jpg
VGGFace2,n000057,Adam_Michnik,0080_01.jpg,vggface2_balanced_100_100/n000057/0080_01.jpg
VGGFace2,n000057,Adam_Michnik,0081_01.jpg,vggface2_balanced_100_100/n000057/0081_01.jpg
VGGFace2,n000057,Adam_Michnik,0082_01.jpg,vggface2_balanced_100_100/n000057/0082_01.jpg
VGGFace2,n000057,Adam_Michnik,0083_01.jpg,vggface2_balanced_100_100/n000057/0083_01.jpg
VGGFace2,n000057,Adam_Michnik,0084_01.jpg,vggface2_balanced_100_100/n000057/0084_01.jpg
VGGFace2,n000057,Adam_Michnik,0085_01.jpg,vggface2_balanced_100_100/n000057/0085_01.jpg
VGGFace2,n000057,Adam_Michnik,0086_01.jpg,vggface2_balanced_100_100/n000057/0086_01.jpg
VGGFace2,n000057,Adam_Michnik,0087_01.jpg,vggface2_balanced_100_100/n000057/0087_01.jpg
VGGFace2,n000057,Adam_Michnik,0088_01.jpg,vggface2_balanced_100_100/n000057/0088_01.jpg
VGGFace2,n000057,Adam_Michnik,0089_02.jpg,vggface2_balanced_100_100/n000057/0089_02.jpg
VGGFace2,n000057,Adam_Michnik,0090_01.jpg,vggface2_balanced_100_100/n000057/0090_01.jpg
VGGFace2,n000057,Adam_Michnik,0091_02.jpg,vggface2_balanced_100_100/n000057/0091_02.jpg
VGGFace2,n000057,Adam_Michnik,0092_01.jpg,vggface2_balanced_100_100/n000057/0092_01.jpg
VGGFace2,n000057,Adam_Michnik,0093_01.jpg,vggface2_balanced_100_100/n000057/0093_01.jpg
VGGFace2,n000057,Adam_Michnik,0094_01.jpg,vggface2_balanced_100_100/n000057/0094_01.jpg
VGGFace2,n000057,Adam_Michnik,0095_01.jpg,vggface2_balanced_100_100/n000057/0095_01.jpg
VGGFace2,n000057,Adam_Michnik,0096_01.jpg,vggface2_balanced_100_100/n000057/0096_01.jpg
VGGFace2,n000057,Adam_Michnik,0097_01.jpg,vggface2_balanced_100_100/n000057/0097_01.jpg
VGGFace2,n000057,Adam_Michnik,0098_02.jpg,vggface2_balanced_100_100/n000057/0098_02.jpg
VGGFace2,n000057,Adam_Michnik,0099_01.jpg,vggface2_balanced_100_100/n000057/0099_01.jpg
VGGFace2,n000057,Adam_Michnik,0100_01.jpg,vggface2_balanced_100_100/n000057/0100_01.jpg
VGGFace2,n000057,Adam_Michnik,0101_01.jpg,vggface2_balanced_100_100/n000057/0101_01.jpg
VGGFace2,n000058,Adam_Nawałka,0001_01.jpg,vggface2_balanced_100_100/n000058/0001_01.jpg
VGGFace2,n000058,Adam_Nawałka,0002_01.jpg,vggface2_balanced_100_100/n000058/0002_01.jpg
VGGFace2,n000058,Adam_Nawałka,0003_01.jpg,vggface2_balanced_100_100/n000058/0003_01.jpg
VGGFace2,n000058,Adam_Nawałka,0004_01.jpg,vggface2_balanced_100_100/n000058/0004_01.jpg
VGGFace2,n000058,Adam_Nawałka,0005_01.jpg,vggface2_balanced_100_100/n000058/0005_01.jpg
VGGFace2,n000058,Adam_Nawałka,0006_01.jpg,vggface2_balanced_100_100/n000058/0006_01.jpg
VGGFace2,n000058,Adam_Nawałka,0007_01.jpg,vggface2_balanced_100_100/n000058/0007_01.jpg
VGGFace2,n000058,Adam_Nawałka,0008_01.jpg,vggface2_balanced_100_100/n000058/0008_01.jpg
VGGFace2,n000058,Adam_Nawałka,0009_01.jpg,vggface2_balanced_100_100/n000058/0009_01.jpg
VGGFace2,n000058,Adam_Nawałka,0010_02.jpg,vggface2_balanced_100_100/n000058/0010_02.jpg
VGGFace2,n000058,Adam_Nawałka,0011_01.jpg,vggface2_balanced_100_100/n000058/0011_01.jpg
VGGFace2,n000058,Adam_Nawałka,0012_01.jpg,vggface2_balanced_100_100/n000058/0012_01.jpg
VGGFace2,n000058,Adam_Nawałka,0013_01.jpg,vggface2_balanced_100_100/n000058/0013_01.jpg
VGGFace2,n000058,Adam_Nawałka,0014_01.jpg,vggface2_balanced_100_100/n000058/0014_01.jpg
VGGFace2,n000058,Adam_Nawałka,0015_01.jpg,vggface2_balanced_100_100/n000058/0015_01.jpg
VGGFace2,n000058,Adam_Nawałka,0016_01.jpg,vggface2_balanced_100_100/n000058/0016_01.jpg
VGGFace2,n000058,Adam_Nawałka,0017_01.jpg,vggface2_balanced_100_100/n000058/0017_01.jpg
VGGFace2,n000058,Adam_Nawałka,0018_01.jpg,vggface2_balanced_100_100/n000058/0018_01.jpg
VGGFace2,n000058,Adam_Nawałka,0019_01.jpg,vggface2_balanced_100_100/n000058/0019_01.jpg
VGGFace2,n000058,Adam_Nawałka,0020_01.jpg,vggface2_balanced_100_100/n000058/0020_01.jpg
VGGFace2,n000058,Adam_Nawałka,0021_01.jpg,vggface2_balanced_100_100/n000058/0021_01.jpg
VGGFace2,n000058,Adam_Nawałka,0022_01.jpg,vggface2_balanced_100_100/n000058/0022_01.jpg
VGGFace2,n000058,Adam_Nawałka,0023_01.jpg,vggface2_balanced_100_100/n000058/0023_01.jpg
VGGFace2,n000058,Adam_Nawałka,0024_01.jpg,vggface2_balanced_100_100/n000058/0024_01.jpg
VGGFace2,n000058,Adam_Nawałka,0025_01.jpg,vggface2_balanced_100_100/n000058/0025_01.jpg
VGGFace2,n000058,Adam_Nawałka,0026_01.jpg,vggface2_balanced_100_100/n000058/0026_01.jpg
VGGFace2,n000058,Adam_Nawałka,0027_01.jpg,vggface2_balanced_100_100/n000058/0027_01.jpg
VGGFace2,n000058,Adam_Nawałka,0028_01.jpg,vggface2_balanced_100_100/n000058/0028_01.jpg
VGGFace2,n000058,Adam_Nawałka,0029_01.jpg,vggface2_balanced_100_100/n000058/0029_01.jpg
VGGFace2,n000058,Adam_Nawałka,0030_01.jpg,vggface2_balanced_100_100/n000058/0030_01.jpg
VGGFace2,n000058,Adam_Nawałka,0031_01.jpg,vggface2_balanced_100_100/n000058/0031_01.jpg
VGGFace2,n000058,Adam_Nawałka,0032_01.jpg,vggface2_balanced_100_100/n000058/0032_01.jpg
VGGFace2,n000058,Adam_Nawałka,0033_01.jpg,vggface2_balanced_100_100/n000058/0033_01.jpg
VGGFace2,n000058,Adam_Nawałka,0034_01.jpg,vggface2_balanced_100_100/n000058/0034_01.jpg
VGGFace2,n000058,Adam_Nawałka,0035_02.jpg,vggface2_balanced_100_100/n000058/0035_02.jpg
VGGFace2,n000058,Adam_Nawałka,0036_01.jpg,vggface2_balanced_100_100/n000058/0036_01.jpg
VGGFace2,n000058,Adam_Nawałka,0037_01.jpg,vggface2_balanced_100_100/n000058/0037_01.jpg
VGGFace2,n000058,Adam_Nawałka,0038_01.jpg,vggface2_balanced_100_100/n000058/0038_01.jpg
VGGFace2,n000058,Adam_Nawałka,0039_01.jpg,vggface2_balanced_100_100/n000058/0039_01.jpg
VGGFace2,n000058,Adam_Nawałka,0040_01.jpg,vggface2_balanced_100_100/n000058/0040_01.jpg
VGGFace2,n000058,Adam_Nawałka,0041_01.jpg,vggface2_balanced_100_100/n000058/0041_01.jpg
VGGFace2,n000058,Adam_Nawałka,0042_02.jpg,vggface2_balanced_100_100/n000058/0042_02.jpg
VGGFace2,n000058,Adam_Nawałka,0043_01.jpg,vggface2_balanced_100_100/n000058/0043_01.jpg
VGGFace2,n000058,Adam_Nawałka,0044_01.jpg,vggface2_balanced_100_100/n000058/0044_01.jpg
VGGFace2,n000058,Adam_Nawałka,0045_01.jpg,vggface2_balanced_100_100/n000058/0045_01.jpg
VGGFace2,n000058,Adam_Nawałka,0046_01.jpg,vggface2_balanced_100_100/n000058/0046_01.jpg
VGGFace2,n000058,Adam_Nawałka,0047_01.jpg,vggface2_balanced_100_100/n000058/0047_01.jpg
VGGFace2,n000058,Adam_Nawałka,0048_01.jpg,vggface2_balanced_100_100/n000058/0048_01.jpg
VGGFace2,n000058,Adam_Nawałka,0049_01.jpg,vggface2_balanced_100_100/n000058/0049_01.jpg
VGGFace2,n000058,Adam_Nawałka,0050_01.jpg,vggface2_balanced_100_100/n000058/0050_01.jpg
VGGFace2,n000058,Adam_Nawałka,0051_01.jpg,vggface2_balanced_100_100/n000058/0051_01.jpg
VGGFace2,n000058,Adam_Nawałka,0052_01.jpg,vggface2_balanced_100_100/n000058/0052_01.jpg
VGGFace2,n000058,Adam_Nawałka,0053_01.jpg,vggface2_balanced_100_100/n000058/0053_01.jpg
VGGFace2,n000058,Adam_Nawałka,0054_01.jpg,vggface2_balanced_100_100/n000058/0054_01.jpg
VGGFace2,n000058,Adam_Nawałka,0055_01.jpg,vggface2_balanced_100_100/n000058/0055_01.jpg
VGGFace2,n000058,Adam_Nawałka,0056_02.jpg,vggface2_balanced_100_100/n000058/0056_02.jpg
VGGFace2,n000058,Adam_Nawałka,0057_01.jpg,vggface2_balanced_100_100/n000058/0057_01.jpg
VGGFace2,n000058,Adam_Nawałka,0058_01.jpg,vggface2_balanced_100_100/n000058/0058_01.jpg
VGGFace2,n000058,Adam_Nawałka,0059_01.jpg,vggface2_balanced_100_100/n000058/0059_01.jpg
VGGFace2,n000058,Adam_Nawałka,0060_01.jpg,vggface2_balanced_100_100/n000058/0060_01.jpg
VGGFace2,n000058,Adam_Nawałka,0061_01.jpg,vggface2_balanced_100_100/n000058/0061_01.jpg
VGGFace2,n000058,Adam_Nawałka,0062_02.jpg,vggface2_balanced_100_100/n000058/0062_02.jpg
VGGFace2,n000058,Adam_Nawałka,0063_01.jpg,vggface2_balanced_100_100/n000058/0063_01.jpg
VGGFace2,n000058,Adam_Nawałka,0064_01.jpg,vggface2_balanced_100_100/n000058/0064_01.jpg
VGGFace2,n000058,Adam_Nawałka,0065_01.jpg,vggface2_balanced_100_100/n000058/0065_01.jpg
VGGFace2,n000058,Adam_Nawałka,0066_01.jpg,vggface2_balanced_100_100/n000058/0066_01.jpg
VGGFace2,n000058,Adam_Nawałka,0067_01.jpg,vggface2_balanced_100_100/n000058/0067_01.jpg
VGGFace2,n000058,Adam_Nawałka,0068_01.jpg,vggface2_balanced_100_100/n000058/0068_01.jpg
VGGFace2,n000058,Adam_Nawałka,0069_02.jpg,vggface2_balanced_100_100/n000058/0069_02.jpg
VGGFace2,n000058,Adam_Nawałka,0070_01.jpg,vggface2_balanced_100_100/n000058/0070_01.jpg
VGGFace2,n000058,Adam_Nawałka,0071_01.jpg,vggface2_balanced_100_100/n000058/0071_01.jpg
VGGFace2,n000058,Adam_Nawałka,0072_01.jpg,vggface2_balanced_100_100/n000058/0072_01.jpg
VGGFace2,n000058,Adam_Nawałka,0073_01.jpg,vggface2_balanced_100_100/n000058/0073_01.jpg
VGGFace2,n000058,Adam_Nawałka,0074_01.jpg,vggface2_balanced_100_100/n000058/0074_01.jpg
VGGFace2,n000058,Adam_Nawałka,0075_01.jpg,vggface2_balanced_100_100/n000058/0075_01.jpg
VGGFace2,n000058,Adam_Nawałka,0076_01.jpg,vggface2_balanced_100_100/n000058/0076_01.jpg
VGGFace2,n000058,Adam_Nawałka,0077_01.jpg,vggface2_balanced_100_100/n000058/0077_01.jpg
VGGFace2,n000058,Adam_Nawałka,0078_01.jpg,vggface2_balanced_100_100/n000058/0078_01.jpg
VGGFace2,n000058,Adam_Nawałka,0079_01.jpg,vggface2_balanced_100_100/n000058/0079_01.jpg
VGGFace2,n000058,Adam_Nawałka,0080_01.jpg,vggface2_balanced_100_100/n000058/0080_01.jpg
VGGFace2,n000058,Adam_Nawałka,0081_01.jpg,vggface2_balanced_100_100/n000058/0081_01.jpg
VGGFace2,n000058,Adam_Nawałka,0082_01.jpg,vggface2_balanced_100_100/n000058/0082_01.jpg
VGGFace2,n000058,Adam_Nawałka,0083_02.jpg,vggface2_balanced_100_100/n000058/0083_02.jpg
VGGFace2,n000058,Adam_Nawałka,0084_01.jpg,vggface2_balanced_100_100/n000058/0084_01.jpg
VGGFace2,n000058,Adam_Nawałka,0085_01.jpg,vggface2_balanced_100_100/n000058/0085_01.jpg
VGGFace2,n000058,Adam_Nawałka,0086_01.jpg,vggface2_balanced_100_100/n000058/0086_01.jpg
VGGFace2,n000058,Adam_Nawałka,0087_01.jpg,vggface2_balanced_100_100/n000058/0087_01.jpg
VGGFace2,n000058,Adam_Nawałka,0088_01.jpg,vggface2_balanced_100_100/n000058/0088_01.jpg
VGGFace2,n000058,Adam_Nawałka,0089_01.jpg,vggface2_balanced_100_100/n000058/0089_01.jpg
VGGFace2,n000058,Adam_Nawałka,0090_01.jpg,vggface2_balanced_100_100/n000058/0090_01.jpg
VGGFace2,n000058,Adam_Nawałka,0091_01.jpg,vggface2_balanced_100_100/n000058/0091_01.jpg
VGGFace2,n000058,Adam_Nawałka,0092_01.jpg,vggface2_balanced_100_100/n000058/0092_01.jpg
VGGFace2,n000058,Adam_Nawałka,0093_01.jpg,vggface2_balanced_100_100/n000058/0093_01.jpg
VGGFace2,n000058,Adam_Nawałka,0094_01.jpg,vggface2_balanced_100_100/n000058/0094_01.jpg
VGGFace2,n000058,Adam_Nawałka,0095_01.jpg,vggface2_balanced_100_100/n000058/0095_01.jpg
VGGFace2,n000058,Adam_Nawałka,0096_02.jpg,vggface2_balanced_100_100/n000058/0096_02.jpg
VGGFace2,n000058,Adam_Nawałka,0097_01.jpg,vggface2_balanced_100_100/n000058/0097_01.jpg
VGGFace2,n000058,Adam_Nawałka,0098_01.jpg,vggface2_balanced_100_100/n000058/0098_01.jpg
VGGFace2,n000058,Adam_Nawałka,0099_01.jpg,vggface2_balanced_100_100/n000058/0099_01.jpg
VGGFace2,n000058,Adam_Nawałka,0100_01.jpg,vggface2_balanced_100_100/n000058/0100_01.jpg
VGGFace2,n000059,Adam_Pascal,0001_01.jpg,vggface2_balanced_100_100/n000059/0001_01.jpg
VGGFace2,n000059,Adam_Pascal,0002_01.jpg,vggface2_balanced_100_100/n000059/0002_01.jpg
VGGFace2,n000059,Adam_Pascal,0003_01.jpg,vggface2_balanced_100_100/n000059/0003_01.jpg
VGGFace2,n000059,Adam_Pascal,0004_01.jpg,vggface2_balanced_100_100/n000059/0004_01.jpg
VGGFace2,n000059,Adam_Pascal,0005_01.jpg,vggface2_balanced_100_100/n000059/0005_01.jpg
VGGFace2,n000059,Adam_Pascal,0006_02.jpg,vggface2_balanced_100_100/n000059/0006_02.jpg
VGGFace2,n000059,Adam_Pascal,0007_01.jpg,vggface2_balanced_100_100/n000059/0007_01.jpg
VGGFace2,n000059,Adam_Pascal,0008_01.jpg,vggface2_balanced_100_100/n000059/0008_01.jpg
VGGFace2,n000059,Adam_Pascal,0009_01.jpg,vggface2_balanced_100_100/n000059/0009_01.jpg
VGGFace2,n000059,Adam_Pascal,0010_02.jpg,vggface2_balanced_100_100/n000059/0010_02.jpg
VGGFace2,n000059,Adam_Pascal,0011_01.jpg,vggface2_balanced_100_100/n000059/0011_01.jpg
VGGFace2,n000059,Adam_Pascal,0012_01.jpg,vggface2_balanced_100_100/n000059/0012_01.jpg
VGGFace2,n000059,Adam_Pascal,0013_01.jpg,vggface2_balanced_100_100/n000059/0013_01.jpg
VGGFace2,n000059,Adam_Pascal,0013_02.jpg,vggface2_balanced_100_100/n000059/0013_02.jpg
VGGFace2,n000059,Adam_Pascal,0014_04.jpg,vggface2_balanced_100_100/n000059/0014_04.jpg
VGGFace2,n000059,Adam_Pascal,0015_02.jpg,vggface2_balanced_100_100/n000059/0015_02.jpg
VGGFace2,n000059,Adam_Pascal,0016_02.jpg,vggface2_balanced_100_100/n000059/0016_02.jpg
VGGFace2,n000059,Adam_Pascal,0017_01.jpg,vggface2_balanced_100_100/n000059/0017_01.jpg
VGGFace2,n000059,Adam_Pascal,0017_02.jpg,vggface2_balanced_100_100/n000059/0017_02.jpg
VGGFace2,n000059,Adam_Pascal,0018_01.jpg,vggface2_balanced_100_100/n000059/0018_01.jpg
VGGFace2,n000059,Adam_Pascal,0019_01.jpg,vggface2_balanced_100_100/n000059/0019_01.jpg
VGGFace2,n000059,Adam_Pascal,0020_01.jpg,vggface2_balanced_100_100/n000059/0020_01.jpg
VGGFace2,n000059,Adam_Pascal,0021_01.jpg,vggface2_balanced_100_100/n000059/0021_01.jpg
VGGFace2,n000059,Adam_Pascal,0021_02.jpg,vggface2_balanced_100_100/n000059/0021_02.jpg
VGGFace2,n000059,Adam_Pascal,0022_01.jpg,vggface2_balanced_100_100/n000059/0022_01.jpg
VGGFace2,n000059,Adam_Pascal,0023_01.jpg,vggface2_balanced_100_100/n000059/0023_01.jpg
VGGFace2,n000059,Adam_Pascal,0024_01.jpg,vggface2_balanced_100_100/n000059/0024_01.jpg
VGGFace2,n000059,Adam_Pascal,0025_01.jpg,vggface2_balanced_100_100/n000059/0025_01.jpg
VGGFace2,n000059,Adam_Pascal,0026_01.jpg,vggface2_balanced_100_100/n000059/0026_01.jpg
VGGFace2,n000059,Adam_Pascal,0027_01.jpg,vggface2_balanced_100_100/n000059/0027_01.jpg
VGGFace2,n000059,Adam_Pascal,0028_01.jpg,vggface2_balanced_100_100/n000059/0028_01.jpg
VGGFace2,n000059,Adam_Pascal,0029_01.jpg,vggface2_balanced_100_100/n000059/0029_01.jpg
VGGFace2,n000059,Adam_Pascal,0030_01.jpg,vggface2_balanced_100_100/n000059/0030_01.jpg
VGGFace2,n000059,Adam_Pascal,0031_01.jpg,vggface2_balanced_100_100/n000059/0031_01.jpg
VGGFace2,n000059,Adam_Pascal,0032_01.jpg,vggface2_balanced_100_100/n000059/0032_01.jpg
VGGFace2,n000059,Adam_Pascal,0033_01.jpg,vggface2_balanced_100_100/n000059/0033_01.jpg
VGGFace2,n000059,Adam_Pascal,0034_01.jpg,vggface2_balanced_100_100/n000059/0034_01.jpg
VGGFace2,n000059,Adam_Pascal,0035_01.jpg,vggface2_balanced_100_100/n000059/0035_01.jpg
VGGFace2,n000059,Adam_Pascal,0036_01.jpg,vggface2_balanced_100_100/n000059/0036_01.jpg
VGGFace2,n000059,Adam_Pascal,0037_02.jpg,vggface2_balanced_100_100/n000059/0037_02.jpg
VGGFace2,n000059,Adam_Pascal,0038_01.jpg,vggface2_balanced_100_100/n000059/0038_01.jpg
VGGFace2,n000059,Adam_Pascal,0039_01.jpg,vggface2_balanced_100_100/n000059/0039_01.jpg
VGGFace2,n000059,Adam_Pascal,0040_01.jpg,vggface2_balanced_100_100/n000059/0040_01.jpg
VGGFace2,n000059,Adam_Pascal,0041_01.jpg,vggface2_balanced_100_100/n000059/0041_01.jpg
VGGFace2,n000059,Adam_Pascal,0042_01.jpg,vggface2_balanced_100_100/n000059/0042_01.jpg
VGGFace2,n000059,Adam_Pascal,0043_01.jpg,vggface2_balanced_100_100/n000059/0043_01.jpg
VGGFace2,n000059,Adam_Pascal,0044_01.jpg,vggface2_balanced_100_100/n000059/0044_01.jpg
VGGFace2,n000059,Adam_Pascal,0045_01.jpg,vggface2_balanced_100_100/n000059/0045_01.jpg
VGGFace2,n000059,Adam_Pascal,0046_01.jpg,vggface2_balanced_100_100/n000059/0046_01.jpg
VGGFace2,n000059,Adam_Pascal,0047_01.jpg,vggface2_balanced_100_100/n000059/0047_01.jpg
VGGFace2,n000059,Adam_Pascal,0048_01.jpg,vggface2_balanced_100_100/n000059/0048_01.jpg
VGGFace2,n000059,Adam_Pascal,0048_02.jpg,vggface2_balanced_100_100/n000059/0048_02.jpg
VGGFace2,n000059,Adam_Pascal,0049_01.jpg,vggface2_balanced_100_100/n000059/0049_01.jpg
VGGFace2,n000059,Adam_Pascal,0050_01.jpg,vggface2_balanced_100_100/n000059/0050_01.jpg
VGGFace2,n000059,Adam_Pascal,0051_01.jpg,vggface2_balanced_100_100/n000059/0051_01.jpg
VGGFace2,n000059,Adam_Pascal,0052_01.jpg,vggface2_balanced_100_100/n000059/0052_01.jpg
VGGFace2,n000059,Adam_Pascal,0053_01.jpg,vggface2_balanced_100_100/n000059/0053_01.jpg
VGGFace2,n000059,Adam_Pascal,0054_01.jpg,vggface2_balanced_100_100/n000059/0054_01.jpg
VGGFace2,n000059,Adam_Pascal,0055_01.jpg,vggface2_balanced_100_100/n000059/0055_01.jpg
VGGFace2,n000059,Adam_Pascal,0056_01.jpg,vggface2_balanced_100_100/n000059/0056_01.jpg
VGGFace2,n000059,Adam_Pascal,0057_01.jpg,vggface2_balanced_100_100/n000059/0057_01.jpg
VGGFace2,n000059,Adam_Pascal,0058_01.jpg,vggface2_balanced_100_100/n000059/0058_01.jpg
VGGFace2,n000059,Adam_Pascal,0058_02.jpg,vggface2_balanced_100_100/n000059/0058_02.jpg
VGGFace2,n000059,Adam_Pascal,0059_01.jpg,vggface2_balanced_100_100/n000059/0059_01.jpg
VGGFace2,n000059,Adam_Pascal,0060_01.jpg,vggface2_balanced_100_100/n000059/0060_01.jpg
VGGFace2,n000059,Adam_Pascal,0061_01.jpg,vggface2_balanced_100_100/n000059/0061_01.jpg
VGGFace2,n000059,Adam_Pascal,0062_02.jpg,vggface2_balanced_100_100/n000059/0062_02.jpg
VGGFace2,n000059,Adam_Pascal,0063_01.jpg,vggface2_balanced_100_100/n000059/0063_01.jpg
VGGFace2,n000059,Adam_Pascal,0064_04.jpg,vggface2_balanced_100_100/n000059/0064_04.jpg
VGGFace2,n000059,Adam_Pascal,0064_05.jpg,vggface2_balanced_100_100/n000059/0064_05.jpg
VGGFace2,n000059,Adam_Pascal,0064_06.jpg,vggface2_balanced_100_100/n000059/0064_06.jpg
VGGFace2,n000059,Adam_Pascal,0065_01.jpg,vggface2_balanced_100_100/n000059/0065_01.jpg
VGGFace2,n000059,Adam_Pascal,0066_02.jpg,vggface2_balanced_100_100/n000059/0066_02.jpg
VGGFace2,n000059,Adam_Pascal,0067_01.jpg,vggface2_balanced_100_100/n000059/0067_01.jpg
VGGFace2,n000059,Adam_Pascal,0068_04.jpg,vggface2_balanced_100_100/n000059/0068_04.jpg
VGGFace2,n000059,Adam_Pascal,0069_01.jpg,vggface2_balanced_100_100/n000059/0069_01.jpg
VGGFace2,n000059,Adam_Pascal,0070_01.jpg,vggface2_balanced_100_100/n000059/0070_01.jpg
VGGFace2,n000059,Adam_Pascal,0071_01.jpg,vggface2_balanced_100_100/n000059/0071_01.jpg
VGGFace2,n000059,Adam_Pascal,0072_03.jpg,vggface2_balanced_100_100/n000059/0072_03.jpg
VGGFace2,n000059,Adam_Pascal,0072_04.jpg,vggface2_balanced_100_100/n000059/0072_04.jpg
VGGFace2,n000059,Adam_Pascal,0073_01.jpg,vggface2_balanced_100_100/n000059/0073_01.jpg
VGGFace2,n000059,Adam_Pascal,0074_01.jpg,vggface2_balanced_100_100/n000059/0074_01.jpg
VGGFace2,n000059,Adam_Pascal,0075_01.jpg,vggface2_balanced_100_100/n000059/0075_01.jpg
VGGFace2,n000059,Adam_Pascal,0076_01.jpg,vggface2_balanced_100_100/n000059/0076_01.jpg
VGGFace2,n000059,Adam_Pascal,0077_01.jpg,vggface2_balanced_100_100/n000059/0077_01.jpg
VGGFace2,n000059,Adam_Pascal,0078_01.jpg,vggface2_balanced_100_100/n000059/0078_01.jpg
VGGFace2,n000059,Adam_Pascal,0079_02.jpg,vggface2_balanced_100_100/n000059/0079_02.jpg
VGGFace2,n000059,Adam_Pascal,0079_04.jpg,vggface2_balanced_100_100/n000059/0079_04.jpg
VGGFace2,n000059,Adam_Pascal,0080_01.jpg,vggface2_balanced_100_100/n000059/0080_01.jpg
VGGFace2,n000059,Adam_Pascal,0081_02.jpg,vggface2_balanced_100_100/n000059/0081_02.jpg
VGGFace2,n000059,Adam_Pascal,0082_01.jpg,vggface2_balanced_100_100/n000059/0082_01.jpg
VGGFace2,n000059,Adam_Pascal,0082_02.jpg,vggface2_balanced_100_100/n000059/0082_02.jpg
VGGFace2,n000059,Adam_Pascal,0083_01.jpg,vggface2_balanced_100_100/n000059/0083_01.jpg
VGGFace2,n000059,Adam_Pascal,0084_02.jpg,vggface2_balanced_100_100/n000059/0084_02.jpg
VGGFace2,n000059,Adam_Pascal,0085_01.jpg,vggface2_balanced_100_100/n000059/0085_01.jpg
VGGFace2,n000059,Adam_Pascal,0086_01.jpg,vggface2_balanced_100_100/n000059/0086_01.jpg
VGGFace2,n000059,Adam_Pascal,0087_01.jpg,vggface2_balanced_100_100/n000059/0087_01.jpg
VGGFace2,n000059,Adam_Pascal,0088_01.jpg,vggface2_balanced_100_100/n000059/0088_01.jpg
VGGFace2,n000059,Adam_Pascal,0089_01.jpg,vggface2_balanced_100_100/n000059/0089_01.jpg
VGGFace2,n000059,Adam_Pascal,0090_02.jpg,vggface2_balanced_100_100/n000059/0090_02.jpg
VGGFace2,n000060,Adam_Richman,0001_01.jpg,vggface2_balanced_100_100/n000060/0001_01.jpg
VGGFace2,n000060,Adam_Richman,0002_01.jpg,vggface2_balanced_100_100/n000060/0002_01.jpg
VGGFace2,n000060,Adam_Richman,0003_01.jpg,vggface2_balanced_100_100/n000060/0003_01.jpg
VGGFace2,n000060,Adam_Richman,0004_01.jpg,vggface2_balanced_100_100/n000060/0004_01.jpg
VGGFace2,n000060,Adam_Richman,0005_01.jpg,vggface2_balanced_100_100/n000060/0005_01.jpg
VGGFace2,n000060,Adam_Richman,0006_01.jpg,vggface2_balanced_100_100/n000060/0006_01.jpg
VGGFace2,n000060,Adam_Richman,0007_01.jpg,vggface2_balanced_100_100/n000060/0007_01.jpg
VGGFace2,n000060,Adam_Richman,0007_02.jpg,vggface2_balanced_100_100/n000060/0007_02.jpg
VGGFace2,n000060,Adam_Richman,0007_03.jpg,vggface2_balanced_100_100/n000060/0007_03.jpg
VGGFace2,n000060,Adam_Richman,0008_01.jpg,vggface2_balanced_100_100/n000060/0008_01.jpg
VGGFace2,n000060,Adam_Richman,0009_01.jpg,vggface2_balanced_100_100/n000060/0009_01.jpg
VGGFace2,n000060,Adam_Richman,0010_01.jpg,vggface2_balanced_100_100/n000060/0010_01.jpg
VGGFace2,n000060,Adam_Richman,0011_01.jpg,vggface2_balanced_100_100/n000060/0011_01.jpg
VGGFace2,n000060,Adam_Richman,0012_01.jpg,vggface2_balanced_100_100/n000060/0012_01.jpg
VGGFace2,n000060,Adam_Richman,0012_02.jpg,vggface2_balanced_100_100/n000060/0012_02.jpg
VGGFace2,n000060,Adam_Richman,0013_01.jpg,vggface2_balanced_100_100/n000060/0013_01.jpg
VGGFace2,n000060,Adam_Richman,0014_01.jpg,vggface2_balanced_100_100/n000060/0014_01.jpg
VGGFace2,n000060,Adam_Richman,0015_01.jpg,vggface2_balanced_100_100/n000060/0015_01.jpg
VGGFace2,n000060,Adam_Richman,0016_03.jpg,vggface2_balanced_100_100/n000060/0016_03.jpg
VGGFace2,n000060,Adam_Richman,0017_01.jpg,vggface2_balanced_100_100/n000060/0017_01.jpg
VGGFace2,n000060,Adam_Richman,0018_01.jpg,vggface2_balanced_100_100/n000060/0018_01.jpg
VGGFace2,n000060,Adam_Richman,0019_01.jpg,vggface2_balanced_100_100/n000060/0019_01.jpg
VGGFace2,n000060,Adam_Richman,0020_01.jpg,vggface2_balanced_100_100/n000060/0020_01.jpg
VGGFace2,n000060,Adam_Richman,0021_02.jpg,vggface2_balanced_100_100/n000060/0021_02.jpg
VGGFace2,n000060,Adam_Richman,0022_01.jpg,vggface2_balanced_100_100/n000060/0022_01.jpg
VGGFace2,n000060,Adam_Richman,0023_01.jpg,vggface2_balanced_100_100/n000060/0023_01.jpg
VGGFace2,n000060,Adam_Richman,0024_01.jpg,vggface2_balanced_100_100/n000060/0024_01.jpg
VGGFace2,n000060,Adam_Richman,0025_01.jpg,vggface2_balanced_100_100/n000060/0025_01.jpg
VGGFace2,n000060,Adam_Richman,0026_01.jpg,vggface2_balanced_100_100/n000060/0026_01.jpg
VGGFace2,n000060,Adam_Richman,0026_02.jpg,vggface2_balanced_100_100/n000060/0026_02.jpg
VGGFace2,n000060,Adam_Richman,0027_01.jpg,vggface2_balanced_100_100/n000060/0027_01.jpg
VGGFace2,n000060,Adam_Richman,0028_01.jpg,vggface2_balanced_100_100/n000060/0028_01.jpg
VGGFace2,n000060,Adam_Richman,0029_01.jpg,vggface2_balanced_100_100/n000060/0029_01.jpg
VGGFace2,n000060,Adam_Richman,0030_01.jpg,vggface2_balanced_100_100/n000060/0030_01.jpg
VGGFace2,n000060,Adam_Richman,0030_02.jpg,vggface2_balanced_100_100/n000060/0030_02.jpg
VGGFace2,n000060,Adam_Richman,0031_01.jpg,vggface2_balanced_100_100/n000060/0031_01.jpg
VGGFace2,n000060,Adam_Richman,0032_01.jpg,vggface2_balanced_100_100/n000060/0032_01.jpg
VGGFace2,n000060,Adam_Richman,0033_01.jpg,vggface2_balanced_100_100/n000060/0033_01.jpg
VGGFace2,n000060,Adam_Richman,0034_02.jpg,vggface2_balanced_100_100/n000060/0034_02.jpg
VGGFace2,n000060,Adam_Richman,0035_01.jpg,vggface2_balanced_100_100/n000060/0035_01.jpg
VGGFace2,n000060,Adam_Richman,0036_01.jpg,vggface2_balanced_100_100/n000060/0036_01.jpg
VGGFace2,n000060,Adam_Richman,0036_02.jpg,vggface2_balanced_100_100/n000060/0036_02.jpg
VGGFace2,n000060,Adam_Richman,0037_01.jpg,vggface2_balanced_100_100/n000060/0037_01.jpg
VGGFace2,n000060,Adam_Richman,0038_01.jpg,vggface2_balanced_100_100/n000060/0038_01.jpg
VGGFace2,n000060,Adam_Richman,0038_02.jpg,vggface2_balanced_100_100/n000060/0038_02.jpg
VGGFace2,n000060,Adam_Richman,0039_01.jpg,vggface2_balanced_100_100/n000060/0039_01.jpg
VGGFace2,n000060,Adam_Richman,0040_01.jpg,vggface2_balanced_100_100/n000060/0040_01.jpg
VGGFace2,n000060,Adam_Richman,0041_01.jpg,vggface2_balanced_100_100/n000060/0041_01.jpg
VGGFace2,n000060,Adam_Richman,0041_02.jpg,vggface2_balanced_100_100/n000060/0041_02.jpg
VGGFace2,n000060,Adam_Richman,0042_01.jpg,vggface2_balanced_100_100/n000060/0042_01.jpg
VGGFace2,n000060,Adam_Richman,0043_01.jpg,vggface2_balanced_100_100/n000060/0043_01.jpg
VGGFace2,n000060,Adam_Richman,0044_01.jpg,vggface2_balanced_100_100/n000060/0044_01.jpg
VGGFace2,n000060,Adam_Richman,0044_02.jpg,vggface2_balanced_100_100/n000060/0044_02.jpg
VGGFace2,n000060,Adam_Richman,0045_01.jpg,vggface2_balanced_100_100/n000060/0045_01.jpg
VGGFace2,n000060,Adam_Richman,0046_01.jpg,vggface2_balanced_100_100/n000060/0046_01.jpg
VGGFace2,n000060,Adam_Richman,0047_01.jpg,vggface2_balanced_100_100/n000060/0047_01.jpg
VGGFace2,n000060,Adam_Richman,0048_01.jpg,vggface2_balanced_100_100/n000060/0048_01.jpg
VGGFace2,n000060,Adam_Richman,0049_01.jpg,vggface2_balanced_100_100/n000060/0049_01.jpg
VGGFace2,n000060,Adam_Richman,0050_01.jpg,vggface2_balanced_100_100/n000060/0050_01.jpg
VGGFace2,n000060,Adam_Richman,0051_01.jpg,vggface2_balanced_100_100/n000060/0051_01.jpg
VGGFace2,n000060,Adam_Richman,0052_01.jpg,vggface2_balanced_100_100/n000060/0052_01.jpg
VGGFace2,n000060,Adam_Richman,0053_01.jpg,vggface2_balanced_100_100/n000060/0053_01.jpg
VGGFace2,n000060,Adam_Richman,0054_01.jpg,vggface2_balanced_100_100/n000060/0054_01.jpg
VGGFace2,n000060,Adam_Richman,0055_01.jpg,vggface2_balanced_100_100/n000060/0055_01.jpg
VGGFace2,n000060,Adam_Richman,0056_01.jpg,vggface2_balanced_100_100/n000060/0056_01.jpg
VGGFace2,n000060,Adam_Richman,0057_01.jpg,vggface2_balanced_100_100/n000060/0057_01.jpg
VGGFace2,n000060,Adam_Richman,0057_02.jpg,vggface2_balanced_100_100/n000060/0057_02.jpg
VGGFace2,n000060,Adam_Richman,0058_01.jpg,vggface2_balanced_100_100/n000060/0058_01.jpg
VGGFace2,n000060,Adam_Richman,0059_01.jpg,vggface2_balanced_100_100/n000060/0059_01.jpg
VGGFace2,n000060,Adam_Richman,0060_01.jpg,vggface2_balanced_100_100/n000060/0060_01.jpg
VGGFace2,n000060,Adam_Richman,0061_01.jpg,vggface2_balanced_100_100/n000060/0061_01.jpg
VGGFace2,n000060,Adam_Richman,0062_01.jpg,vggface2_balanced_100_100/n000060/0062_01.jpg
VGGFace2,n000060,Adam_Richman,0063_01.jpg,vggface2_balanced_100_100/n000060/0063_01.jpg
VGGFace2,n000060,Adam_Richman,0064_01.jpg,vggface2_balanced_100_100/n000060/0064_01.jpg
VGGFace2,n000060,Adam_Richman,0065_01.jpg,vggface2_balanced_100_100/n000060/0065_01.jpg
VGGFace2,n000060,Adam_Richman,0067_01.jpg,vggface2_balanced_100_100/n000060/0067_01.jpg
VGGFace2,n000060,Adam_Richman,0068_01.jpg,vggface2_balanced_100_100/n000060/0068_01.jpg
VGGFace2,n000060,Adam_Richman,0069_01.jpg,vggface2_balanced_100_100/n000060/0069_01.jpg
VGGFace2,n000060,Adam_Richman,0070_01.jpg,vggface2_balanced_100_100/n000060/0070_01.jpg
VGGFace2,n000060,Adam_Richman,0071_01.jpg,vggface2_balanced_100_100/n000060/0071_01.jpg
VGGFace2,n000060,Adam_Richman,0072_01.jpg,vggface2_balanced_100_100/n000060/0072_01.jpg
VGGFace2,n000060,Adam_Richman,0073_01.jpg,vggface2_balanced_100_100/n000060/0073_01.jpg
VGGFace2,n000060,Adam_Richman,0074_01.jpg,vggface2_balanced_100_100/n000060/0074_01.jpg
VGGFace2,n000060,Adam_Richman,0075_01.jpg,vggface2_balanced_100_100/n000060/0075_01.jpg
VGGFace2,n000060,Adam_Richman,0076_01.jpg,vggface2_balanced_100_100/n000060/0076_01.jpg
VGGFace2,n000060,Adam_Richman,0077_01.jpg,vggface2_balanced_100_100/n000060/0077_01.jpg
VGGFace2,n000060,Adam_Richman,0077_02.jpg,vggface2_balanced_100_100/n000060/0077_02.jpg
VGGFace2,n000060,Adam_Richman,0078_01.jpg,vggface2_balanced_100_100/n000060/0078_01.jpg
VGGFace2,n000060,Adam_Richman,0079_01.jpg,vggface2_balanced_100_100/n000060/0079_01.jpg
VGGFace2,n000060,Adam_Richman,0080_01.jpg,vggface2_balanced_100_100/n000060/0080_01.jpg
VGGFace2,n000060,Adam_Richman,0081_01.jpg,vggface2_balanced_100_100/n000060/0081_01.jpg
VGGFace2,n000060,Adam_Richman,0082_01.jpg,vggface2_balanced_100_100/n000060/0082_01.jpg
VGGFace2,n000060,Adam_Richman,0082_02.jpg,vggface2_balanced_100_100/n000060/0082_02.jpg
VGGFace2,n000060,Adam_Richman,0083_01.jpg,vggface2_balanced_100_100/n000060/0083_01.jpg
VGGFace2,n000060,Adam_Richman,0084_01.jpg,vggface2_balanced_100_100/n000060/0084_01.jpg
VGGFace2,n000060,Adam_Richman,0085_01.jpg,vggface2_balanced_100_100/n000060/0085_01.jpg
VGGFace2,n000060,Adam_Richman,0086_01.jpg,vggface2_balanced_100_100/n000060/0086_01.jpg
VGGFace2,n000060,Adam_Richman,0087_03.jpg,vggface2_balanced_100_100/n000060/0087_03.jpg
VGGFace2,n000060,Adam_Richman,0088_01.jpg,vggface2_balanced_100_100/n000060/0088_01.jpg
VGGFace2,n000060,Adam_Richman,0088_02.jpg,vggface2_balanced_100_100/n000060/0088_02.jpg
VGGFace2,n000061,Adam_Rodríguez,0001_01.jpg,vggface2_balanced_100_100/n000061/0001_01.jpg
VGGFace2,n000061,Adam_Rodríguez,0002_01.jpg,vggface2_balanced_100_100/n000061/0002_01.jpg
VGGFace2,n000061,Adam_Rodríguez,0003_02.jpg,vggface2_balanced_100_100/n000061/0003_02.jpg
VGGFace2,n000061,Adam_Rodríguez,0004_01.jpg,vggface2_balanced_100_100/n000061/0004_01.jpg
VGGFace2,n000061,Adam_Rodríguez,0005_01.jpg,vggface2_balanced_100_100/n000061/0005_01.jpg
VGGFace2,n000061,Adam_Rodríguez,0006_01.jpg,vggface2_balanced_100_100/n000061/0006_01.jpg
VGGFace2,n000061,Adam_Rodríguez,0007_01.jpg,vggface2_balanced_100_100/n000061/0007_01.jpg
VGGFace2,n000061,Adam_Rodríguez,0008_01.jpg,vggface2_balanced_100_100/n000061/0008_01.jpg
VGGFace2,n000061,Adam_Rodríguez,0009_01.jpg,vggface2_balanced_100_100/n000061/0009_01.jpg
VGGFace2,n000061,Adam_Rodríguez,0010_01.jpg,vggface2_balanced_100_100/n000061/0010_01.jpg
VGGFace2,n000061,Adam_Rodríguez,0011_01.jpg,vggface2_balanced_100_100/n000061/0011_01.jpg
VGGFace2,n000061,Adam_Rodríguez,0012_01.jpg,vggface2_balanced_100_100/n000061/0012_01.jpg
VGGFace2,n000061,Adam_Rodríguez,0013_01.jpg,vggface2_balanced_100_100/n000061/0013_01.jpg
VGGFace2,n000061,Adam_Rodríguez,0014_01.jpg,vggface2_balanced_100_100/n000061/0014_01.jpg
VGGFace2,n000061,Adam_Rodríguez,0015_01.jpg,vggface2_balanced_100_100/n000061/0015_01.jpg
VGGFace2,n000061,Adam_Rodríguez,0016_01.jpg,vggface2_balanced_100_100/n000061/0016_01.jpg
VGGFace2,n000061,Adam_Rodríguez,0016_02.jpg,vggface2_balanced_100_100/n000061/0016_02.jpg
VGGFace2,n000061,Adam_Rodríguez,0017_03.jpg,vggface2_balanced_100_100/n000061/0017_03.jpg
VGGFace2,n000061,Adam_Rodríguez,0018_01.jpg,vggface2_balanced_100_100/n000061/0018_01.jpg
VGGFace2,n000061,Adam_Rodríguez,0019_01.jpg,vggface2_balanced_100_100/n000061/0019_01.jpg
VGGFace2,n000061,Adam_Rodríguez,0020_01.jpg,vggface2_balanced_100_100/n000061/0020_01.jpg
VGGFace2,n000061,Adam_Rodríguez,0021_02.jpg,vggface2_balanced_100_100/n000061/0021_02.jpg
VGGFace2,n000061,Adam_Rodríguez,0022_01.jpg,vggface2_balanced_100_100/n000061/0022_01.jpg
VGGFace2,n000061,Adam_Rodríguez,0023_01.jpg,vggface2_balanced_100_100/n000061/0023_01.jpg
VGGFace2,n000061,Adam_Rodríguez,0024_01.jpg,vggface2_balanced_100_100/n000061/0024_01.jpg
VGGFace2,n000061,Adam_Rodríguez,0025_01.jpg,vggface2_balanced_100_100/n000061/0025_01.jpg
VGGFace2,n000061,Adam_Rodríguez,0026_01.jpg,vggface2_balanced_100_100/n000061/0026_01.jpg
VGGFace2,n000061,Adam_Rodríguez,0027_01.jpg,vggface2_balanced_100_100/n000061/0027_01.jpg
VGGFace2,n000061,Adam_Rodríguez,0028_01.jpg,vggface2_balanced_100_100/n000061/0028_01.jpg
VGGFace2,n000061,Adam_Rodríguez,0029_01.jpg,vggface2_balanced_100_100/n000061/0029_01.jpg
VGGFace2,n000061,Adam_Rodríguez,0030_01.jpg,vggface2_balanced_100_100/n000061/0030_01.jpg
VGGFace2,n000061,Adam_Rodríguez,0030_02.jpg,vggface2_balanced_100_100/n000061/0030_02.jpg
VGGFace2,n000061,Adam_Rodríguez,0031_01.jpg,vggface2_balanced_100_100/n000061/0031_01.jpg
VGGFace2,n000061,Adam_Rodríguez,0032_01.jpg,vggface2_balanced_100_100/n000061/0032_01.jpg
VGGFace2,n000061,Adam_Rodríguez,0033_01.jpg,vggface2_balanced_100_100/n000061/0033_01.jpg
VGGFace2,n000061,Adam_Rodríguez,0034_01.jpg,vggface2_balanced_100_100/n000061/0034_01.jpg
VGGFace2,n000061,Adam_Rodríguez,0035_01.jpg,vggface2_balanced_100_100/n000061/0035_01.jpg
VGGFace2,n000061,Adam_Rodríguez,0036_01.jpg,vggface2_balanced_100_100/n000061/0036_01.jpg
VGGFace2,n000061,Adam_Rodríguez,0037_01.jpg,vggface2_balanced_100_100/n000061/0037_01.jpg
VGGFace2,n000061,Adam_Rodríguez,0038_01.jpg,vggface2_balanced_100_100/n000061/0038_01.jpg
VGGFace2,n000061,Adam_Rodríguez,0039_01.jpg,vggface2_balanced_100_100/n000061/0039_01.jpg
VGGFace2,n000061,Adam_Rodríguez,0040_01.jpg,vggface2_balanced_100_100/n000061/0040_01.jpg
VGGFace2,n000061,Adam_Rodríguez,0041_01.jpg,vggface2_balanced_100_100/n000061/0041_01.jpg
VGGFace2,n000061,Adam_Rodríguez,0042_01.jpg,vggface2_balanced_100_100/n000061/0042_01.jpg
VGGFace2,n000061,Adam_Rodríguez,0043_01.jpg,vggface2_balanced_100_100/n000061/0043_01.jpg
VGGFace2,n000061,Adam_Rodríguez,0044_03.jpg,vggface2_balanced_100_100/n000061/0044_03.jpg
VGGFace2,n000061,Adam_Rodríguez,0045_01.jpg,vggface2_balanced_100_100/n000061/0045_01.jpg
VGGFace2,n000061,Adam_Rodríguez,0046_01.jpg,vggface2_balanced_100_100/n000061/0046_01.jpg
VGGFace2,n000061,Adam_Rodríguez,0047_01.jpg,vggface2_balanced_100_100/n000061/0047_01.jpg
VGGFace2,n000061,Adam_Rodríguez,0048_01.jpg,vggface2_balanced_100_100/n000061/0048_01.jpg
VGGFace2,n000061,Adam_Rodríguez,0049_01.jpg,vggface2_balanced_100_100/n000061/0049_01.jpg
VGGFace2,n000061,Adam_Rodríguez,0050_01.jpg,vggface2_balanced_100_100/n000061/0050_01.jpg
VGGFace2,n000061,Adam_Rodríguez,0051_01.jpg,vggface2_balanced_100_100/n000061/0051_01.jpg
VGGFace2,n000061,Adam_Rodríguez,0052_01.jpg,vggface2_balanced_100_100/n000061/0052_01.jpg
VGGFace2,n000061,Adam_Rodríguez,0053_01.jpg,vggface2_balanced_100_100/n000061/0053_01.jpg
VGGFace2,n000061,Adam_Rodríguez,0054_01.jpg,vggface2_balanced_100_100/n000061/0054_01.jpg
VGGFace2,n000061,Adam_Rodríguez,0055_01.jpg,vggface2_balanced_100_100/n000061/0055_01.jpg
VGGFace2,n000061,Adam_Rodríguez,0056_01.jpg,vggface2_balanced_100_100/n000061/0056_01.jpg
VGGFace2,n000061,Adam_Rodríguez,0057_01.jpg,vggface2_balanced_100_100/n000061/0057_01.jpg
VGGFace2,n000061,Adam_Rodríguez,0058_01.jpg,vggface2_balanced_100_100/n000061/0058_01.jpg
VGGFace2,n000061,Adam_Rodríguez,0059_01.jpg,vggface2_balanced_100_100/n000061/0059_01.jpg
VGGFace2,n000061,Adam_Rodríguez,0059_02.jpg,vggface2_balanced_100_100/n000061/0059_02.jpg
VGGFace2,n000061,Adam_Rodríguez,0060_01.jpg,vggface2_balanced_100_100/n000061/0060_01.jpg
VGGFace2,n000061,Adam_Rodríguez,0061_01.jpg,vggface2_balanced_100_100/n000061/0061_01.jpg
VGGFace2,n000061,Adam_Rodríguez,0062_01.jpg,vggface2_balanced_100_100/n000061/0062_01.jpg
VGGFace2,n000061,Adam_Rodríguez,0063_01.jpg,vggface2_balanced_100_100/n000061/0063_01.jpg
VGGFace2,n000061,Adam_Rodríguez,0064_01.jpg,vggface2_balanced_100_100/n000061/0064_01.jpg
VGGFace2,n000061,Adam_Rodríguez,0065_01.jpg,vggface2_balanced_100_100/n000061/0065_01.jpg
VGGFace2,n000061,Adam_Rodríguez,0066_01.jpg,vggface2_balanced_100_100/n000061/0066_01.jpg
VGGFace2,n000061,Adam_Rodríguez,0067_01.jpg,vggface2_balanced_100_100/n000061/0067_01.jpg
VGGFace2,n000061,Adam_Rodríguez,0068_01.jpg,vggface2_balanced_100_100/n000061/0068_01.jpg
VGGFace2,n000061,Adam_Rodríguez,0069_01.jpg,vggface2_balanced_100_100/n000061/0069_01.jpg
VGGFace2,n000061,Adam_Rodríguez,0070_01.jpg,vggface2_balanced_100_100/n000061/0070_01.jpg
VGGFace2,n000061,Adam_Rodríguez,0071_01.jpg,vggface2_balanced_100_100/n000061/0071_01.jpg
VGGFace2,n000061,Adam_Rodríguez,0072_01.jpg,vggface2_balanced_100_100/n000061/0072_01.jpg
VGGFace2,n000061,Adam_Rodríguez,0073_01.jpg,vggface2_balanced_100_100/n000061/0073_01.jpg
VGGFace2,n000061,Adam_Rodríguez,0074_01.jpg,vggface2_balanced_100_100/n000061/0074_01.jpg
VGGFace2,n000061,Adam_Rodríguez,0075_01.jpg,vggface2_balanced_100_100/n000061/0075_01.jpg
VGGFace2,n000061,Adam_Rodríguez,0076_01.jpg,vggface2_balanced_100_100/n000061/0076_01.jpg
VGGFace2,n000061,Adam_Rodríguez,0077_01.jpg,vggface2_balanced_100_100/n000061/0077_01.jpg
VGGFace2,n000061,Adam_Rodríguez,0078_02.jpg,vggface2_balanced_100_100/n000061/0078_02.jpg
VGGFace2,n000061,Adam_Rodríguez,0079_01.jpg,vggface2_balanced_100_100/n000061/0079_01.jpg
VGGFace2,n000061,Adam_Rodríguez,0081_01.jpg,vggface2_balanced_100_100/n000061/0081_01.jpg
VGGFace2,n000061,Adam_Rodríguez,0082_01.jpg,vggface2_balanced_100_100/n000061/0082_01.jpg
VGGFace2,n000061,Adam_Rodríguez,0083_01.jpg,vggface2_balanced_100_100/n000061/0083_01.jpg
VGGFace2,n000061,Adam_Rodríguez,0084_01.jpg,vggface2_balanced_100_100/n000061/0084_01.jpg
VGGFace2,n000061,Adam_Rodríguez,0085_02.jpg,vggface2_balanced_100_100/n000061/0085_02.jpg
VGGFace2,n000061,Adam_Rodríguez,0086_01.jpg,vggface2_balanced_100_100/n000061/0086_01.jpg
VGGFace2,n000061,Adam_Rodríguez,0087_01.jpg,vggface2_balanced_100_100/n000061/0087_01.jpg
VGGFace2,n000061,Adam_Rodríguez,0088_01.jpg,vggface2_balanced_100_100/n000061/0088_01.jpg
VGGFace2,n000061,Adam_Rodríguez,0089_01.jpg,vggface2_balanced_100_100/n000061/0089_01.jpg
VGGFace2,n000061,Adam_Rodríguez,0090_02.jpg,vggface2_balanced_100_100/n000061/0090_02.jpg
VGGFace2,n000061,Adam_Rodríguez,0091_01.jpg,vggface2_balanced_100_100/n000061/0091_01.jpg
VGGFace2,n000061,Adam_Rodríguez,0092_01.jpg,vggface2_balanced_100_100/n000061/0092_01.jpg
VGGFace2,n000061,Adam_Rodríguez,0092_02.jpg,vggface2_balanced_100_100/n000061/0092_02.jpg
VGGFace2,n000061,Adam_Rodríguez,0092_03.jpg,vggface2_balanced_100_100/n000061/0092_03.jpg
VGGFace2,n000061,Adam_Rodríguez,0092_04.jpg,vggface2_balanced_100_100/n000061/0092_04.jpg
VGGFace2,n000061,Adam_Rodríguez,0092_05.jpg,vggface2_balanced_100_100/n000061/0092_05.jpg
VGGFace2,n000061,Adam_Rodríguez,0093_01.jpg,vggface2_balanced_100_100/n000061/0093_01.jpg
VGGFace2,n000061,Adam_Rodríguez,0094_01.jpg,vggface2_balanced_100_100/n000061/0094_01.jpg
VGGFace2,n000062,Adam_Schiff,0001_01.jpg,vggface2_balanced_100_100/n000062/0001_01.jpg
VGGFace2,n000062,Adam_Schiff,0002_01.jpg,vggface2_balanced_100_100/n000062/0002_01.jpg
VGGFace2,n000062,Adam_Schiff,0003_01.jpg,vggface2_balanced_100_100/n000062/0003_01.jpg
VGGFace2,n000062,Adam_Schiff,0004_01.jpg,vggface2_balanced_100_100/n000062/0004_01.jpg
VGGFace2,n000062,Adam_Schiff,0005_01.jpg,vggface2_balanced_100_100/n000062/0005_01.jpg
VGGFace2,n000062,Adam_Schiff,0006_01.jpg,vggface2_balanced_100_100/n000062/0006_01.jpg
VGGFace2,n000062,Adam_Schiff,0007_01.jpg,vggface2_balanced_100_100/n000062/0007_01.jpg
VGGFace2,n000062,Adam_Schiff,0008_01.jpg,vggface2_balanced_100_100/n000062/0008_01.jpg
VGGFace2,n000062,Adam_Schiff,0009_01.jpg,vggface2_balanced_100_100/n000062/0009_01.jpg
VGGFace2,n000062,Adam_Schiff,0010_01.jpg,vggface2_balanced_100_100/n000062/0010_01.jpg
VGGFace2,n000062,Adam_Schiff,0011_01.jpg,vggface2_balanced_100_100/n000062/0011_01.jpg
VGGFace2,n000062,Adam_Schiff,0012_01.jpg,vggface2_balanced_100_100/n000062/0012_01.jpg
VGGFace2,n000062,Adam_Schiff,0013_01.jpg,vggface2_balanced_100_100/n000062/0013_01.jpg
VGGFace2,n000062,Adam_Schiff,0014_01.jpg,vggface2_balanced_100_100/n000062/0014_01.jpg
VGGFace2,n000062,Adam_Schiff,0015_01.jpg,vggface2_balanced_100_100/n000062/0015_01.jpg
VGGFace2,n000062,Adam_Schiff,0016_01.jpg,vggface2_balanced_100_100/n000062/0016_01.jpg
VGGFace2,n000062,Adam_Schiff,0017_01.jpg,vggface2_balanced_100_100/n000062/0017_01.jpg
VGGFace2,n000062,Adam_Schiff,0018_02.jpg,vggface2_balanced_100_100/n000062/0018_02.jpg
VGGFace2,n000062,Adam_Schiff,0019_01.jpg,vggface2_balanced_100_100/n000062/0019_01.jpg
VGGFace2,n000062,Adam_Schiff,0020_01.jpg,vggface2_balanced_100_100/n000062/0020_01.jpg
VGGFace2,n000062,Adam_Schiff,0021_01.jpg,vggface2_balanced_100_100/n000062/0021_01.jpg
VGGFace2,n000062,Adam_Schiff,0021_02.jpg,vggface2_balanced_100_100/n000062/0021_02.jpg
VGGFace2,n000062,Adam_Schiff,0021_03.jpg,vggface2_balanced_100_100/n000062/0021_03.jpg
VGGFace2,n000062,Adam_Schiff,0022_01.jpg,vggface2_balanced_100_100/n000062/0022_01.jpg
VGGFace2,n000062,Adam_Schiff,0023_03.jpg,vggface2_balanced_100_100/n000062/0023_03.jpg
VGGFace2,n000062,Adam_Schiff,0024_02.jpg,vggface2_balanced_100_100/n000062/0024_02.jpg
VGGFace2,n000062,Adam_Schiff,0025_02.jpg,vggface2_balanced_100_100/n000062/0025_02.jpg
VGGFace2,n000062,Adam_Schiff,0026_01.jpg,vggface2_balanced_100_100/n000062/0026_01.jpg
VGGFace2,n000062,Adam_Schiff,0027_01.jpg,vggface2_balanced_100_100/n000062/0027_01.jpg
VGGFace2,n000062,Adam_Schiff,0028_01.jpg,vggface2_balanced_100_100/n000062/0028_01.jpg
VGGFace2,n000062,Adam_Schiff,0029_02.jpg,vggface2_balanced_100_100/n000062/0029_02.jpg
VGGFace2,n000062,Adam_Schiff,0030_01.jpg,vggface2_balanced_100_100/n000062/0030_01.jpg
VGGFace2,n000062,Adam_Schiff,0031_01.jpg,vggface2_balanced_100_100/n000062/0031_01.jpg
VGGFace2,n000062,Adam_Schiff,0032_01.jpg,vggface2_balanced_100_100/n000062/0032_01.jpg
VGGFace2,n000062,Adam_Schiff,0033_01.jpg,vggface2_balanced_100_100/n000062/0033_01.jpg
VGGFace2,n000062,Adam_Schiff,0034_02.jpg,vggface2_balanced_100_100/n000062/0034_02.jpg
VGGFace2,n000062,Adam_Schiff,0035_01.jpg,vggface2_balanced_100_100/n000062/0035_01.jpg
VGGFace2,n000062,Adam_Schiff,0036_01.jpg,vggface2_balanced_100_100/n000062/0036_01.jpg
VGGFace2,n000062,Adam_Schiff,0037_02.jpg,vggface2_balanced_100_100/n000062/0037_02.jpg
VGGFace2,n000062,Adam_Schiff,0038_03.jpg,vggface2_balanced_100_100/n000062/0038_03.jpg
VGGFace2,n000062,Adam_Schiff,0039_01.jpg,vggface2_balanced_100_100/n000062/0039_01.jpg
VGGFace2,n000062,Adam_Schiff,0040_01.jpg,vggface2_balanced_100_100/n000062/0040_01.jpg
VGGFace2,n000062,Adam_Schiff,0041_02.jpg,vggface2_balanced_100_100/n000062/0041_02.jpg
VGGFace2,n000062,Adam_Schiff,0042_01.jpg,vggface2_balanced_100_100/n000062/0042_01.jpg
VGGFace2,n000062,Adam_Schiff,0042_02.jpg,vggface2_balanced_100_100/n000062/0042_02.jpg
VGGFace2,n000062,Adam_Schiff,0043_01.jpg,vggface2_balanced_100_100/n000062/0043_01.jpg
VGGFace2,n000062,Adam_Schiff,0044_01.jpg,vggface2_balanced_100_100/n000062/0044_01.jpg
VGGFace2,n000062,Adam_Schiff,0045_01.jpg,vggface2_balanced_100_100/n000062/0045_01.jpg
VGGFace2,n000062,Adam_Schiff,0046_01.jpg,vggface2_balanced_100_100/n000062/0046_01.jpg
VGGFace2,n000062,Adam_Schiff,0047_01.jpg,vggface2_balanced_100_100/n000062/0047_01.jpg
VGGFace2,n000062,Adam_Schiff,0048_03.jpg,vggface2_balanced_100_100/n000062/0048_03.jpg
VGGFace2,n000062,Adam_Schiff,0049_02.jpg,vggface2_balanced_100_100/n000062/0049_02.jpg
VGGFace2,n000062,Adam_Schiff,0050_01.jpg,vggface2_balanced_100_100/n000062/0050_01.jpg
VGGFace2,n000062,Adam_Schiff,0051_02.jpg,vggface2_balanced_100_100/n000062/0051_02.jpg
VGGFace2,n000062,Adam_Schiff,0052_01.jpg,vggface2_balanced_100_100/n000062/0052_01.jpg
VGGFace2,n000062,Adam_Schiff,0053_02.jpg,vggface2_balanced_100_100/n000062/0053_02.jpg
VGGFace2,n000062,Adam_Schiff,0054_01.jpg,vggface2_balanced_100_100/n000062/0054_01.jpg
VGGFace2,n000062,Adam_Schiff,0055_01.jpg,vggface2_balanced_100_100/n000062/0055_01.jpg
VGGFace2,n000062,Adam_Schiff,0056_01.jpg,vggface2_balanced_100_100/n000062/0056_01.jpg
VGGFace2,n000062,Adam_Schiff,0057_02.jpg,vggface2_balanced_100_100/n000062/0057_02.jpg
VGGFace2,n000062,Adam_Schiff,0058_01.jpg,vggface2_balanced_100_100/n000062/0058_01.jpg
VGGFace2,n000062,Adam_Schiff,0059_01.jpg,vggface2_balanced_100_100/n000062/0059_01.jpg
VGGFace2,n000062,Adam_Schiff,0060_02.jpg,vggface2_balanced_100_100/n000062/0060_02.jpg
VGGFace2,n000062,Adam_Schiff,0061_01.jpg,vggface2_balanced_100_100/n000062/0061_01.jpg
VGGFace2,n000062,Adam_Schiff,0062_02.jpg,vggface2_balanced_100_100/n000062/0062_02.jpg
VGGFace2,n000062,Adam_Schiff,0063_01.jpg,vggface2_balanced_100_100/n000062/0063_01.jpg
VGGFace2,n000062,Adam_Schiff,0064_01.jpg,vggface2_balanced_100_100/n000062/0064_01.jpg
VGGFace2,n000062,Adam_Schiff,0065_01.jpg,vggface2_balanced_100_100/n000062/0065_01.jpg
VGGFace2,n000062,Adam_Schiff,0066_04.jpg,vggface2_balanced_100_100/n000062/0066_04.jpg
VGGFace2,n000062,Adam_Schiff,0067_01.jpg,vggface2_balanced_100_100/n000062/0067_01.jpg
VGGFace2,n000062,Adam_Schiff,0068_04.jpg,vggface2_balanced_100_100/n000062/0068_04.jpg
VGGFace2,n000062,Adam_Schiff,0069_01.jpg,vggface2_balanced_100_100/n000062/0069_01.jpg
VGGFace2,n000062,Adam_Schiff,0070_01.jpg,vggface2_balanced_100_100/n000062/0070_01.jpg
VGGFace2,n000062,Adam_Schiff,0071_01.jpg,vggface2_balanced_100_100/n000062/0071_01.jpg
VGGFace2,n000062,Adam_Schiff,0072_01.jpg,vggface2_balanced_100_100/n000062/0072_01.jpg
VGGFace2,n000062,Adam_Schiff,0073_01.jpg,vggface2_balanced_100_100/n000062/0073_01.jpg
VGGFace2,n000062,Adam_Schiff,0074_01.jpg,vggface2_balanced_100_100/n000062/0074_01.jpg
VGGFace2,n000062,Adam_Schiff,0075_01.jpg,vggface2_balanced_100_100/n000062/0075_01.jpg
VGGFace2,n000062,Adam_Schiff,0076_01.jpg,vggface2_balanced_100_100/n000062/0076_01.jpg
VGGFace2,n000062,Adam_Schiff,0076_02.jpg,vggface2_balanced_100_100/n000062/0076_02.jpg
VGGFace2,n000062,Adam_Schiff,0078_03.jpg,vggface2_balanced_100_100/n000062/0078_03.jpg
VGGFace2,n000062,Adam_Schiff,0079_01.jpg,vggface2_balanced_100_100/n000062/0079_01.jpg
VGGFace2,n000062,Adam_Schiff,0080_06.jpg,vggface2_balanced_100_100/n000062/0080_06.jpg
VGGFace2,n000062,Adam_Schiff,0081_01.jpg,vggface2_balanced_100_100/n000062/0081_01.jpg
VGGFace2,n000062,Adam_Schiff,0082_01.jpg,vggface2_balanced_100_100/n000062/0082_01.jpg
VGGFace2,n000062,Adam_Schiff,0083_01.jpg,vggface2_balanced_100_100/n000062/0083_01.jpg
VGGFace2,n000062,Adam_Schiff,0084_03.jpg,vggface2_balanced_100_100/n000062/0084_03.jpg
VGGFace2,n000062,Adam_Schiff,0085_01.jpg,vggface2_balanced_100_100/n000062/0085_01.jpg
VGGFace2,n000062,Adam_Schiff,0086_01.jpg,vggface2_balanced_100_100/n000062/0086_01.jpg
VGGFace2,n000062,Adam_Schiff,0087_01.jpg,vggface2_balanced_100_100/n000062/0087_01.jpg
VGGFace2,n000062,Adam_Schiff,0088_01.jpg,vggface2_balanced_100_100/n000062/0088_01.jpg
VGGFace2,n000062,Adam_Schiff,0089_01.jpg,vggface2_balanced_100_100/n000062/0089_01.jpg
VGGFace2,n000062,Adam_Schiff,0090_01.jpg,vggface2_balanced_100_100/n000062/0090_01.jpg
VGGFace2,n000062,Adam_Schiff,0091_01.jpg,vggface2_balanced_100_100/n000062/0091_01.jpg
VGGFace2,n000062,Adam_Schiff,0092_02.jpg,vggface2_balanced_100_100/n000062/0092_02.jpg
VGGFace2,n000062,Adam_Schiff,0093_01.jpg,vggface2_balanced_100_100/n000062/0093_01.jpg
VGGFace2,n000062,Adam_Schiff,0094_01.jpg,vggface2_balanced_100_100/n000062/0094_01.jpg
VGGFace2,n000062,Adam_Schiff,0095_01.jpg,vggface2_balanced_100_100/n000062/0095_01.jpg
VGGFace2,n000062,Adam_Schiff,0096_04.jpg,vggface2_balanced_100_100/n000062/0096_04.jpg
VGGFace2,n000062,Adam_Schiff,0097_01.jpg,vggface2_balanced_100_100/n000062/0097_01.jpg
VGGFace2,n000063,Adam_Senn,0001_01.jpg,vggface2_balanced_100_100/n000063/0001_01.jpg
VGGFace2,n000063,Adam_Senn,0001_02.jpg,vggface2_balanced_100_100/n000063/0001_02.jpg
VGGFace2,n000063,Adam_Senn,0002_01.jpg,vggface2_balanced_100_100/n000063/0002_01.jpg
VGGFace2,n000063,Adam_Senn,0003_01.jpg,vggface2_balanced_100_100/n000063/0003_01.jpg
VGGFace2,n000063,Adam_Senn,0004_01.jpg,vggface2_balanced_100_100/n000063/0004_01.jpg
VGGFace2,n000063,Adam_Senn,0005_01.jpg,vggface2_balanced_100_100/n000063/0005_01.jpg
VGGFace2,n000063,Adam_Senn,0006_01.jpg,vggface2_balanced_100_100/n000063/0006_01.jpg
VGGFace2,n000063,Adam_Senn,0007_01.jpg,vggface2_balanced_100_100/n000063/0007_01.jpg
VGGFace2,n000063,Adam_Senn,0008_01.jpg,vggface2_balanced_100_100/n000063/0008_01.jpg
VGGFace2,n000063,Adam_Senn,0009_01.jpg,vggface2_balanced_100_100/n000063/0009_01.jpg
VGGFace2,n000063,Adam_Senn,0010_01.jpg,vggface2_balanced_100_100/n000063/0010_01.jpg
VGGFace2,n000063,Adam_Senn,0011_01.jpg,vggface2_balanced_100_100/n000063/0011_01.jpg
VGGFace2,n000063,Adam_Senn,0012_01.jpg,vggface2_balanced_100_100/n000063/0012_01.jpg
VGGFace2,n000063,Adam_Senn,0013_01.jpg,vggface2_balanced_100_100/n000063/0013_01.jpg
VGGFace2,n000063,Adam_Senn,0014_01.jpg,vggface2_balanced_100_100/n000063/0014_01.jpg
VGGFace2,n000063,Adam_Senn,0015_01.jpg,vggface2_balanced_100_100/n000063/0015_01.jpg
VGGFace2,n000063,Adam_Senn,0016_01.jpg,vggface2_balanced_100_100/n000063/0016_01.jpg
VGGFace2,n000063,Adam_Senn,0017_01.jpg,vggface2_balanced_100_100/n000063/0017_01.jpg
VGGFace2,n000063,Adam_Senn,0018_01.jpg,vggface2_balanced_100_100/n000063/0018_01.jpg
VGGFace2,n000063,Adam_Senn,0019_02.jpg,vggface2_balanced_100_100/n000063/0019_02.jpg
VGGFace2,n000063,Adam_Senn,0020_02.jpg,vggface2_balanced_100_100/n000063/0020_02.jpg
VGGFace2,n000063,Adam_Senn,0021_01.jpg,vggface2_balanced_100_100/n000063/0021_01.jpg
VGGFace2,n000063,Adam_Senn,0022_01.jpg,vggface2_balanced_100_100/n000063/0022_01.jpg
VGGFace2,n000063,Adam_Senn,0023_01.jpg,vggface2_balanced_100_100/n000063/0023_01.jpg
VGGFace2,n000063,Adam_Senn,0024_01.jpg,vggface2_balanced_100_100/n000063/0024_01.jpg
VGGFace2,n000063,Adam_Senn,0025_01.jpg,vggface2_balanced_100_100/n000063/0025_01.jpg
VGGFace2,n000063,Adam_Senn,0026_01.jpg,vggface2_balanced_100_100/n000063/0026_01.jpg
VGGFace2,n000063,Adam_Senn,0027_01.jpg,vggface2_balanced_100_100/n000063/0027_01.jpg
VGGFace2,n000063,Adam_Senn,0028_01.jpg,vggface2_balanced_100_100/n000063/0028_01.jpg
VGGFace2,n000063,Adam_Senn,0029_01.jpg,vggface2_balanced_100_100/n000063/0029_01.jpg
VGGFace2,n000063,Adam_Senn,0030_01.jpg,vggface2_balanced_100_100/n000063/0030_01.jpg
VGGFace2,n000063,Adam_Senn,0031_01.jpg,vggface2_balanced_100_100/n000063/0031_01.jpg
VGGFace2,n000063,Adam_Senn,0032_01.jpg,vggface2_balanced_100_100/n000063/0032_01.jpg
VGGFace2,n000063,Adam_Senn,0033_01.jpg,vggface2_balanced_100_100/n000063/0033_01.jpg
VGGFace2,n000063,Adam_Senn,0034_01.jpg,vggface2_balanced_100_100/n000063/0034_01.jpg
VGGFace2,n000063,Adam_Senn,0035_01.jpg,vggface2_balanced_100_100/n000063/0035_01.jpg
VGGFace2,n000063,Adam_Senn,0036_01.jpg,vggface2_balanced_100_100/n000063/0036_01.jpg
VGGFace2,n000063,Adam_Senn,0037_01.jpg,vggface2_balanced_100_100/n000063/0037_01.jpg
VGGFace2,n000063,Adam_Senn,0038_01.jpg,vggface2_balanced_100_100/n000063/0038_01.jpg
VGGFace2,n000063,Adam_Senn,0039_01.jpg,vggface2_balanced_100_100/n000063/0039_01.jpg
VGGFace2,n000063,Adam_Senn,0040_02.jpg,vggface2_balanced_100_100/n000063/0040_02.jpg
VGGFace2,n000063,Adam_Senn,0041_01.jpg,vggface2_balanced_100_100/n000063/0041_01.jpg
VGGFace2,n000063,Adam_Senn,0042_01.jpg,vggface2_balanced_100_100/n000063/0042_01.jpg
VGGFace2,n000063,Adam_Senn,0043_01.jpg,vggface2_balanced_100_100/n000063/0043_01.jpg
VGGFace2,n000063,Adam_Senn,0043_02.jpg,vggface2_balanced_100_100/n000063/0043_02.jpg
VGGFace2,n000063,Adam_Senn,0044_01.jpg,vggface2_balanced_100_100/n000063/0044_01.jpg
VGGFace2,n000063,Adam_Senn,0045_01.jpg,vggface2_balanced_100_100/n000063/0045_01.jpg
VGGFace2,n000063,Adam_Senn,0046_01.jpg,vggface2_balanced_100_100/n000063/0046_01.jpg
VGGFace2,n000063,Adam_Senn,0047_01.jpg,vggface2_balanced_100_100/n000063/0047_01.jpg
VGGFace2,n000063,Adam_Senn,0048_01.jpg,vggface2_balanced_100_100/n000063/0048_01.jpg
VGGFace2,n000063,Adam_Senn,0049_01.jpg,vggface2_balanced_100_100/n000063/0049_01.jpg
VGGFace2,n000063,Adam_Senn,0050_01.jpg,vggface2_balanced_100_100/n000063/0050_01.jpg
VGGFace2,n000063,Adam_Senn,0051_01.jpg,vggface2_balanced_100_100/n000063/0051_01.jpg
VGGFace2,n000063,Adam_Senn,0052_01.jpg,vggface2_balanced_100_100/n000063/0052_01.jpg
VGGFace2,n000063,Adam_Senn,0053_01.jpg,vggface2_balanced_100_100/n000063/0053_01.jpg
VGGFace2,n000063,Adam_Senn,0054_01.jpg,vggface2_balanced_100_100/n000063/0054_01.jpg
VGGFace2,n000063,Adam_Senn,0055_01.jpg,vggface2_balanced_100_100/n000063/0055_01.jpg
VGGFace2,n000063,Adam_Senn,0056_01.jpg,vggface2_balanced_100_100/n000063/0056_01.jpg
VGGFace2,n000063,Adam_Senn,0057_01.jpg,vggface2_balanced_100_100/n000063/0057_01.jpg
VGGFace2,n000063,Adam_Senn,0058_01.jpg,vggface2_balanced_100_100/n000063/0058_01.jpg
VGGFace2,n000063,Adam_Senn,0059_01.jpg,vggface2_balanced_100_100/n000063/0059_01.jpg
VGGFace2,n000063,Adam_Senn,0060_01.jpg,vggface2_balanced_100_100/n000063/0060_01.jpg
VGGFace2,n000063,Adam_Senn,0061_01.jpg,vggface2_balanced_100_100/n000063/0061_01.jpg
VGGFace2,n000063,Adam_Senn,0062_01.jpg,vggface2_balanced_100_100/n000063/0062_01.jpg
VGGFace2,n000063,Adam_Senn,0063_01.jpg,vggface2_balanced_100_100/n000063/0063_01.jpg
VGGFace2,n000063,Adam_Senn,0064_01.jpg,vggface2_balanced_100_100/n000063/0064_01.jpg
VGGFace2,n000063,Adam_Senn,0065_02.jpg,vggface2_balanced_100_100/n000063/0065_02.jpg
VGGFace2,n000063,Adam_Senn,0066_01.jpg,vggface2_balanced_100_100/n000063/0066_01.jpg
VGGFace2,n000063,Adam_Senn,0067_01.jpg,vggface2_balanced_100_100/n000063/0067_01.jpg
VGGFace2,n000063,Adam_Senn,0068_01.jpg,vggface2_balanced_100_100/n000063/0068_01.jpg
VGGFace2,n000063,Adam_Senn,0069_01.jpg,vggface2_balanced_100_100/n000063/0069_01.jpg
VGGFace2,n000063,Adam_Senn,0070_01.jpg,vggface2_balanced_100_100/n000063/0070_01.jpg
VGGFace2,n000063,Adam_Senn,0071_01.jpg,vggface2_balanced_100_100/n000063/0071_01.jpg
VGGFace2,n000063,Adam_Senn,0072_01.jpg,vggface2_balanced_100_100/n000063/0072_01.jpg
VGGFace2,n000063,Adam_Senn,0073_01.jpg,vggface2_balanced_100_100/n000063/0073_01.jpg
VGGFace2,n000063,Adam_Senn,0074_01.jpg,vggface2_balanced_100_100/n000063/0074_01.jpg
VGGFace2,n000063,Adam_Senn,0075_01.jpg,vggface2_balanced_100_100/n000063/0075_01.jpg
VGGFace2,n000063,Adam_Senn,0076_01.jpg,vggface2_balanced_100_100/n000063/0076_01.jpg
VGGFace2,n000063,Adam_Senn,0077_01.jpg,vggface2_balanced_100_100/n000063/0077_01.jpg
VGGFace2,n000063,Adam_Senn,0078_01.jpg,vggface2_balanced_100_100/n000063/0078_01.jpg
VGGFace2,n000063,Adam_Senn,0079_01.jpg,vggface2_balanced_100_100/n000063/0079_01.jpg
VGGFace2,n000063,Adam_Senn,0080_01.jpg,vggface2_balanced_100_100/n000063/0080_01.jpg
VGGFace2,n000063,Adam_Senn,0081_01.jpg,vggface2_balanced_100_100/n000063/0081_01.jpg
VGGFace2,n000063,Adam_Senn,0082_02.jpg,vggface2_balanced_100_100/n000063/0082_02.jpg
VGGFace2,n000063,Adam_Senn,0083_01.jpg,vggface2_balanced_100_100/n000063/0083_01.jpg
VGGFace2,n000063,Adam_Senn,0084_03.jpg,vggface2_balanced_100_100/n000063/0084_03.jpg
VGGFace2,n000063,Adam_Senn,0085_01.jpg,vggface2_balanced_100_100/n000063/0085_01.jpg
VGGFace2,n000063,Adam_Senn,0086_01.jpg,vggface2_balanced_100_100/n000063/0086_01.jpg
VGGFace2,n000063,Adam_Senn,0087_01.jpg,vggface2_balanced_100_100/n000063/0087_01.jpg
VGGFace2,n000063,Adam_Senn,0088_01.jpg,vggface2_balanced_100_100/n000063/0088_01.jpg
VGGFace2,n000063,Adam_Senn,0089_01.jpg,vggface2_balanced_100_100/n000063/0089_01.jpg
VGGFace2,n000063,Adam_Senn,0090_01.jpg,vggface2_balanced_100_100/n000063/0090_01.jpg
VGGFace2,n000063,Adam_Senn,0091_01.jpg,vggface2_balanced_100_100/n000063/0091_01.jpg
VGGFace2,n000063,Adam_Senn,0092_01.jpg,vggface2_balanced_100_100/n000063/0092_01.jpg
VGGFace2,n000063,Adam_Senn,0093_01.jpg,vggface2_balanced_100_100/n000063/0093_01.jpg
VGGFace2,n000063,Adam_Senn,0094_01.jpg,vggface2_balanced_100_100/n000063/0094_01.jpg
VGGFace2,n000063,Adam_Senn,0095_01.jpg,vggface2_balanced_100_100/n000063/0095_01.jpg
VGGFace2,n000063,Adam_Senn,0096_01.jpg,vggface2_balanced_100_100/n000063/0096_01.jpg
VGGFace2,n000063,Adam_Senn,0097_01.jpg,vggface2_balanced_100_100/n000063/0097_01.jpg
VGGFace2,n000063,Adam_Senn,0098_01.jpg,vggface2_balanced_100_100/n000063/0098_01.jpg
VGGFace2,n000064,Adam_Silver,0001_01.jpg,vggface2_balanced_100_100/n000064/0001_01.jpg
VGGFace2,n000064,Adam_Silver,0002_01.jpg,vggface2_balanced_100_100/n000064/0002_01.jpg
VGGFace2,n000064,Adam_Silver,0003_01.jpg,vggface2_balanced_100_100/n000064/0003_01.jpg
VGGFace2,n000064,Adam_Silver,0004_01.jpg,vggface2_balanced_100_100/n000064/0004_01.jpg
VGGFace2,n000064,Adam_Silver,0005_01.jpg,vggface2_balanced_100_100/n000064/0005_01.jpg
VGGFace2,n000064,Adam_Silver,0006_01.jpg,vggface2_balanced_100_100/n000064/0006_01.jpg
VGGFace2,n000064,Adam_Silver,0007_01.jpg,vggface2_balanced_100_100/n000064/0007_01.jpg
VGGFace2,n000064,Adam_Silver,0008_01.jpg,vggface2_balanced_100_100/n000064/0008_01.jpg
VGGFace2,n000064,Adam_Silver,0009_01.jpg,vggface2_balanced_100_100/n000064/0009_01.jpg
VGGFace2,n000064,Adam_Silver,0010_01.jpg,vggface2_balanced_100_100/n000064/0010_01.jpg
VGGFace2,n000064,Adam_Silver,0011_01.jpg,vggface2_balanced_100_100/n000064/0011_01.jpg
VGGFace2,n000064,Adam_Silver,0012_01.jpg,vggface2_balanced_100_100/n000064/0012_01.jpg
VGGFace2,n000064,Adam_Silver,0013_01.jpg,vggface2_balanced_100_100/n000064/0013_01.jpg
VGGFace2,n000064,Adam_Silver,0014_01.jpg,vggface2_balanced_100_100/n000064/0014_01.jpg
VGGFace2,n000064,Adam_Silver,0015_02.jpg,vggface2_balanced_100_100/n000064/0015_02.jpg
VGGFace2,n000064,Adam_Silver,0016_01.jpg,vggface2_balanced_100_100/n000064/0016_01.jpg
VGGFace2,n000064,Adam_Silver,0017_02.jpg,vggface2_balanced_100_100/n000064/0017_02.jpg
VGGFace2,n000064,Adam_Silver,0018_01.jpg,vggface2_balanced_100_100/n000064/0018_01.jpg
VGGFace2,n000064,Adam_Silver,0019_01.jpg,vggface2_balanced_100_100/n000064/0019_01.jpg
VGGFace2,n000064,Adam_Silver,0020_01.jpg,vggface2_balanced_100_100/n000064/0020_01.jpg
VGGFace2,n000064,Adam_Silver,0021_01.jpg,vggface2_balanced_100_100/n000064/0021_01.jpg
VGGFace2,n000064,Adam_Silver,0022_02.jpg,vggface2_balanced_100_100/n000064/0022_02.jpg
VGGFace2,n000064,Adam_Silver,0023_01.jpg,vggface2_balanced_100_100/n000064/0023_01.jpg
VGGFace2,n000064,Adam_Silver,0024_01.jpg,vggface2_balanced_100_100/n000064/0024_01.jpg
VGGFace2,n000064,Adam_Silver,0025_02.jpg,vggface2_balanced_100_100/n000064/0025_02.jpg
VGGFace2,n000064,Adam_Silver,0026_01.jpg,vggface2_balanced_100_100/n000064/0026_01.jpg
VGGFace2,n000064,Adam_Silver,0027_01.jpg,vggface2_balanced_100_100/n000064/0027_01.jpg
VGGFace2,n000064,Adam_Silver,0028_01.jpg,vggface2_balanced_100_100/n000064/0028_01.jpg
VGGFace2,n000064,Adam_Silver,0029_01.jpg,vggface2_balanced_100_100/n000064/0029_01.jpg
VGGFace2,n000064,Adam_Silver,0030_01.jpg,vggface2_balanced_100_100/n000064/0030_01.jpg
VGGFace2,n000064,Adam_Silver,0031_02.jpg,vggface2_balanced_100_100/n000064/0031_02.jpg
VGGFace2,n000064,Adam_Silver,0032_02.jpg,vggface2_balanced_100_100/n000064/0032_02.jpg
VGGFace2,n000064,Adam_Silver,0033_01.jpg,vggface2_balanced_100_100/n000064/0033_01.jpg
VGGFace2,n000064,Adam_Silver,0034_01.jpg,vggface2_balanced_100_100/n000064/0034_01.jpg
VGGFace2,n000064,Adam_Silver,0035_01.jpg,vggface2_balanced_100_100/n000064/0035_01.jpg
VGGFace2,n000064,Adam_Silver,0036_01.jpg,vggface2_balanced_100_100/n000064/0036_01.jpg
VGGFace2,n000064,Adam_Silver,0037_01.jpg,vggface2_balanced_100_100/n000064/0037_01.jpg
VGGFace2,n000064,Adam_Silver,0038_01.jpg,vggface2_balanced_100_100/n000064/0038_01.jpg
VGGFace2,n000064,Adam_Silver,0039_01.jpg,vggface2_balanced_100_100/n000064/0039_01.jpg
VGGFace2,n000064,Adam_Silver,0040_01.jpg,vggface2_balanced_100_100/n000064/0040_01.jpg
VGGFace2,n000064,Adam_Silver,0041_01.jpg,vggface2_balanced_100_100/n000064/0041_01.jpg
VGGFace2,n000064,Adam_Silver,0042_01.jpg,vggface2_balanced_100_100/n000064/0042_01.jpg
VGGFace2,n000064,Adam_Silver,0043_01.jpg,vggface2_balanced_100_100/n000064/0043_01.jpg
VGGFace2,n000064,Adam_Silver,0044_01.jpg,vggface2_balanced_100_100/n000064/0044_01.jpg
VGGFace2,n000064,Adam_Silver,0045_01.jpg,vggface2_balanced_100_100/n000064/0045_01.jpg
VGGFace2,n000064,Adam_Silver,0046_01.jpg,vggface2_balanced_100_100/n000064/0046_01.jpg
VGGFace2,n000064,Adam_Silver,0047_01.jpg,vggface2_balanced_100_100/n000064/0047_01.jpg
VGGFace2,n000064,Adam_Silver,0048_01.jpg,vggface2_balanced_100_100/n000064/0048_01.jpg
VGGFace2,n000064,Adam_Silver,0049_01.jpg,vggface2_balanced_100_100/n000064/0049_01.jpg
VGGFace2,n000064,Adam_Silver,0050_01.jpg,vggface2_balanced_100_100/n000064/0050_01.jpg
VGGFace2,n000064,Adam_Silver,0051_01.jpg,vggface2_balanced_100_100/n000064/0051_01.jpg
VGGFace2,n000064,Adam_Silver,0052_01.jpg,vggface2_balanced_100_100/n000064/0052_01.jpg
VGGFace2,n000064,Adam_Silver,0053_01.jpg,vggface2_balanced_100_100/n000064/0053_01.jpg
VGGFace2,n000064,Adam_Silver,0054_01.jpg,vggface2_balanced_100_100/n000064/0054_01.jpg
VGGFace2,n000064,Adam_Silver,0055_02.jpg,vggface2_balanced_100_100/n000064/0055_02.jpg
VGGFace2,n000064,Adam_Silver,0056_01.jpg,vggface2_balanced_100_100/n000064/0056_01.jpg
VGGFace2,n000064,Adam_Silver,0057_01.jpg,vggface2_balanced_100_100/n000064/0057_01.jpg
VGGFace2,n000064,Adam_Silver,0058_01.jpg,vggface2_balanced_100_100/n000064/0058_01.jpg
VGGFace2,n000064,Adam_Silver,0059_01.jpg,vggface2_balanced_100_100/n000064/0059_01.jpg
VGGFace2,n000064,Adam_Silver,0060_02.jpg,vggface2_balanced_100_100/n000064/0060_02.jpg
VGGFace2,n000064,Adam_Silver,0061_01.jpg,vggface2_balanced_100_100/n000064/0061_01.jpg
VGGFace2,n000064,Adam_Silver,0062_02.jpg,vggface2_balanced_100_100/n000064/0062_02.jpg
VGGFace2,n000064,Adam_Silver,0063_01.jpg,vggface2_balanced_100_100/n000064/0063_01.jpg
VGGFace2,n000064,Adam_Silver,0064_01.jpg,vggface2_balanced_100_100/n000064/0064_01.jpg
VGGFace2,n000064,Adam_Silver,0065_01.jpg,vggface2_balanced_100_100/n000064/0065_01.jpg
VGGFace2,n000064,Adam_Silver,0066_02.jpg,vggface2_balanced_100_100/n000064/0066_02.jpg
VGGFace2,n000064,Adam_Silver,0067_01.jpg,vggface2_balanced_100_100/n000064/0067_01.jpg
VGGFace2,n000064,Adam_Silver,0068_01.jpg,vggface2_balanced_100_100/n000064/0068_01.jpg
VGGFace2,n000064,Adam_Silver,0069_01.jpg,vggface2_balanced_100_100/n000064/0069_01.jpg
VGGFace2,n000064,Adam_Silver,0070_01.jpg,vggface2_balanced_100_100/n000064/0070_01.jpg
VGGFace2,n000064,Adam_Silver,0071_01.jpg,vggface2_balanced_100_100/n000064/0071_01.jpg
VGGFace2,n000064,Adam_Silver,0072_01.jpg,vggface2_balanced_100_100/n000064/0072_01.jpg
VGGFace2,n000064,Adam_Silver,0073_02.jpg,vggface2_balanced_100_100/n000064/0073_02.jpg
VGGFace2,n000064,Adam_Silver,0074_02.jpg,vggface2_balanced_100_100/n000064/0074_02.jpg
VGGFace2,n000064,Adam_Silver,0075_01.jpg,vggface2_balanced_100_100/n000064/0075_01.jpg
VGGFace2,n000064,Adam_Silver,0076_01.jpg,vggface2_balanced_100_100/n000064/0076_01.jpg
VGGFace2,n000064,Adam_Silver,0077_01.jpg,vggface2_balanced_100_100/n000064/0077_01.jpg
VGGFace2,n000064,Adam_Silver,0078_02.jpg,vggface2_balanced_100_100/n000064/0078_02.jpg
VGGFace2,n000064,Adam_Silver,0079_01.jpg,vggface2_balanced_100_100/n000064/0079_01.jpg
VGGFace2,n000064,Adam_Silver,0080_04.jpg,vggface2_balanced_100_100/n000064/0080_04.jpg
VGGFace2,n000064,Adam_Silver,0081_01.jpg,vggface2_balanced_100_100/n000064/0081_01.jpg
VGGFace2,n000064,Adam_Silver,0082_02.jpg,vggface2_balanced_100_100/n000064/0082_02.jpg
VGGFace2,n000064,Adam_Silver,0083_02.jpg,vggface2_balanced_100_100/n000064/0083_02.jpg
VGGFace2,n000064,Adam_Silver,0084_01.jpg,vggface2_balanced_100_100/n000064/0084_01.jpg
VGGFace2,n000064,Adam_Silver,0085_01.jpg,vggface2_balanced_100_100/n000064/0085_01.jpg
VGGFace2,n000064,Adam_Silver,0086_01.jpg,vggface2_balanced_100_100/n000064/0086_01.jpg
VGGFace2,n000064,Adam_Silver,0087_01.jpg,vggface2_balanced_100_100/n000064/0087_01.jpg
VGGFace2,n000064,Adam_Silver,0088_02.jpg,vggface2_balanced_100_100/n000064/0088_02.jpg
VGGFace2,n000064,Adam_Silver,0089_01.jpg,vggface2_balanced_100_100/n000064/0089_01.jpg
VGGFace2,n000064,Adam_Silver,0090_01.jpg,vggface2_balanced_100_100/n000064/0090_01.jpg
VGGFace2,n000064,Adam_Silver,0091_02.jpg,vggface2_balanced_100_100/n000064/0091_02.jpg
VGGFace2,n000064,Adam_Silver,0092_01.jpg,vggface2_balanced_100_100/n000064/0092_01.jpg
VGGFace2,n000064,Adam_Silver,0093_01.jpg,vggface2_balanced_100_100/n000064/0093_01.jpg
VGGFace2,n000064,Adam_Silver,0094_01.jpg,vggface2_balanced_100_100/n000064/0094_01.jpg
VGGFace2,n000064,Adam_Silver,0095_01.jpg,vggface2_balanced_100_100/n000064/0095_01.jpg
VGGFace2,n000064,Adam_Silver,0096_01.jpg,vggface2_balanced_100_100/n000064/0096_01.jpg
VGGFace2,n000064,Adam_Silver,0097_01.jpg,vggface2_balanced_100_100/n000064/0097_01.jpg
VGGFace2,n000064,Adam_Silver,0098_01.jpg,vggface2_balanced_100_100/n000064/0098_01.jpg
VGGFace2,n000064,Adam_Silver,0099_01.jpg,vggface2_balanced_100_100/n000064/0099_01.jpg
VGGFace2,n000064,Adam_Silver,0100_01.jpg,vggface2_balanced_100_100/n000064/0100_01.jpg
VGGFace2,n000065,Adam_Sztaba,0001_01.jpg,vggface2_balanced_100_100/n000065/0001_01.jpg
VGGFace2,n000065,Adam_Sztaba,0002_01.jpg,vggface2_balanced_100_100/n000065/0002_01.jpg
VGGFace2,n000065,Adam_Sztaba,0003_01.jpg,vggface2_balanced_100_100/n000065/0003_01.jpg
VGGFace2,n000065,Adam_Sztaba,0004_01.jpg,vggface2_balanced_100_100/n000065/0004_01.jpg
VGGFace2,n000065,Adam_Sztaba,0005_01.jpg,vggface2_balanced_100_100/n000065/0005_01.jpg
VGGFace2,n000065,Adam_Sztaba,0006_01.jpg,vggface2_balanced_100_100/n000065/0006_01.jpg
VGGFace2,n000065,Adam_Sztaba,0007_01.jpg,vggface2_balanced_100_100/n000065/0007_01.jpg
VGGFace2,n000065,Adam_Sztaba,0008_01.jpg,vggface2_balanced_100_100/n000065/0008_01.jpg
VGGFace2,n000065,Adam_Sztaba,0009_01.jpg,vggface2_balanced_100_100/n000065/0009_01.jpg
VGGFace2,n000065,Adam_Sztaba,0010_03.jpg,vggface2_balanced_100_100/n000065/0010_03.jpg
VGGFace2,n000065,Adam_Sztaba,0011_01.jpg,vggface2_balanced_100_100/n000065/0011_01.jpg
VGGFace2,n000065,Adam_Sztaba,0012_01.jpg,vggface2_balanced_100_100/n000065/0012_01.jpg
VGGFace2,n000065,Adam_Sztaba,0013_02.jpg,vggface2_balanced_100_100/n000065/0013_02.jpg
VGGFace2,n000065,Adam_Sztaba,0014_01.jpg,vggface2_balanced_100_100/n000065/0014_01.jpg
VGGFace2,n000065,Adam_Sztaba,0015_02.jpg,vggface2_balanced_100_100/n000065/0015_02.jpg
VGGFace2,n000065,Adam_Sztaba,0016_01.jpg,vggface2_balanced_100_100/n000065/0016_01.jpg
VGGFace2,n000065,Adam_Sztaba,0017_01.jpg,vggface2_balanced_100_100/n000065/0017_01.jpg
VGGFace2,n000065,Adam_Sztaba,0018_01.jpg,vggface2_balanced_100_100/n000065/0018_01.jpg
VGGFace2,n000065,Adam_Sztaba,0019_01.jpg,vggface2_balanced_100_100/n000065/0019_01.jpg
VGGFace2,n000065,Adam_Sztaba,0020_01.jpg,vggface2_balanced_100_100/n000065/0020_01.jpg
VGGFace2,n000065,Adam_Sztaba,0021_01.jpg,vggface2_balanced_100_100/n000065/0021_01.jpg
VGGFace2,n000065,Adam_Sztaba,0022_03.jpg,vggface2_balanced_100_100/n000065/0022_03.jpg
VGGFace2,n000065,Adam_Sztaba,0023_01.jpg,vggface2_balanced_100_100/n000065/0023_01.jpg
VGGFace2,n000065,Adam_Sztaba,0024_01.jpg,vggface2_balanced_100_100/n000065/0024_01.jpg
VGGFace2,n000065,Adam_Sztaba,0025_02.jpg,vggface2_balanced_100_100/n000065/0025_02.jpg
VGGFace2,n000065,Adam_Sztaba,0026_01.jpg,vggface2_balanced_100_100/n000065/0026_01.jpg
VGGFace2,n000065,Adam_Sztaba,0027_01.jpg,vggface2_balanced_100_100/n000065/0027_01.jpg
VGGFace2,n000065,Adam_Sztaba,0028_01.jpg,vggface2_balanced_100_100/n000065/0028_01.jpg
VGGFace2,n000065,Adam_Sztaba,0029_01.jpg,vggface2_balanced_100_100/n000065/0029_01.jpg
VGGFace2,n000065,Adam_Sztaba,0030_01.jpg,vggface2_balanced_100_100/n000065/0030_01.jpg
VGGFace2,n000065,Adam_Sztaba,0031_01.jpg,vggface2_balanced_100_100/n000065/0031_01.jpg
VGGFace2,n000065,Adam_Sztaba,0032_01.jpg,vggface2_balanced_100_100/n000065/0032_01.jpg
VGGFace2,n000065,Adam_Sztaba,0033_03.jpg,vggface2_balanced_100_100/n000065/0033_03.jpg
VGGFace2,n000065,Adam_Sztaba,0034_01.jpg,vggface2_balanced_100_100/n000065/0034_01.jpg
VGGFace2,n000065,Adam_Sztaba,0035_01.jpg,vggface2_balanced_100_100/n000065/0035_01.jpg
VGGFace2,n000065,Adam_Sztaba,0036_01.jpg,vggface2_balanced_100_100/n000065/0036_01.jpg
VGGFace2,n000065,Adam_Sztaba,0037_01.jpg,vggface2_balanced_100_100/n000065/0037_01.jpg
VGGFace2,n000065,Adam_Sztaba,0038_01.jpg,vggface2_balanced_100_100/n000065/0038_01.jpg
VGGFace2,n000065,Adam_Sztaba,0039_01.jpg,vggface2_balanced_100_100/n000065/0039_01.jpg
VGGFace2,n000065,Adam_Sztaba,0040_01.jpg,vggface2_balanced_100_100/n000065/0040_01.jpg
VGGFace2,n000065,Adam_Sztaba,0040_02.jpg,vggface2_balanced_100_100/n000065/0040_02.jpg
VGGFace2,n000065,Adam_Sztaba,0040_03.jpg,vggface2_balanced_100_100/n000065/0040_03.jpg
VGGFace2,n000065,Adam_Sztaba,0041_01.jpg,vggface2_balanced_100_100/n000065/0041_01.jpg
VGGFace2,n000065,Adam_Sztaba,0042_01.jpg,vggface2_balanced_100_100/n000065/0042_01.jpg
VGGFace2,n000065,Adam_Sztaba,0043_01.jpg,vggface2_balanced_100_100/n000065/0043_01.jpg
VGGFace2,n000065,Adam_Sztaba,0044_01.jpg,vggface2_balanced_100_100/n000065/0044_01.jpg
VGGFace2,n000065,Adam_Sztaba,0045_01.jpg,vggface2_balanced_100_100/n000065/0045_01.jpg
VGGFace2,n000065,Adam_Sztaba,0046_01.jpg,vggface2_balanced_100_100/n000065/0046_01.jpg
VGGFace2,n000065,Adam_Sztaba,0047_01.jpg,vggface2_balanced_100_100/n000065/0047_01.jpg
VGGFace2,n000065,Adam_Sztaba,0048_01.jpg,vggface2_balanced_100_100/n000065/0048_01.jpg
VGGFace2,n000065,Adam_Sztaba,0048_02.jpg,vggface2_balanced_100_100/n000065/0048_02.jpg
VGGFace2,n000065,Adam_Sztaba,0049_01.jpg,vggface2_balanced_100_100/n000065/0049_01.jpg
VGGFace2,n000065,Adam_Sztaba,0050_02.jpg,vggface2_balanced_100_100/n000065/0050_02.jpg
VGGFace2,n000065,Adam_Sztaba,0051_01.jpg,vggface2_balanced_100_100/n000065/0051_01.jpg
VGGFace2,n000065,Adam_Sztaba,0052_01.jpg,vggface2_balanced_100_100/n000065/0052_01.jpg
VGGFace2,n000065,Adam_Sztaba,0053_01.jpg,vggface2_balanced_100_100/n000065/0053_01.jpg
VGGFace2,n000065,Adam_Sztaba,0054_01.jpg,vggface2_balanced_100_100/n000065/0054_01.jpg
VGGFace2,n000065,Adam_Sztaba,0055_01.jpg,vggface2_balanced_100_100/n000065/0055_01.jpg
VGGFace2,n000065,Adam_Sztaba,0056_01.jpg,vggface2_balanced_100_100/n000065/0056_01.jpg
VGGFace2,n000065,Adam_Sztaba,0057_01.jpg,vggface2_balanced_100_100/n000065/0057_01.jpg
VGGFace2,n000065,Adam_Sztaba,0058_01.jpg,vggface2_balanced_100_100/n000065/0058_01.jpg
VGGFace2,n000065,Adam_Sztaba,0059_01.jpg,vggface2_balanced_100_100/n000065/0059_01.jpg
VGGFace2,n000065,Adam_Sztaba,0060_01.jpg,vggface2_balanced_100_100/n000065/0060_01.jpg
VGGFace2,n000065,Adam_Sztaba,0061_02.jpg,vggface2_balanced_100_100/n000065/0061_02.jpg
VGGFace2,n000065,Adam_Sztaba,0062_01.jpg,vggface2_balanced_100_100/n000065/0062_01.jpg
VGGFace2,n000065,Adam_Sztaba,0063_02.jpg,vggface2_balanced_100_100/n000065/0063_02.jpg
VGGFace2,n000065,Adam_Sztaba,0064_01.jpg,vggface2_balanced_100_100/n000065/0064_01.jpg
VGGFace2,n000065,Adam_Sztaba,0065_01.jpg,vggface2_balanced_100_100/n000065/0065_01.jpg
VGGFace2,n000065,Adam_Sztaba,0066_01.jpg,vggface2_balanced_100_100/n000065/0066_01.jpg
VGGFace2,n000065,Adam_Sztaba,0067_01.jpg,vggface2_balanced_100_100/n000065/0067_01.jpg
VGGFace2,n000065,Adam_Sztaba,0068_01.jpg,vggface2_balanced_100_100/n000065/0068_01.jpg
VGGFace2,n000065,Adam_Sztaba,0069_01.jpg,vggface2_balanced_100_100/n000065/0069_01.jpg
VGGFace2,n000065,Adam_Sztaba,0070_02.jpg,vggface2_balanced_100_100/n000065/0070_02.jpg
VGGFace2,n000065,Adam_Sztaba,0071_01.jpg,vggface2_balanced_100_100/n000065/0071_01.jpg
VGGFace2,n000065,Adam_Sztaba,0072_01.jpg,vggface2_balanced_100_100/n000065/0072_01.jpg
VGGFace2,n000065,Adam_Sztaba,0073_01.jpg,vggface2_balanced_100_100/n000065/0073_01.jpg
VGGFace2,n000065,Adam_Sztaba,0074_01.jpg,vggface2_balanced_100_100/n000065/0074_01.jpg
VGGFace2,n000065,Adam_Sztaba,0075_01.jpg,vggface2_balanced_100_100/n000065/0075_01.jpg
VGGFace2,n000065,Adam_Sztaba,0076_01.jpg,vggface2_balanced_100_100/n000065/0076_01.jpg
VGGFace2,n000065,Adam_Sztaba,0077_01.jpg,vggface2_balanced_100_100/n000065/0077_01.jpg
VGGFace2,n000065,Adam_Sztaba,0078_02.jpg,vggface2_balanced_100_100/n000065/0078_02.jpg
VGGFace2,n000065,Adam_Sztaba,0079_01.jpg,vggface2_balanced_100_100/n000065/0079_01.jpg
VGGFace2,n000065,Adam_Sztaba,0079_02.jpg,vggface2_balanced_100_100/n000065/0079_02.jpg
VGGFace2,n000065,Adam_Sztaba,0080_01.jpg,vggface2_balanced_100_100/n000065/0080_01.jpg
VGGFace2,n000065,Adam_Sztaba,0081_01.jpg,vggface2_balanced_100_100/n000065/0081_01.jpg
VGGFace2,n000065,Adam_Sztaba,0082_01.jpg,vggface2_balanced_100_100/n000065/0082_01.jpg
VGGFace2,n000065,Adam_Sztaba,0083_01.jpg,vggface2_balanced_100_100/n000065/0083_01.jpg
VGGFace2,n000065,Adam_Sztaba,0084_01.jpg,vggface2_balanced_100_100/n000065/0084_01.jpg
VGGFace2,n000065,Adam_Sztaba,0085_02.jpg,vggface2_balanced_100_100/n000065/0085_02.jpg
VGGFace2,n000065,Adam_Sztaba,0086_01.jpg,vggface2_balanced_100_100/n000065/0086_01.jpg
VGGFace2,n000065,Adam_Sztaba,0087_02.jpg,vggface2_balanced_100_100/n000065/0087_02.jpg
VGGFace2,n000065,Adam_Sztaba,0088_02.jpg,vggface2_balanced_100_100/n000065/0088_02.jpg
VGGFace2,n000065,Adam_Sztaba,0089_01.jpg,vggface2_balanced_100_100/n000065/0089_01.jpg
VGGFace2,n000065,Adam_Sztaba,0090_01.jpg,vggface2_balanced_100_100/n000065/0090_01.jpg
VGGFace2,n000065,Adam_Sztaba,0091_01.jpg,vggface2_balanced_100_100/n000065/0091_01.jpg
VGGFace2,n000065,Adam_Sztaba,0092_01.jpg,vggface2_balanced_100_100/n000065/0092_01.jpg
VGGFace2,n000065,Adam_Sztaba,0093_01.jpg,vggface2_balanced_100_100/n000065/0093_01.jpg
VGGFace2,n000065,Adam_Sztaba,0094_01.jpg,vggface2_balanced_100_100/n000065/0094_01.jpg
VGGFace2,n000065,Adam_Sztaba,0095_01.jpg,vggface2_balanced_100_100/n000065/0095_01.jpg
VGGFace2,n000065,Adam_Sztaba,0096_01.jpg,vggface2_balanced_100_100/n000065/0096_01.jpg
VGGFace2,n000066,Adam_Yauch,0001_03.jpg,vggface2_balanced_100_100/n000066/0001_03.jpg
VGGFace2,n000066,Adam_Yauch,0002_01.jpg,vggface2_balanced_100_100/n000066/0002_01.jpg
VGGFace2,n000066,Adam_Yauch,0003_01.jpg,vggface2_balanced_100_100/n000066/0003_01.jpg
VGGFace2,n000066,Adam_Yauch,0004_01.jpg,vggface2_balanced_100_100/n000066/0004_01.jpg
VGGFace2,n000066,Adam_Yauch,0005_01.jpg,vggface2_balanced_100_100/n000066/0005_01.jpg
VGGFace2,n000066,Adam_Yauch,0006_01.jpg,vggface2_balanced_100_100/n000066/0006_01.jpg
VGGFace2,n000066,Adam_Yauch,0007_01.jpg,vggface2_balanced_100_100/n000066/0007_01.jpg
VGGFace2,n000066,Adam_Yauch,0008_01.jpg,vggface2_balanced_100_100/n000066/0008_01.jpg
VGGFace2,n000066,Adam_Yauch,0009_01.jpg,vggface2_balanced_100_100/n000066/0009_01.jpg
VGGFace2,n000066,Adam_Yauch,0010_03.jpg,vggface2_balanced_100_100/n000066/0010_03.jpg
VGGFace2,n000066,Adam_Yauch,0011_02.jpg,vggface2_balanced_100_100/n000066/0011_02.jpg
VGGFace2,n000066,Adam_Yauch,0012_02.jpg,vggface2_balanced_100_100/n000066/0012_02.jpg
VGGFace2,n000066,Adam_Yauch,0013_02.jpg,vggface2_balanced_100_100/n000066/0013_02.jpg
VGGFace2,n000066,Adam_Yauch,0014_01.jpg,vggface2_balanced_100_100/n000066/0014_01.jpg
VGGFace2,n000066,Adam_Yauch,0015_02.jpg,vggface2_balanced_100_100/n000066/0015_02.jpg
VGGFace2,n000066,Adam_Yauch,0016_01.jpg,vggface2_balanced_100_100/n000066/0016_01.jpg
VGGFace2,n000066,Adam_Yauch,0017_01.jpg,vggface2_balanced_100_100/n000066/0017_01.jpg
VGGFace2,n000066,Adam_Yauch,0018_01.jpg,vggface2_balanced_100_100/n000066/0018_01.jpg
VGGFace2,n000066,Adam_Yauch,0019_02.jpg,vggface2_balanced_100_100/n000066/0019_02.jpg
VGGFace2,n000066,Adam_Yauch,0020_01.jpg,vggface2_balanced_100_100/n000066/0020_01.jpg
VGGFace2,n000066,Adam_Yauch,0021_01.jpg,vggface2_balanced_100_100/n000066/0021_01.jpg
VGGFace2,n000066,Adam_Yauch,0022_01.jpg,vggface2_balanced_100_100/n000066/0022_01.jpg
VGGFace2,n000066,Adam_Yauch,0023_01.jpg,vggface2_balanced_100_100/n000066/0023_01.jpg
VGGFace2,n000066,Adam_Yauch,0024_01.jpg,vggface2_balanced_100_100/n000066/0024_01.jpg
VGGFace2,n000066,Adam_Yauch,0025_01.jpg,vggface2_balanced_100_100/n000066/0025_01.jpg
VGGFace2,n000066,Adam_Yauch,0026_01.jpg,vggface2_balanced_100_100/n000066/0026_01.jpg
VGGFace2,n000066,Adam_Yauch,0027_02.jpg,vggface2_balanced_100_100/n000066/0027_02.jpg
VGGFace2,n000066,Adam_Yauch,0028_01.jpg,vggface2_balanced_100_100/n000066/0028_01.jpg
VGGFace2,n000066,Adam_Yauch,0029_03.jpg,vggface2_balanced_100_100/n000066/0029_03.jpg
VGGFace2,n000066,Adam_Yauch,0030_03.jpg,vggface2_balanced_100_100/n000066/0030_03.jpg
VGGFace2,n000066,Adam_Yauch,0031_01.jpg,vggface2_balanced_100_100/n000066/0031_01.jpg
VGGFace2,n000066,Adam_Yauch,0032_01.jpg,vggface2_balanced_100_100/n000066/0032_01.jpg
VGGFace2,n000066,Adam_Yauch,0033_01.jpg,vggface2_balanced_100_100/n000066/0033_01.jpg
VGGFace2,n000066,Adam_Yauch,0034_01.jpg,vggface2_balanced_100_100/n000066/0034_01.jpg
VGGFace2,n000066,Adam_Yauch,0035_01.jpg,vggface2_balanced_100_100/n000066/0035_01.jpg
VGGFace2,n000066,Adam_Yauch,0036_01.jpg,vggface2_balanced_100_100/n000066/0036_01.jpg
VGGFace2,n000066,Adam_Yauch,0037_01.jpg,vggface2_balanced_100_100/n000066/0037_01.jpg
VGGFace2,n000066,Adam_Yauch,0038_03.jpg,vggface2_balanced_100_100/n000066/0038_03.jpg
VGGFace2,n000066,Adam_Yauch,0038_04.jpg,vggface2_balanced_100_100/n000066/0038_04.jpg
VGGFace2,n000066,Adam_Yauch,0039_01.jpg,vggface2_balanced_100_100/n000066/0039_01.jpg
VGGFace2,n000066,Adam_Yauch,0040_01.jpg,vggface2_balanced_100_100/n000066/0040_01.jpg
VGGFace2,n000066,Adam_Yauch,0041_01.jpg,vggface2_balanced_100_100/n000066/0041_01.jpg
VGGFace2,n000066,Adam_Yauch,0042_01.jpg,vggface2_balanced_100_100/n000066/0042_01.jpg
VGGFace2,n000066,Adam_Yauch,0043_01.jpg,vggface2_balanced_100_100/n000066/0043_01.jpg
VGGFace2,n000066,Adam_Yauch,0044_01.jpg,vggface2_balanced_100_100/n000066/0044_01.jpg
VGGFace2,n000066,Adam_Yauch,0045_01.jpg,vggface2_balanced_100_100/n000066/0045_01.jpg
VGGFace2,n000066,Adam_Yauch,0046_02.jpg,vggface2_balanced_100_100/n000066/0046_02.jpg
VGGFace2,n000066,Adam_Yauch,0047_01.jpg,vggface2_balanced_100_100/n000066/0047_01.jpg
VGGFace2,n000066,Adam_Yauch,0048_01.jpg,vggface2_balanced_100_100/n000066/0048_01.jpg
VGGFace2,n000066,Adam_Yauch,0049_01.jpg,vggface2_balanced_100_100/n000066/0049_01.jpg
VGGFace2,n000066,Adam_Yauch,0050_01.jpg,vggface2_balanced_100_100/n000066/0050_01.jpg
VGGFace2,n000066,Adam_Yauch,0051_01.jpg,vggface2_balanced_100_100/n000066/0051_01.jpg
VGGFace2,n000066,Adam_Yauch,0052_01.jpg,vggface2_balanced_100_100/n000066/0052_01.jpg
VGGFace2,n000066,Adam_Yauch,0053_01.jpg,vggface2_balanced_100_100/n000066/0053_01.jpg
VGGFace2,n000066,Adam_Yauch,0054_01.jpg,vggface2_balanced_100_100/n000066/0054_01.jpg
VGGFace2,n000066,Adam_Yauch,0055_01.jpg,vggface2_balanced_100_100/n000066/0055_01.jpg
VGGFace2,n000066,Adam_Yauch,0056_01.jpg,vggface2_balanced_100_100/n000066/0056_01.jpg
VGGFace2,n000066,Adam_Yauch,0056_02.jpg,vggface2_balanced_100_100/n000066/0056_02.jpg
VGGFace2,n000066,Adam_Yauch,0057_01.jpg,vggface2_balanced_100_100/n000066/0057_01.jpg
VGGFace2,n000066,Adam_Yauch,0058_01.jpg,vggface2_balanced_100_100/n000066/0058_01.jpg
VGGFace2,n000066,Adam_Yauch,0059_01.jpg,vggface2_balanced_100_100/n000066/0059_01.jpg
VGGFace2,n000066,Adam_Yauch,0060_01.jpg,vggface2_balanced_100_100/n000066/0060_01.jpg
VGGFace2,n000066,Adam_Yauch,0061_01.jpg,vggface2_balanced_100_100/n000066/0061_01.jpg
VGGFace2,n000066,Adam_Yauch,0062_01.jpg,vggface2_balanced_100_100/n000066/0062_01.jpg
VGGFace2,n000066,Adam_Yauch,0063_02.jpg,vggface2_balanced_100_100/n000066/0063_02.jpg
VGGFace2,n000066,Adam_Yauch,0064_01.jpg,vggface2_balanced_100_100/n000066/0064_01.jpg
VGGFace2,n000066,Adam_Yauch,0065_02.jpg,vggface2_balanced_100_100/n000066/0065_02.jpg
VGGFace2,n000066,Adam_Yauch,0066_01.jpg,vggface2_balanced_100_100/n000066/0066_01.jpg
VGGFace2,n000066,Adam_Yauch,0067_01.jpg,vggface2_balanced_100_100/n000066/0067_01.jpg
VGGFace2,n000066,Adam_Yauch,0068_01.jpg,vggface2_balanced_100_100/n000066/0068_01.jpg
VGGFace2,n000066,Adam_Yauch,0069_03.jpg,vggface2_balanced_100_100/n000066/0069_03.jpg
VGGFace2,n000066,Adam_Yauch,0070_01.jpg,vggface2_balanced_100_100/n000066/0070_01.jpg
VGGFace2,n000066,Adam_Yauch,0071_01.jpg,vggface2_balanced_100_100/n000066/0071_01.jpg
VGGFace2,n000066,Adam_Yauch,0072_01.jpg,vggface2_balanced_100_100/n000066/0072_01.jpg
VGGFace2,n000066,Adam_Yauch,0073_01.jpg,vggface2_balanced_100_100/n000066/0073_01.jpg
VGGFace2,n000066,Adam_Yauch,0074_01.jpg,vggface2_balanced_100_100/n000066/0074_01.jpg
VGGFace2,n000066,Adam_Yauch,0075_01.jpg,vggface2_balanced_100_100/n000066/0075_01.jpg
VGGFace2,n000066,Adam_Yauch,0076_01.jpg,vggface2_balanced_100_100/n000066/0076_01.jpg
VGGFace2,n000066,Adam_Yauch,0077_01.jpg,vggface2_balanced_100_100/n000066/0077_01.jpg
VGGFace2,n000066,Adam_Yauch,0078_03.jpg,vggface2_balanced_100_100/n000066/0078_03.jpg
VGGFace2,n000066,Adam_Yauch,0079_01.jpg,vggface2_balanced_100_100/n000066/0079_01.jpg
VGGFace2,n000066,Adam_Yauch,0080_01.jpg,vggface2_balanced_100_100/n000066/0080_01.jpg
VGGFace2,n000066,Adam_Yauch,0081_01.jpg,vggface2_balanced_100_100/n000066/0081_01.jpg
VGGFace2,n000066,Adam_Yauch,0082_01.jpg,vggface2_balanced_100_100/n000066/0082_01.jpg
VGGFace2,n000066,Adam_Yauch,0083_01.jpg,vggface2_balanced_100_100/n000066/0083_01.jpg
VGGFace2,n000066,Adam_Yauch,0084_01.jpg,vggface2_balanced_100_100/n000066/0084_01.jpg
VGGFace2,n000066,Adam_Yauch,0085_01.jpg,vggface2_balanced_100_100/n000066/0085_01.jpg
VGGFace2,n000066,Adam_Yauch,0086_03.jpg,vggface2_balanced_100_100/n000066/0086_03.jpg
VGGFace2,n000066,Adam_Yauch,0087_02.jpg,vggface2_balanced_100_100/n000066/0087_02.jpg
VGGFace2,n000066,Adam_Yauch,0088_01.jpg,vggface2_balanced_100_100/n000066/0088_01.jpg
VGGFace2,n000066,Adam_Yauch,0089_01.jpg,vggface2_balanced_100_100/n000066/0089_01.jpg
VGGFace2,n000066,Adam_Yauch,0090_01.jpg,vggface2_balanced_100_100/n000066/0090_01.jpg
VGGFace2,n000066,Adam_Yauch,0091_01.jpg,vggface2_balanced_100_100/n000066/0091_01.jpg
VGGFace2,n000066,Adam_Yauch,0092_01.jpg,vggface2_balanced_100_100/n000066/0092_01.jpg
VGGFace2,n000066,Adam_Yauch,0093_01.jpg,vggface2_balanced_100_100/n000066/0093_01.jpg
VGGFace2,n000066,Adam_Yauch,0094_01.jpg,vggface2_balanced_100_100/n000066/0094_01.jpg
VGGFace2,n000066,Adam_Yauch,0095_01.jpg,vggface2_balanced_100_100/n000066/0095_01.jpg
VGGFace2,n000066,Adam_Yauch,0096_01.jpg,vggface2_balanced_100_100/n000066/0096_01.jpg
VGGFace2,n000066,Adam_Yauch,0097_01.jpg,vggface2_balanced_100_100/n000066/0097_01.jpg
VGGFace2,n000066,Adam_Yauch,0098_01.jpg,vggface2_balanced_100_100/n000066/0098_01.jpg
VGGFace2,n000067,Adamari_López,0001_01.jpg,vggface2_balanced_100_100/n000067/0001_01.jpg
VGGFace2,n000067,Adamari_López,0002_01.jpg,vggface2_balanced_100_100/n000067/0002_01.jpg
VGGFace2,n000067,Adamari_López,0003_01.jpg,vggface2_balanced_100_100/n000067/0003_01.jpg
VGGFace2,n000067,Adamari_López,0004_01.jpg,vggface2_balanced_100_100/n000067/0004_01.jpg
VGGFace2,n000067,Adamari_López,0005_01.jpg,vggface2_balanced_100_100/n000067/0005_01.jpg
VGGFace2,n000067,Adamari_López,0006_02.jpg,vggface2_balanced_100_100/n000067/0006_02.jpg
VGGFace2,n000067,Adamari_López,0007_01.jpg,vggface2_balanced_100_100/n000067/0007_01.jpg
VGGFace2,n000067,Adamari_López,0008_02.jpg,vggface2_balanced_100_100/n000067/0008_02.jpg
VGGFace2,n000067,Adamari_López,0009_01.jpg,vggface2_balanced_100_100/n000067/0009_01.jpg
VGGFace2,n000067,Adamari_López,0010_02.jpg,vggface2_balanced_100_100/n000067/0010_02.jpg
VGGFace2,n000067,Adamari_López,0011_01.jpg,vggface2_balanced_100_100/n000067/0011_01.jpg
VGGFace2,n000067,Adamari_López,0012_01.jpg,vggface2_balanced_100_100/n000067/0012_01.jpg
VGGFace2,n000067,Adamari_López,0013_02.jpg,vggface2_balanced_100_100/n000067/0013_02.jpg
VGGFace2,n000067,Adamari_López,0014_01.jpg,vggface2_balanced_100_100/n000067/0014_01.jpg
VGGFace2,n000067,Adamari_López,0015_01.jpg,vggface2_balanced_100_100/n000067/0015_01.jpg
VGGFace2,n000067,Adamari_López,0015_02.jpg,vggface2_balanced_100_100/n000067/0015_02.jpg
VGGFace2,n000067,Adamari_López,0016_02.jpg,vggface2_balanced_100_100/n000067/0016_02.jpg
VGGFace2,n000067,Adamari_López,0017_01.jpg,vggface2_balanced_100_100/n000067/0017_01.jpg
VGGFace2,n000067,Adamari_López,0018_01.jpg,vggface2_balanced_100_100/n000067/0018_01.jpg
VGGFace2,n000067,Adamari_López,0019_01.jpg,vggface2_balanced_100_100/n000067/0019_01.jpg
VGGFace2,n000067,Adamari_López,0020_01.jpg,vggface2_balanced_100_100/n000067/0020_01.jpg
VGGFace2,n000067,Adamari_López,0021_01.jpg,vggface2_balanced_100_100/n000067/0021_01.jpg
VGGFace2,n000067,Adamari_López,0022_01.jpg,vggface2_balanced_100_100/n000067/0022_01.jpg
VGGFace2,n000067,Adamari_López,0023_01.jpg,vggface2_balanced_100_100/n000067/0023_01.jpg
VGGFace2,n000067,Adamari_López,0024_02.jpg,vggface2_balanced_100_100/n000067/0024_02.jpg
VGGFace2,n000067,Adamari_López,0025_01.jpg,vggface2_balanced_100_100/n000067/0025_01.jpg
VGGFace2,n000067,Adamari_López,0026_01.jpg,vggface2_balanced_100_100/n000067/0026_01.jpg
VGGFace2,n000067,Adamari_López,0027_01.jpg,vggface2_balanced_100_100/n000067/0027_01.jpg
VGGFace2,n000067,Adamari_López,0028_01.jpg,vggface2_balanced_100_100/n000067/0028_01.jpg
VGGFace2,n000067,Adamari_López,0029_03.jpg,vggface2_balanced_100_100/n000067/0029_03.jpg
VGGFace2,n000067,Adamari_López,0030_02.jpg,vggface2_balanced_100_100/n000067/0030_02.jpg
VGGFace2,n000067,Adamari_López,0031_01.jpg,vggface2_balanced_100_100/n000067/0031_01.jpg
VGGFace2,n000067,Adamari_López,0032_01.jpg,vggface2_balanced_100_100/n000067/0032_01.jpg
VGGFace2,n000067,Adamari_López,0033_01.jpg,vggface2_balanced_100_100/n000067/0033_01.jpg
VGGFace2,n000067,Adamari_López,0034_01.jpg,vggface2_balanced_100_100/n000067/0034_01.jpg
VGGFace2,n000067,Adamari_López,0035_01.jpg,vggface2_balanced_100_100/n000067/0035_01.jpg
VGGFace2,n000067,Adamari_López,0036_01.jpg,vggface2_balanced_100_100/n000067/0036_01.jpg
VGGFace2,n000067,Adamari_López,0037_01.jpg,vggface2_balanced_100_100/n000067/0037_01.jpg
VGGFace2,n000067,Adamari_López,0038_01.jpg,vggface2_balanced_100_100/n000067/0038_01.jpg
VGGFace2,n000067,Adamari_López,0039_01.jpg,vggface2_balanced_100_100/n000067/0039_01.jpg
VGGFace2,n000067,Adamari_López,0040_02.jpg,vggface2_balanced_100_100/n000067/0040_02.jpg
VGGFace2,n000067,Adamari_López,0041_01.jpg,vggface2_balanced_100_100/n000067/0041_01.jpg
VGGFace2,n000067,Adamari_López,0042_01.jpg,vggface2_balanced_100_100/n000067/0042_01.jpg
VGGFace2,n000067,Adamari_López,0043_01.jpg,vggface2_balanced_100_100/n000067/0043_01.jpg
VGGFace2,n000067,Adamari_López,0044_01.jpg,vggface2_balanced_100_100/n000067/0044_01.jpg
VGGFace2,n000067,Adamari_López,0045_01.jpg,vggface2_balanced_100_100/n000067/0045_01.jpg
VGGFace2,n000067,Adamari_López,0046_01.jpg,vggface2_balanced_100_100/n000067/0046_01.jpg
VGGFace2,n000067,Adamari_López,0047_01.jpg,vggface2_balanced_100_100/n000067/0047_01.jpg
VGGFace2,n000067,Adamari_López,0048_01.jpg,vggface2_balanced_100_100/n000067/0048_01.jpg
VGGFace2,n000067,Adamari_López,0049_01.jpg,vggface2_balanced_100_100/n000067/0049_01.jpg
VGGFace2,n000067,Adamari_López,0050_01.jpg,vggface2_balanced_100_100/n000067/0050_01.jpg
VGGFace2,n000067,Adamari_López,0051_01.jpg,vggface2_balanced_100_100/n000067/0051_01.jpg
VGGFace2,n000067,Adamari_López,0052_02.jpg,vggface2_balanced_100_100/n000067/0052_02.jpg
VGGFace2,n000067,Adamari_López,0053_02.jpg,vggface2_balanced_100_100/n000067/0053_02.jpg
VGGFace2,n000067,Adamari_López,0054_01.jpg,vggface2_balanced_100_100/n000067/0054_01.jpg
VGGFace2,n000067,Adamari_López,0055_01.jpg,vggface2_balanced_100_100/n000067/0055_01.jpg
VGGFace2,n000067,Adamari_López,0056_01.jpg,vggface2_balanced_100_100/n000067/0056_01.jpg
VGGFace2,n000067,Adamari_López,0057_01.jpg,vggface2_balanced_100_100/n000067/0057_01.jpg
VGGFace2,n000067,Adamari_López,0058_01.jpg,vggface2_balanced_100_100/n000067/0058_01.jpg
VGGFace2,n000067,Adamari_López,0059_02.jpg,vggface2_balanced_100_100/n000067/0059_02.jpg
VGGFace2,n000067,Adamari_López,0060_01.jpg,vggface2_balanced_100_100/n000067/0060_01.jpg
VGGFace2,n000067,Adamari_López,0061_01.jpg,vggface2_balanced_100_100/n000067/0061_01.jpg
VGGFace2,n000067,Adamari_López,0062_01.jpg,vggface2_balanced_100_100/n000067/0062_01.jpg
VGGFace2,n000067,Adamari_López,0063_01.jpg,vggface2_balanced_100_100/n000067/0063_01.jpg
VGGFace2,n000067,Adamari_López,0064_02.jpg,vggface2_balanced_100_100/n000067/0064_02.jpg
VGGFace2,n000067,Adamari_López,0065_01.jpg,vggface2_balanced_100_100/n000067/0065_01.jpg
VGGFace2,n000067,Adamari_López,0066_01.jpg,vggface2_balanced_100_100/n000067/0066_01.jpg
VGGFace2,n000067,Adamari_López,0067_01.jpg,vggface2_balanced_100_100/n000067/0067_01.jpg
VGGFace2,n000067,Adamari_López,0068_01.jpg,vggface2_balanced_100_100/n000067/0068_01.jpg
VGGFace2,n000067,Adamari_López,0069_01.jpg,vggface2_balanced_100_100/n000067/0069_01.jpg
VGGFace2,n000067,Adamari_López,0070_01.jpg,vggface2_balanced_100_100/n000067/0070_01.jpg
VGGFace2,n000067,Adamari_López,0071_01.jpg,vggface2_balanced_100_100/n000067/0071_01.jpg
VGGFace2,n000067,Adamari_López,0072_01.jpg,vggface2_balanced_100_100/n000067/0072_01.jpg
VGGFace2,n000067,Adamari_López,0073_01.jpg,vggface2_balanced_100_100/n000067/0073_01.jpg
VGGFace2,n000067,Adamari_López,0074_01.jpg,vggface2_balanced_100_100/n000067/0074_01.jpg
VGGFace2,n000067,Adamari_López,0075_01.jpg,vggface2_balanced_100_100/n000067/0075_01.jpg
VGGFace2,n000067,Adamari_López,0076_03.jpg,vggface2_balanced_100_100/n000067/0076_03.jpg
VGGFace2,n000067,Adamari_López,0077_01.jpg,vggface2_balanced_100_100/n000067/0077_01.jpg
VGGFace2,n000067,Adamari_López,0078_02.jpg,vggface2_balanced_100_100/n000067/0078_02.jpg
VGGFace2,n000067,Adamari_López,0079_01.jpg,vggface2_balanced_100_100/n000067/0079_01.jpg
VGGFace2,n000067,Adamari_López,0080_01.jpg,vggface2_balanced_100_100/n000067/0080_01.jpg
VGGFace2,n000067,Adamari_López,0081_01.jpg,vggface2_balanced_100_100/n000067/0081_01.jpg
VGGFace2,n000067,Adamari_López,0082_01.jpg,vggface2_balanced_100_100/n000067/0082_01.jpg
VGGFace2,n000067,Adamari_López,0083_01.jpg,vggface2_balanced_100_100/n000067/0083_01.jpg
VGGFace2,n000067,Adamari_López,0084_01.jpg,vggface2_balanced_100_100/n000067/0084_01.jpg
VGGFace2,n000067,Adamari_López,0085_01.jpg,vggface2_balanced_100_100/n000067/0085_01.jpg
VGGFace2,n000067,Adamari_López,0086_01.jpg,vggface2_balanced_100_100/n000067/0086_01.jpg
VGGFace2,n000067,Adamari_López,0087_01.jpg,vggface2_balanced_100_100/n000067/0087_01.jpg
VGGFace2,n000067,Adamari_López,0088_01.jpg,vggface2_balanced_100_100/n000067/0088_01.jpg
VGGFace2,n000067,Adamari_López,0089_01.jpg,vggface2_balanced_100_100/n000067/0089_01.jpg
VGGFace2,n000067,Adamari_López,0090_01.jpg,vggface2_balanced_100_100/n000067/0090_01.jpg
VGGFace2,n000067,Adamari_López,0091_01.jpg,vggface2_balanced_100_100/n000067/0091_01.jpg
VGGFace2,n000067,Adamari_López,0092_01.jpg,vggface2_balanced_100_100/n000067/0092_01.jpg
VGGFace2,n000067,Adamari_López,0093_01.jpg,vggface2_balanced_100_100/n000067/0093_01.jpg
VGGFace2,n000067,Adamari_López,0094_01.jpg,vggface2_balanced_100_100/n000067/0094_01.jpg
VGGFace2,n000067,Adamari_López,0095_01.jpg,vggface2_balanced_100_100/n000067/0095_01.jpg
VGGFace2,n000067,Adamari_López,0096_01.jpg,vggface2_balanced_100_100/n000067/0096_01.jpg
VGGFace2,n000067,Adamari_López,0097_01.jpg,vggface2_balanced_100_100/n000067/0097_01.jpg
VGGFace2,n000067,Adamari_López,0098_02.jpg,vggface2_balanced_100_100/n000067/0098_02.jpg
VGGFace2,n000067,Adamari_López,0099_02.jpg,vggface2_balanced_100_100/n000067/0099_02.jpg
VGGFace2,n000068,Addison_Timlin,0001_01.jpg,vggface2_balanced_100_100/n000068/0001_01.jpg
VGGFace2,n000068,Addison_Timlin,0002_01.jpg,vggface2_balanced_100_100/n000068/0002_01.jpg
VGGFace2,n000068,Addison_Timlin,0003_01.jpg,vggface2_balanced_100_100/n000068/0003_01.jpg
VGGFace2,n000068,Addison_Timlin,0004_01.jpg,vggface2_balanced_100_100/n000068/0004_01.jpg
VGGFace2,n000068,Addison_Timlin,0005_01.jpg,vggface2_balanced_100_100/n000068/0005_01.jpg
VGGFace2,n000068,Addison_Timlin,0006_01.jpg,vggface2_balanced_100_100/n000068/0006_01.jpg
VGGFace2,n000068,Addison_Timlin,0007_01.jpg,vggface2_balanced_100_100/n000068/0007_01.jpg
VGGFace2,n000068,Addison_Timlin,0008_01.jpg,vggface2_balanced_100_100/n000068/0008_01.jpg
VGGFace2,n000068,Addison_Timlin,0009_03.jpg,vggface2_balanced_100_100/n000068/0009_03.jpg
VGGFace2,n000068,Addison_Timlin,0010_01.jpg,vggface2_balanced_100_100/n000068/0010_01.jpg
VGGFace2,n000068,Addison_Timlin,0011_01.jpg,vggface2_balanced_100_100/n000068/0011_01.jpg
VGGFace2,n000068,Addison_Timlin,0012_01.jpg,vggface2_balanced_100_100/n000068/0012_01.jpg
VGGFace2,n000068,Addison_Timlin,0013_01.jpg,vggface2_balanced_100_100/n000068/0013_01.jpg
VGGFace2,n000068,Addison_Timlin,0014_01.jpg,vggface2_balanced_100_100/n000068/0014_01.jpg
VGGFace2,n000068,Addison_Timlin,0015_01.jpg,vggface2_balanced_100_100/n000068/0015_01.jpg
VGGFace2,n000068,Addison_Timlin,0016_01.jpg,vggface2_balanced_100_100/n000068/0016_01.jpg
VGGFace2,n000068,Addison_Timlin,0017_01.jpg,vggface2_balanced_100_100/n000068/0017_01.jpg
VGGFace2,n000068,Addison_Timlin,0018_01.jpg,vggface2_balanced_100_100/n000068/0018_01.jpg
VGGFace2,n000068,Addison_Timlin,0019_01.jpg,vggface2_balanced_100_100/n000068/0019_01.jpg
VGGFace2,n000068,Addison_Timlin,0020_01.jpg,vggface2_balanced_100_100/n000068/0020_01.jpg
VGGFace2,n000068,Addison_Timlin,0021_01.jpg,vggface2_balanced_100_100/n000068/0021_01.jpg
VGGFace2,n000068,Addison_Timlin,0022_01.jpg,vggface2_balanced_100_100/n000068/0022_01.jpg
VGGFace2,n000068,Addison_Timlin,0023_01.jpg,vggface2_balanced_100_100/n000068/0023_01.jpg
VGGFace2,n000068,Addison_Timlin,0024_01.jpg,vggface2_balanced_100_100/n000068/0024_01.jpg
VGGFace2,n000068,Addison_Timlin,0025_01.jpg,vggface2_balanced_100_100/n000068/0025_01.jpg
VGGFace2,n000068,Addison_Timlin,0026_01.jpg,vggface2_balanced_100_100/n000068/0026_01.jpg
VGGFace2,n000068,Addison_Timlin,0027_01.jpg,vggface2_balanced_100_100/n000068/0027_01.jpg
VGGFace2,n000068,Addison_Timlin,0028_01.jpg,vggface2_balanced_100_100/n000068/0028_01.jpg
VGGFace2,n000068,Addison_Timlin,0029_01.jpg,vggface2_balanced_100_100/n000068/0029_01.jpg
VGGFace2,n000068,Addison_Timlin,0030_01.jpg,vggface2_balanced_100_100/n000068/0030_01.jpg
VGGFace2,n000068,Addison_Timlin,0031_02.jpg,vggface2_balanced_100_100/n000068/0031_02.jpg
VGGFace2,n000068,Addison_Timlin,0032_01.jpg,vggface2_balanced_100_100/n000068/0032_01.jpg
VGGFace2,n000068,Addison_Timlin,0033_01.jpg,vggface2_balanced_100_100/n000068/0033_01.jpg
VGGFace2,n000068,Addison_Timlin,0034_01.jpg,vggface2_balanced_100_100/n000068/0034_01.jpg
VGGFace2,n000068,Addison_Timlin,0035_01.jpg,vggface2_balanced_100_100/n000068/0035_01.jpg
VGGFace2,n000068,Addison_Timlin,0036_01.jpg,vggface2_balanced_100_100/n000068/0036_01.jpg
VGGFace2,n000068,Addison_Timlin,0037_02.jpg,vggface2_balanced_100_100/n000068/0037_02.jpg
VGGFace2,n000068,Addison_Timlin,0038_01.jpg,vggface2_balanced_100_100/n000068/0038_01.jpg
VGGFace2,n000068,Addison_Timlin,0039_03.jpg,vggface2_balanced_100_100/n000068/0039_03.jpg
VGGFace2,n000068,Addison_Timlin,0040_01.jpg,vggface2_balanced_100_100/n000068/0040_01.jpg
VGGFace2,n000068,Addison_Timlin,0041_01.jpg,vggface2_balanced_100_100/n000068/0041_01.jpg
VGGFace2,n000068,Addison_Timlin,0042_01.jpg,vggface2_balanced_100_100/n000068/0042_01.jpg
VGGFace2,n000068,Addison_Timlin,0043_01.jpg,vggface2_balanced_100_100/n000068/0043_01.jpg
VGGFace2,n000068,Addison_Timlin,0044_01.jpg,vggface2_balanced_100_100/n000068/0044_01.jpg
VGGFace2,n000068,Addison_Timlin,0045_01.jpg,vggface2_balanced_100_100/n000068/0045_01.jpg
VGGFace2,n000068,Addison_Timlin,0046_01.jpg,vggface2_balanced_100_100/n000068/0046_01.jpg
VGGFace2,n000068,Addison_Timlin,0047_01.jpg,vggface2_balanced_100_100/n000068/0047_01.jpg
VGGFace2,n000068,Addison_Timlin,0048_01.jpg,vggface2_balanced_100_100/n000068/0048_01.jpg
VGGFace2,n000068,Addison_Timlin,0049_01.jpg,vggface2_balanced_100_100/n000068/0049_01.jpg
VGGFace2,n000068,Addison_Timlin,0050_01.jpg,vggface2_balanced_100_100/n000068/0050_01.jpg
VGGFace2,n000068,Addison_Timlin,0051_01.jpg,vggface2_balanced_100_100/n000068/0051_01.jpg
VGGFace2,n000068,Addison_Timlin,0052_01.jpg,vggface2_balanced_100_100/n000068/0052_01.jpg
VGGFace2,n000068,Addison_Timlin,0053_01.jpg,vggface2_balanced_100_100/n000068/0053_01.jpg
VGGFace2,n000068,Addison_Timlin,0054_01.jpg,vggface2_balanced_100_100/n000068/0054_01.jpg
VGGFace2,n000068,Addison_Timlin,0055_01.jpg,vggface2_balanced_100_100/n000068/0055_01.jpg
VGGFace2,n000068,Addison_Timlin,0056_01.jpg,vggface2_balanced_100_100/n000068/0056_01.jpg
VGGFace2,n000068,Addison_Timlin,0057_01.jpg,vggface2_balanced_100_100/n000068/0057_01.jpg
VGGFace2,n000068,Addison_Timlin,0058_01.jpg,vggface2_balanced_100_100/n000068/0058_01.jpg
VGGFace2,n000068,Addison_Timlin,0059_01.jpg,vggface2_balanced_100_100/n000068/0059_01.jpg
VGGFace2,n000068,Addison_Timlin,0060_01.jpg,vggface2_balanced_100_100/n000068/0060_01.jpg
VGGFace2,n000068,Addison_Timlin,0061_01.jpg,vggface2_balanced_100_100/n000068/0061_01.jpg
VGGFace2,n000068,Addison_Timlin,0062_01.jpg,vggface2_balanced_100_100/n000068/0062_01.jpg
VGGFace2,n000068,Addison_Timlin,0063_01.jpg,vggface2_balanced_100_100/n000068/0063_01.jpg
VGGFace2,n000068,Addison_Timlin,0064_01.jpg,vggface2_balanced_100_100/n000068/0064_01.jpg
VGGFace2,n000068,Addison_Timlin,0065_01.jpg,vggface2_balanced_100_100/n000068/0065_01.jpg
VGGFace2,n000068,Addison_Timlin,0066_01.jpg,vggface2_balanced_100_100/n000068/0066_01.jpg
VGGFace2,n000068,Addison_Timlin,0067_01.jpg,vggface2_balanced_100_100/n000068/0067_01.jpg
VGGFace2,n000068,Addison_Timlin,0068_01.jpg,vggface2_balanced_100_100/n000068/0068_01.jpg
VGGFace2,n000068,Addison_Timlin,0069_01.jpg,vggface2_balanced_100_100/n000068/0069_01.jpg
VGGFace2,n000068,Addison_Timlin,0070_01.jpg,vggface2_balanced_100_100/n000068/0070_01.jpg
VGGFace2,n000068,Addison_Timlin,0071_01.jpg,vggface2_balanced_100_100/n000068/0071_01.jpg
VGGFace2,n000068,Addison_Timlin,0072_01.jpg,vggface2_balanced_100_100/n000068/0072_01.jpg
VGGFace2,n000068,Addison_Timlin,0073_01.jpg,vggface2_balanced_100_100/n000068/0073_01.jpg
VGGFace2,n000068,Addison_Timlin,0074_01.jpg,vggface2_balanced_100_100/n000068/0074_01.jpg
VGGFace2,n000068,Addison_Timlin,0075_02.jpg,vggface2_balanced_100_100/n000068/0075_02.jpg
VGGFace2,n000068,Addison_Timlin,0076_01.jpg,vggface2_balanced_100_100/n000068/0076_01.jpg
VGGFace2,n000068,Addison_Timlin,0077_01.jpg,vggface2_balanced_100_100/n000068/0077_01.jpg
VGGFace2,n000068,Addison_Timlin,0078_03.jpg,vggface2_balanced_100_100/n000068/0078_03.jpg
VGGFace2,n000068,Addison_Timlin,0079_01.jpg,vggface2_balanced_100_100/n000068/0079_01.jpg
VGGFace2,n000068,Addison_Timlin,0080_01.jpg,vggface2_balanced_100_100/n000068/0080_01.jpg
VGGFace2,n000068,Addison_Timlin,0081_01.jpg,vggface2_balanced_100_100/n000068/0081_01.jpg
VGGFace2,n000068,Addison_Timlin,0082_01.jpg,vggface2_balanced_100_100/n000068/0082_01.jpg
VGGFace2,n000068,Addison_Timlin,0083_01.jpg,vggface2_balanced_100_100/n000068/0083_01.jpg
VGGFace2,n000068,Addison_Timlin,0084_01.jpg,vggface2_balanced_100_100/n000068/0084_01.jpg
VGGFace2,n000068,Addison_Timlin,0085_02.jpg,vggface2_balanced_100_100/n000068/0085_02.jpg
VGGFace2,n000068,Addison_Timlin,0086_01.jpg,vggface2_balanced_100_100/n000068/0086_01.jpg
VGGFace2,n000068,Addison_Timlin,0087_01.jpg,vggface2_balanced_100_100/n000068/0087_01.jpg
VGGFace2,n000068,Addison_Timlin,0088_02.jpg,vggface2_balanced_100_100/n000068/0088_02.jpg
VGGFace2,n000068,Addison_Timlin,0089_01.jpg,vggface2_balanced_100_100/n000068/0089_01.jpg
VGGFace2,n000068,Addison_Timlin,0090_01.jpg,vggface2_balanced_100_100/n000068/0090_01.jpg
VGGFace2,n000068,Addison_Timlin,0091_01.jpg,vggface2_balanced_100_100/n000068/0091_01.jpg
VGGFace2,n000068,Addison_Timlin,0092_01.jpg,vggface2_balanced_100_100/n000068/0092_01.jpg
VGGFace2,n000068,Addison_Timlin,0093_01.jpg,vggface2_balanced_100_100/n000068/0093_01.jpg
VGGFace2,n000068,Addison_Timlin,0094_03.jpg,vggface2_balanced_100_100/n000068/0094_03.jpg
VGGFace2,n000068,Addison_Timlin,0094_05.jpg,vggface2_balanced_100_100/n000068/0094_05.jpg
VGGFace2,n000068,Addison_Timlin,0095_01.jpg,vggface2_balanced_100_100/n000068/0095_01.jpg
VGGFace2,n000068,Addison_Timlin,0096_01.jpg,vggface2_balanced_100_100/n000068/0096_01.jpg
VGGFace2,n000068,Addison_Timlin,0097_01.jpg,vggface2_balanced_100_100/n000068/0097_01.jpg
VGGFace2,n000068,Addison_Timlin,0098_01.jpg,vggface2_balanced_100_100/n000068/0098_01.jpg
VGGFace2,n000068,Addison_Timlin,0099_01.jpg,vggface2_balanced_100_100/n000068/0099_01.jpg
VGGFace2,n000069,Additi_Gupta,0001_01.jpg,vggface2_balanced_100_100/n000069/0001_01.jpg
VGGFace2,n000069,Additi_Gupta,0002_01.jpg,vggface2_balanced_100_100/n000069/0002_01.jpg
VGGFace2,n000069,Additi_Gupta,0003_02.jpg,vggface2_balanced_100_100/n000069/0003_02.jpg
VGGFace2,n000069,Additi_Gupta,0004_06.jpg,vggface2_balanced_100_100/n000069/0004_06.jpg
VGGFace2,n000069,Additi_Gupta,0005_01.jpg,vggface2_balanced_100_100/n000069/0005_01.jpg
VGGFace2,n000069,Additi_Gupta,0006_01.jpg,vggface2_balanced_100_100/n000069/0006_01.jpg
VGGFace2,n000069,Additi_Gupta,0007_01.jpg,vggface2_balanced_100_100/n000069/0007_01.jpg
VGGFace2,n000069,Additi_Gupta,0008_01.jpg,vggface2_balanced_100_100/n000069/0008_01.jpg
VGGFace2,n000069,Additi_Gupta,0009_01.jpg,vggface2_balanced_100_100/n000069/0009_01.jpg
VGGFace2,n000069,Additi_Gupta,0010_01.jpg,vggface2_balanced_100_100/n000069/0010_01.jpg
VGGFace2,n000069,Additi_Gupta,0011_01.jpg,vggface2_balanced_100_100/n000069/0011_01.jpg
VGGFace2,n000069,Additi_Gupta,0012_01.jpg,vggface2_balanced_100_100/n000069/0012_01.jpg
VGGFace2,n000069,Additi_Gupta,0013_01.jpg,vggface2_balanced_100_100/n000069/0013_01.jpg
VGGFace2,n000069,Additi_Gupta,0014_01.jpg,vggface2_balanced_100_100/n000069/0014_01.jpg
VGGFace2,n000069,Additi_Gupta,0015_01.jpg,vggface2_balanced_100_100/n000069/0015_01.jpg
VGGFace2,n000069,Additi_Gupta,0016_01.jpg,vggface2_balanced_100_100/n000069/0016_01.jpg
VGGFace2,n000069,Additi_Gupta,0017_01.jpg,vggface2_balanced_100_100/n000069/0017_01.jpg
VGGFace2,n000069,Additi_Gupta,0018_01.jpg,vggface2_balanced_100_100/n000069/0018_01.jpg
VGGFace2,n000069,Additi_Gupta,0018_02.jpg,vggface2_balanced_100_100/n000069/0018_02.jpg
VGGFace2,n000069,Additi_Gupta,0018_03.jpg,vggface2_balanced_100_100/n000069/0018_03.jpg
VGGFace2,n000069,Additi_Gupta,0018_04.jpg,vggface2_balanced_100_100/n000069/0018_04.jpg
VGGFace2,n000069,Additi_Gupta,0018_05.jpg,vggface2_balanced_100_100/n000069/0018_05.jpg
VGGFace2,n000069,Additi_Gupta,0019_01.jpg,vggface2_balanced_100_100/n000069/0019_01.jpg
VGGFace2,n000069,Additi_Gupta,0020_01.jpg,vggface2_balanced_100_100/n000069/0020_01.jpg
VGGFace2,n000069,Additi_Gupta,0020_02.jpg,vggface2_balanced_100_100/n000069/0020_02.jpg
VGGFace2,n000069,Additi_Gupta,0020_03.jpg,vggface2_balanced_100_100/n000069/0020_03.jpg
VGGFace2,n000069,Additi_Gupta,0021_01.jpg,vggface2_balanced_100_100/n000069/0021_01.jpg
VGGFace2,n000069,Additi_Gupta,0022_01.jpg,vggface2_balanced_100_100/n000069/0022_01.jpg
VGGFace2,n000069,Additi_Gupta,0023_02.jpg,vggface2_balanced_100_100/n000069/0023_02.jpg
VGGFace2,n000069,Additi_Gupta,0023_04.jpg,vggface2_balanced_100_100/n000069/0023_04.jpg
VGGFace2,n000069,Additi_Gupta,0024_01.jpg,vggface2_balanced_100_100/n000069/0024_01.jpg
VGGFace2,n000069,Additi_Gupta,0024_02.jpg,vggface2_balanced_100_100/n000069/0024_02.jpg
VGGFace2,n000069,Additi_Gupta,0025_01.jpg,vggface2_balanced_100_100/n000069/0025_01.jpg
VGGFace2,n000069,Additi_Gupta,0026_01.jpg,vggface2_balanced_100_100/n000069/0026_01.jpg
VGGFace2,n000069,Additi_Gupta,0027_01.jpg,vggface2_balanced_100_100/n000069/0027_01.jpg
VGGFace2,n000069,Additi_Gupta,0028_01.jpg,vggface2_balanced_100_100/n000069/0028_01.jpg
VGGFace2,n000069,Additi_Gupta,0029_01.jpg,vggface2_balanced_100_100/n000069/0029_01.jpg
VGGFace2,n000069,Additi_Gupta,0029_02.jpg,vggface2_balanced_100_100/n000069/0029_02.jpg
VGGFace2,n000069,Additi_Gupta,0029_03.jpg,vggface2_balanced_100_100/n000069/0029_03.jpg
VGGFace2,n000069,Additi_Gupta,0029_04.jpg,vggface2_balanced_100_100/n000069/0029_04.jpg
VGGFace2,n000069,Additi_Gupta,0029_05.jpg,vggface2_balanced_100_100/n000069/0029_05.jpg
VGGFace2,n000069,Additi_Gupta,0029_06.jpg,vggface2_balanced_100_100/n000069/0029_06.jpg
VGGFace2,n000069,Additi_Gupta,0029_08.jpg,vggface2_balanced_100_100/n000069/0029_08.jpg
VGGFace2,n000069,Additi_Gupta,0029_10.jpg,vggface2_balanced_100_100/n000069/0029_10.jpg
VGGFace2,n000069,Additi_Gupta,0029_11.jpg,vggface2_balanced_100_100/n000069/0029_11.jpg
VGGFace2,n000069,Additi_Gupta,0029_12.jpg,vggface2_balanced_100_100/n000069/0029_12.jpg
VGGFace2,n000069,Additi_Gupta,0029_13.jpg,vggface2_balanced_100_100/n000069/0029_13.jpg
VGGFace2,n000069,Additi_Gupta,0029_14.jpg,vggface2_balanced_100_100/n000069/0029_14.jpg
VGGFace2,n000069,Additi_Gupta,0030_01.jpg,vggface2_balanced_100_100/n000069/0030_01.jpg
VGGFace2,n000069,Additi_Gupta,0031_01.jpg,vggface2_balanced_100_100/n000069/0031_01.jpg
VGGFace2,n000069,Additi_Gupta,0032_01.jpg,vggface2_balanced_100_100/n000069/0032_01.jpg
VGGFace2,n000069,Additi_Gupta,0033_01.jpg,vggface2_balanced_100_100/n000069/0033_01.jpg
VGGFace2,n000069,Additi_Gupta,0034_01.jpg,vggface2_balanced_100_100/n000069/0034_01.jpg
VGGFace2,n000069,Additi_Gupta,0035_01.jpg,vggface2_balanced_100_100/n000069/0035_01.jpg
VGGFace2,n000069,Additi_Gupta,0036_01.jpg,vggface2_balanced_100_100/n000069/0036_01.jpg
VGGFace2,n000069,Additi_Gupta,0037_01.jpg,vggface2_balanced_100_100/n000069/0037_01.jpg
VGGFace2,n000069,Additi_Gupta,0038_02.jpg,vggface2_balanced_100_100/n000069/0038_02.jpg
VGGFace2,n000069,Additi_Gupta,0039_01.jpg,vggface2_balanced_100_100/n000069/0039_01.jpg
VGGFace2,n000069,Additi_Gupta,0040_02.jpg,vggface2_balanced_100_100/n000069/0040_02.jpg
VGGFace2,n000069,Additi_Gupta,0041_01.jpg,vggface2_balanced_100_100/n000069/0041_01.jpg
VGGFace2,n000069,Additi_Gupta,0042_01.jpg,vggface2_balanced_100_100/n000069/0042_01.jpg
VGGFace2,n000069,Additi_Gupta,0043_01.jpg,vggface2_balanced_100_100/n000069/0043_01.jpg
VGGFace2,n000069,Additi_Gupta,0044_01.jpg,vggface2_balanced_100_100/n000069/0044_01.jpg
VGGFace2,n000069,Additi_Gupta,0045_01.jpg,vggface2_balanced_100_100/n000069/0045_01.jpg
VGGFace2,n000069,Additi_Gupta,0046_01.jpg,vggface2_balanced_100_100/n000069/0046_01.jpg
VGGFace2,n000069,Additi_Gupta,0047_01.jpg,vggface2_balanced_100_100/n000069/0047_01.jpg
VGGFace2,n000069,Additi_Gupta,0048_01.jpg,vggface2_balanced_100_100/n000069/0048_01.jpg
VGGFace2,n000069,Additi_Gupta,0049_01.jpg,vggface2_balanced_100_100/n000069/0049_01.jpg
VGGFace2,n000069,Additi_Gupta,0050_01.jpg,vggface2_balanced_100_100/n000069/0050_01.jpg
VGGFace2,n000069,Additi_Gupta,0051_01.jpg,vggface2_balanced_100_100/n000069/0051_01.jpg
VGGFace2,n000069,Additi_Gupta,0051_02.jpg,vggface2_balanced_100_100/n000069/0051_02.jpg
VGGFace2,n000069,Additi_Gupta,0051_03.jpg,vggface2_balanced_100_100/n000069/0051_03.jpg
VGGFace2,n000069,Additi_Gupta,0052_01.jpg,vggface2_balanced_100_100/n000069/0052_01.jpg
VGGFace2,n000069,Additi_Gupta,0053_01.jpg,vggface2_balanced_100_100/n000069/0053_01.jpg
VGGFace2,n000069,Additi_Gupta,0054_01.jpg,vggface2_balanced_100_100/n000069/0054_01.jpg
VGGFace2,n000069,Additi_Gupta,0054_02.jpg,vggface2_balanced_100_100/n000069/0054_02.jpg
VGGFace2,n000069,Additi_Gupta,0054_03.jpg,vggface2_balanced_100_100/n000069/0054_03.jpg
VGGFace2,n000069,Additi_Gupta,0054_04.jpg,vggface2_balanced_100_100/n000069/0054_04.jpg
VGGFace2,n000069,Additi_Gupta,0054_05.jpg,vggface2_balanced_100_100/n000069/0054_05.jpg
VGGFace2,n000069,Additi_Gupta,0054_06.jpg,vggface2_balanced_100_100/n000069/0054_06.jpg
VGGFace2,n000069,Additi_Gupta,0054_07.jpg,vggface2_balanced_100_100/n000069/0054_07.jpg
VGGFace2,n000069,Additi_Gupta,0055_01.jpg,vggface2_balanced_100_100/n000069/0055_01.jpg
VGGFace2,n000069,Additi_Gupta,0056_01.jpg,vggface2_balanced_100_100/n000069/0056_01.jpg
VGGFace2,n000069,Additi_Gupta,0057_01.jpg,vggface2_balanced_100_100/n000069/0057_01.jpg
VGGFace2,n000069,Additi_Gupta,0058_01.jpg,vggface2_balanced_100_100/n000069/0058_01.jpg
VGGFace2,n000069,Additi_Gupta,0059_01.jpg,vggface2_balanced_100_100/n000069/0059_01.jpg
VGGFace2,n000069,Additi_Gupta,0060_01.jpg,vggface2_balanced_100_100/n000069/0060_01.jpg
VGGFace2,n000069,Additi_Gupta,0061_01.jpg,vggface2_balanced_100_100/n000069/0061_01.jpg
VGGFace2,n000069,Additi_Gupta,0062_01.jpg,vggface2_balanced_100_100/n000069/0062_01.jpg
VGGFace2,n000069,Additi_Gupta,0063_01.jpg,vggface2_balanced_100_100/n000069/0063_01.jpg
VGGFace2,n000069,Additi_Gupta,0064_01.jpg,vggface2_balanced_100_100/n000069/0064_01.jpg
VGGFace2,n000069,Additi_Gupta,0066_01.jpg,vggface2_balanced_100_100/n000069/0066_01.jpg
VGGFace2,n000069,Additi_Gupta,0067_01.jpg,vggface2_balanced_100_100/n000069/0067_01.jpg
VGGFace2,n000069,Additi_Gupta,0068_01.jpg,vggface2_balanced_100_100/n000069/0068_01.jpg
VGGFace2,n000069,Additi_Gupta,0069_01.jpg,vggface2_balanced_100_100/n000069/0069_01.jpg
VGGFace2,n000069,Additi_Gupta,0070_01.jpg,vggface2_balanced_100_100/n000069/0070_01.jpg
VGGFace2,n000069,Additi_Gupta,0071_01.jpg,vggface2_balanced_100_100/n000069/0071_01.jpg
VGGFace2,n000069,Additi_Gupta,0072_01.jpg,vggface2_balanced_100_100/n000069/0072_01.jpg
VGGFace2,n000069,Additi_Gupta,0073_01.jpg,vggface2_balanced_100_100/n000069/0073_01.jpg
VGGFace2,n000069,Additi_Gupta,0075_01.jpg,vggface2_balanced_100_100/n000069/0075_01.jpg
VGGFace2,n000070,Adel_Taarabt,0001_01.jpg,vggface2_balanced_100_100/n000070/0001_01.jpg
VGGFace2,n000070,Adel_Taarabt,0002_01.jpg,vggface2_balanced_100_100/n000070/0002_01.jpg
VGGFace2,n000070,Adel_Taarabt,0003_01.jpg,vggface2_balanced_100_100/n000070/0003_01.jpg
VGGFace2,n000070,Adel_Taarabt,0004_01.jpg,vggface2_balanced_100_100/n000070/0004_01.jpg
VGGFace2,n000070,Adel_Taarabt,0005_01.jpg,vggface2_balanced_100_100/n000070/0005_01.jpg
VGGFace2,n000070,Adel_Taarabt,0006_01.jpg,vggface2_balanced_100_100/n000070/0006_01.jpg
VGGFace2,n000070,Adel_Taarabt,0007_01.jpg,vggface2_balanced_100_100/n000070/0007_01.jpg
VGGFace2,n000070,Adel_Taarabt,0008_01.jpg,vggface2_balanced_100_100/n000070/0008_01.jpg
VGGFace2,n000070,Adel_Taarabt,0009_01.jpg,vggface2_balanced_100_100/n000070/0009_01.jpg
VGGFace2,n000070,Adel_Taarabt,0010_01.jpg,vggface2_balanced_100_100/n000070/0010_01.jpg
VGGFace2,n000070,Adel_Taarabt,0011_01.jpg,vggface2_balanced_100_100/n000070/0011_01.jpg
VGGFace2,n000070,Adel_Taarabt,0012_01.jpg,vggface2_balanced_100_100/n000070/0012_01.jpg
VGGFace2,n000070,Adel_Taarabt,0013_01.jpg,vggface2_balanced_100_100/n000070/0013_01.jpg
VGGFace2,n000070,Adel_Taarabt,0014_01.jpg,vggface2_balanced_100_100/n000070/0014_01.jpg
VGGFace2,n000070,Adel_Taarabt,0015_01.jpg,vggface2_balanced_100_100/n000070/0015_01.jpg
VGGFace2,n000070,Adel_Taarabt,0016_01.jpg,vggface2_balanced_100_100/n000070/0016_01.jpg
VGGFace2,n000070,Adel_Taarabt,0017_01.jpg,vggface2_balanced_100_100/n000070/0017_01.jpg
VGGFace2,n000070,Adel_Taarabt,0018_01.jpg,vggface2_balanced_100_100/n000070/0018_01.jpg
VGGFace2,n000070,Adel_Taarabt,0019_01.jpg,vggface2_balanced_100_100/n000070/0019_01.jpg
VGGFace2,n000070,Adel_Taarabt,0020_01.jpg,vggface2_balanced_100_100/n000070/0020_01.jpg
VGGFace2,n000070,Adel_Taarabt,0021_01.jpg,vggface2_balanced_100_100/n000070/0021_01.jpg
VGGFace2,n000070,Adel_Taarabt,0022_01.jpg,vggface2_balanced_100_100/n000070/0022_01.jpg
VGGFace2,n000070,Adel_Taarabt,0023_01.jpg,vggface2_balanced_100_100/n000070/0023_01.jpg
VGGFace2,n000070,Adel_Taarabt,0024_01.jpg,vggface2_balanced_100_100/n000070/0024_01.jpg
VGGFace2,n000070,Adel_Taarabt,0025_01.jpg,vggface2_balanced_100_100/n000070/0025_01.jpg
VGGFace2,n000070,Adel_Taarabt,0026_01.jpg,vggface2_balanced_100_100/n000070/0026_01.jpg
VGGFace2,n000070,Adel_Taarabt,0027_01.jpg,vggface2_balanced_100_100/n000070/0027_01.jpg
VGGFace2,n000070,Adel_Taarabt,0028_01.jpg,vggface2_balanced_100_100/n000070/0028_01.jpg
VGGFace2,n000070,Adel_Taarabt,0029_01.jpg,vggface2_balanced_100_100/n000070/0029_01.jpg
VGGFace2,n000070,Adel_Taarabt,0030_01.jpg,vggface2_balanced_100_100/n000070/0030_01.jpg
VGGFace2,n000070,Adel_Taarabt,0031_01.jpg,vggface2_balanced_100_100/n000070/0031_01.jpg
VGGFace2,n000070,Adel_Taarabt,0032_01.jpg,vggface2_balanced_100_100/n000070/0032_01.jpg
VGGFace2,n000070,Adel_Taarabt,0033_01.jpg,vggface2_balanced_100_100/n000070/0033_01.jpg
VGGFace2,n000070,Adel_Taarabt,0034_01.jpg,vggface2_balanced_100_100/n000070/0034_01.jpg
VGGFace2,n000070,Adel_Taarabt,0035_01.jpg,vggface2_balanced_100_100/n000070/0035_01.jpg
VGGFace2,n000070,Adel_Taarabt,0036_01.jpg,vggface2_balanced_100_100/n000070/0036_01.jpg
VGGFace2,n000070,Adel_Taarabt,0037_01.jpg,vggface2_balanced_100_100/n000070/0037_01.jpg
VGGFace2,n000070,Adel_Taarabt,0038_01.jpg,vggface2_balanced_100_100/n000070/0038_01.jpg
VGGFace2,n000070,Adel_Taarabt,0039_01.jpg,vggface2_balanced_100_100/n000070/0039_01.jpg
VGGFace2,n000070,Adel_Taarabt,0040_01.jpg,vggface2_balanced_100_100/n000070/0040_01.jpg
VGGFace2,n000070,Adel_Taarabt,0041_02.jpg,vggface2_balanced_100_100/n000070/0041_02.jpg
VGGFace2,n000070,Adel_Taarabt,0042_01.jpg,vggface2_balanced_100_100/n000070/0042_01.jpg
VGGFace2,n000070,Adel_Taarabt,0043_01.jpg,vggface2_balanced_100_100/n000070/0043_01.jpg
VGGFace2,n000070,Adel_Taarabt,0044_01.jpg,vggface2_balanced_100_100/n000070/0044_01.jpg
VGGFace2,n000070,Adel_Taarabt,0045_01.jpg,vggface2_balanced_100_100/n000070/0045_01.jpg
VGGFace2,n000070,Adel_Taarabt,0046_01.jpg,vggface2_balanced_100_100/n000070/0046_01.jpg
VGGFace2,n000070,Adel_Taarabt,0047_01.jpg,vggface2_balanced_100_100/n000070/0047_01.jpg
VGGFace2,n000070,Adel_Taarabt,0048_01.jpg,vggface2_balanced_100_100/n000070/0048_01.jpg
VGGFace2,n000070,Adel_Taarabt,0049_01.jpg,vggface2_balanced_100_100/n000070/0049_01.jpg
VGGFace2,n000070,Adel_Taarabt,0050_01.jpg,vggface2_balanced_100_100/n000070/0050_01.jpg
VGGFace2,n000070,Adel_Taarabt,0051_01.jpg,vggface2_balanced_100_100/n000070/0051_01.jpg
VGGFace2,n000070,Adel_Taarabt,0052_01.jpg,vggface2_balanced_100_100/n000070/0052_01.jpg
VGGFace2,n000070,Adel_Taarabt,0053_01.jpg,vggface2_balanced_100_100/n000070/0053_01.jpg
VGGFace2,n000070,Adel_Taarabt,0054_01.jpg,vggface2_balanced_100_100/n000070/0054_01.jpg
VGGFace2,n000070,Adel_Taarabt,0055_01.jpg,vggface2_balanced_100_100/n000070/0055_01.jpg
VGGFace2,n000070,Adel_Taarabt,0056_01.jpg,vggface2_balanced_100_100/n000070/0056_01.jpg
VGGFace2,n000070,Adel_Taarabt,0057_01.jpg,vggface2_balanced_100_100/n000070/0057_01.jpg
VGGFace2,n000070,Adel_Taarabt,0058_01.jpg,vggface2_balanced_100_100/n000070/0058_01.jpg
VGGFace2,n000070,Adel_Taarabt,0059_01.jpg,vggface2_balanced_100_100/n000070/0059_01.jpg
VGGFace2,n000070,Adel_Taarabt,0060_01.jpg,vggface2_balanced_100_100/n000070/0060_01.jpg
VGGFace2,n000070,Adel_Taarabt,0061_01.jpg,vggface2_balanced_100_100/n000070/0061_01.jpg
VGGFace2,n000070,Adel_Taarabt,0062_01.jpg,vggface2_balanced_100_100/n000070/0062_01.jpg
VGGFace2,n000070,Adel_Taarabt,0063_01.jpg,vggface2_balanced_100_100/n000070/0063_01.jpg
VGGFace2,n000070,Adel_Taarabt,0064_02.jpg,vggface2_balanced_100_100/n000070/0064_02.jpg
VGGFace2,n000070,Adel_Taarabt,0064_03.jpg,vggface2_balanced_100_100/n000070/0064_03.jpg
VGGFace2,n000070,Adel_Taarabt,0065_01.jpg,vggface2_balanced_100_100/n000070/0065_01.jpg
VGGFace2,n000070,Adel_Taarabt,0066_01.jpg,vggface2_balanced_100_100/n000070/0066_01.jpg
VGGFace2,n000070,Adel_Taarabt,0067_01.jpg,vggface2_balanced_100_100/n000070/0067_01.jpg
VGGFace2,n000070,Adel_Taarabt,0068_01.jpg,vggface2_balanced_100_100/n000070/0068_01.jpg
VGGFace2,n000070,Adel_Taarabt,0069_01.jpg,vggface2_balanced_100_100/n000070/0069_01.jpg
VGGFace2,n000070,Adel_Taarabt,0070_01.jpg,vggface2_balanced_100_100/n000070/0070_01.jpg
VGGFace2,n000070,Adel_Taarabt,0071_01.jpg,vggface2_balanced_100_100/n000070/0071_01.jpg
VGGFace2,n000070,Adel_Taarabt,0072_01.jpg,vggface2_balanced_100_100/n000070/0072_01.jpg
VGGFace2,n000070,Adel_Taarabt,0073_01.jpg,vggface2_balanced_100_100/n000070/0073_01.jpg
VGGFace2,n000070,Adel_Taarabt,0074_01.jpg,vggface2_balanced_100_100/n000070/0074_01.jpg
VGGFace2,n000070,Adel_Taarabt,0075_02.jpg,vggface2_balanced_100_100/n000070/0075_02.jpg
VGGFace2,n000070,Adel_Taarabt,0076_01.jpg,vggface2_balanced_100_100/n000070/0076_01.jpg
VGGFace2,n000070,Adel_Taarabt,0077_01.jpg,vggface2_balanced_100_100/n000070/0077_01.jpg
VGGFace2,n000070,Adel_Taarabt,0078_01.jpg,vggface2_balanced_100_100/n000070/0078_01.jpg
VGGFace2,n000070,Adel_Taarabt,0078_02.jpg,vggface2_balanced_100_100/n000070/0078_02.jpg
VGGFace2,n000070,Adel_Taarabt,0079_03.jpg,vggface2_balanced_100_100/n000070/0079_03.jpg
VGGFace2,n000070,Adel_Taarabt,0080_01.jpg,vggface2_balanced_100_100/n000070/0080_01.jpg
VGGFace2,n000070,Adel_Taarabt,0081_01.jpg,vggface2_balanced_100_100/n000070/0081_01.jpg
VGGFace2,n000070,Adel_Taarabt,0082_01.jpg,vggface2_balanced_100_100/n000070/0082_01.jpg
VGGFace2,n000070,Adel_Taarabt,0083_01.jpg,vggface2_balanced_100_100/n000070/0083_01.jpg
VGGFace2,n000070,Adel_Taarabt,0084_01.jpg,vggface2_balanced_100_100/n000070/0084_01.jpg
VGGFace2,n000070,Adel_Taarabt,0085_01.jpg,vggface2_balanced_100_100/n000070/0085_01.jpg
VGGFace2,n000070,Adel_Taarabt,0086_01.jpg,vggface2_balanced_100_100/n000070/0086_01.jpg
VGGFace2,n000070,Adel_Taarabt,0087_01.jpg,vggface2_balanced_100_100/n000070/0087_01.jpg
VGGFace2,n000070,Adel_Taarabt,0088_01.jpg,vggface2_balanced_100_100/n000070/0088_01.jpg
VGGFace2,n000070,Adel_Taarabt,0089_01.jpg,vggface2_balanced_100_100/n000070/0089_01.jpg
VGGFace2,n000070,Adel_Taarabt,0090_01.jpg,vggface2_balanced_100_100/n000070/0090_01.jpg
VGGFace2,n000070,Adel_Taarabt,0091_02.jpg,vggface2_balanced_100_100/n000070/0091_02.jpg
VGGFace2,n000070,Adel_Taarabt,0092_02.jpg,vggface2_balanced_100_100/n000070/0092_02.jpg
VGGFace2,n000070,Adel_Taarabt,0093_01.jpg,vggface2_balanced_100_100/n000070/0093_01.jpg
VGGFace2,n000070,Adel_Taarabt,0094_01.jpg,vggface2_balanced_100_100/n000070/0094_01.jpg
VGGFace2,n000070,Adel_Taarabt,0095_01.jpg,vggface2_balanced_100_100/n000070/0095_01.jpg
VGGFace2,n000070,Adel_Taarabt,0096_01.jpg,vggface2_balanced_100_100/n000070/0096_01.jpg
VGGFace2,n000070,Adel_Taarabt,0097_01.jpg,vggface2_balanced_100_100/n000070/0097_01.jpg
VGGFace2,n000070,Adel_Taarabt,0098_01.jpg,vggface2_balanced_100_100/n000070/0098_01.jpg
VGGFace2,n000071,Adele_Silva,0001_01.jpg,vggface2_balanced_100_100/n000071/0001_01.jpg
VGGFace2,n000071,Adele_Silva,0002_01.jpg,vggface2_balanced_100_100/n000071/0002_01.jpg
VGGFace2,n000071,Adele_Silva,0003_01.jpg,vggface2_balanced_100_100/n000071/0003_01.jpg
VGGFace2,n000071,Adele_Silva,0004_01.jpg,vggface2_balanced_100_100/n000071/0004_01.jpg
VGGFace2,n000071,Adele_Silva,0005_01.jpg,vggface2_balanced_100_100/n000071/0005_01.jpg
VGGFace2,n000071,Adele_Silva,0006_01.jpg,vggface2_balanced_100_100/n000071/0006_01.jpg
VGGFace2,n000071,Adele_Silva,0007_01.jpg,vggface2_balanced_100_100/n000071/0007_01.jpg
VGGFace2,n000071,Adele_Silva,0008_01.jpg,vggface2_balanced_100_100/n000071/0008_01.jpg
VGGFace2,n000071,Adele_Silva,0009_01.jpg,vggface2_balanced_100_100/n000071/0009_01.jpg
VGGFace2,n000071,Adele_Silva,0010_01.jpg,vggface2_balanced_100_100/n000071/0010_01.jpg
VGGFace2,n000071,Adele_Silva,0011_01.jpg,vggface2_balanced_100_100/n000071/0011_01.jpg
VGGFace2,n000071,Adele_Silva,0012_02.jpg,vggface2_balanced_100_100/n000071/0012_02.jpg
VGGFace2,n000071,Adele_Silva,0013_01.jpg,vggface2_balanced_100_100/n000071/0013_01.jpg
VGGFace2,n000071,Adele_Silva,0014_03.jpg,vggface2_balanced_100_100/n000071/0014_03.jpg
VGGFace2,n000071,Adele_Silva,0015_01.jpg,vggface2_balanced_100_100/n000071/0015_01.jpg
VGGFace2,n000071,Adele_Silva,0016_01.jpg,vggface2_balanced_100_100/n000071/0016_01.jpg
VGGFace2,n000071,Adele_Silva,0017_01.jpg,vggface2_balanced_100_100/n000071/0017_01.jpg
VGGFace2,n000071,Adele_Silva,0018_01.jpg,vggface2_balanced_100_100/n000071/0018_01.jpg
VGGFace2,n000071,Adele_Silva,0019_01.jpg,vggface2_balanced_100_100/n000071/0019_01.jpg
VGGFace2,n000071,Adele_Silva,0020_01.jpg,vggface2_balanced_100_100/n000071/0020_01.jpg
VGGFace2,n000071,Adele_Silva,0021_01.jpg,vggface2_balanced_100_100/n000071/0021_01.jpg
VGGFace2,n000071,Adele_Silva,0022_01.jpg,vggface2_balanced_100_100/n000071/0022_01.jpg
VGGFace2,n000071,Adele_Silva,0023_01.jpg,vggface2_balanced_100_100/n000071/0023_01.jpg
VGGFace2,n000071,Adele_Silva,0024_01.jpg,vggface2_balanced_100_100/n000071/0024_01.jpg
VGGFace2,n000071,Adele_Silva,0025_02.jpg,vggface2_balanced_100_100/n000071/0025_02.jpg
VGGFace2,n000071,Adele_Silva,0026_01.jpg,vggface2_balanced_100_100/n000071/0026_01.jpg
VGGFace2,n000071,Adele_Silva,0027_01.jpg,vggface2_balanced_100_100/n000071/0027_01.jpg
VGGFace2,n000071,Adele_Silva,0028_01.jpg,vggface2_balanced_100_100/n000071/0028_01.jpg
VGGFace2,n000071,Adele_Silva,0029_03.jpg,vggface2_balanced_100_100/n000071/0029_03.jpg
VGGFace2,n000071,Adele_Silva,0030_01.jpg,vggface2_balanced_100_100/n000071/0030_01.jpg
VGGFace2,n000071,Adele_Silva,0031_01.jpg,vggface2_balanced_100_100/n000071/0031_01.jpg
VGGFace2,n000071,Adele_Silva,0032_01.jpg,vggface2_balanced_100_100/n000071/0032_01.jpg
VGGFace2,n000071,Adele_Silva,0033_01.jpg,vggface2_balanced_100_100/n000071/0033_01.jpg
VGGFace2,n000071,Adele_Silva,0034_01.jpg,vggface2_balanced_100_100/n000071/0034_01.jpg
VGGFace2,n000071,Adele_Silva,0035_01.jpg,vggface2_balanced_100_100/n000071/0035_01.jpg
VGGFace2,n000071,Adele_Silva,0036_01.jpg,vggface2_balanced_100_100/n000071/0036_01.jpg
VGGFace2,n000071,Adele_Silva,0037_01.jpg,vggface2_balanced_100_100/n000071/0037_01.jpg
VGGFace2,n000071,Adele_Silva,0038_01.jpg,vggface2_balanced_100_100/n000071/0038_01.jpg
VGGFace2,n000071,Adele_Silva,0039_01.jpg,vggface2_balanced_100_100/n000071/0039_01.jpg
VGGFace2,n000071,Adele_Silva,0040_01.jpg,vggface2_balanced_100_100/n000071/0040_01.jpg
VGGFace2,n000071,Adele_Silva,0041_02.jpg,vggface2_balanced_100_100/n000071/0041_02.jpg
VGGFace2,n000071,Adele_Silva,0042_01.jpg,vggface2_balanced_100_100/n000071/0042_01.jpg
VGGFace2,n000071,Adele_Silva,0043_01.jpg,vggface2_balanced_100_100/n000071/0043_01.jpg
VGGFace2,n000071,Adele_Silva,0044_01.jpg,vggface2_balanced_100_100/n000071/0044_01.jpg
VGGFace2,n000071,Adele_Silva,0045_01.jpg,vggface2_balanced_100_100/n000071/0045_01.jpg
VGGFace2,n000071,Adele_Silva,0046_01.jpg,vggface2_balanced_100_100/n000071/0046_01.jpg
VGGFace2,n000071,Adele_Silva,0047_01.jpg,vggface2_balanced_100_100/n000071/0047_01.jpg
VGGFace2,n000071,Adele_Silva,0048_01.jpg,vggface2_balanced_100_100/n000071/0048_01.jpg
VGGFace2,n000071,Adele_Silva,0049_01.jpg,vggface2_balanced_100_100/n000071/0049_01.jpg
VGGFace2,n000071,Adele_Silva,0050_02.jpg,vggface2_balanced_100_100/n000071/0050_02.jpg
VGGFace2,n000071,Adele_Silva,0051_01.jpg,vggface2_balanced_100_100/n000071/0051_01.jpg
VGGFace2,n000071,Adele_Silva,0052_01.jpg,vggface2_balanced_100_100/n000071/0052_01.jpg
VGGFace2,n000071,Adele_Silva,0053_02.jpg,vggface2_balanced_100_100/n000071/0053_02.jpg
VGGFace2,n000071,Adele_Silva,0054_01.jpg,vggface2_balanced_100_100/n000071/0054_01.jpg
VGGFace2,n000071,Adele_Silva,0055_01.jpg,vggface2_balanced_100_100/n000071/0055_01.jpg
VGGFace2,n000071,Adele_Silva,0056_06.jpg,vggface2_balanced_100_100/n000071/0056_06.jpg
VGGFace2,n000071,Adele_Silva,0057_01.jpg,vggface2_balanced_100_100/n000071/0057_01.jpg
VGGFace2,n000071,Adele_Silva,0058_01.jpg,vggface2_balanced_100_100/n000071/0058_01.jpg
VGGFace2,n000071,Adele_Silva,0059_01.jpg,vggface2_balanced_100_100/n000071/0059_01.jpg
VGGFace2,n000071,Adele_Silva,0060_01.jpg,vggface2_balanced_100_100/n000071/0060_01.jpg
VGGFace2,n000071,Adele_Silva,0061_01.jpg,vggface2_balanced_100_100/n000071/0061_01.jpg
VGGFace2,n000071,Adele_Silva,0062_01.jpg,vggface2_balanced_100_100/n000071/0062_01.jpg
VGGFace2,n000071,Adele_Silva,0063_01.jpg,vggface2_balanced_100_100/n000071/0063_01.jpg
VGGFace2,n000071,Adele_Silva,0064_01.jpg,vggface2_balanced_100_100/n000071/0064_01.jpg
VGGFace2,n000071,Adele_Silva,0065_01.jpg,vggface2_balanced_100_100/n000071/0065_01.jpg
VGGFace2,n000071,Adele_Silva,0066_01.jpg,vggface2_balanced_100_100/n000071/0066_01.jpg
VGGFace2,n000071,Adele_Silva,0067_01.jpg,vggface2_balanced_100_100/n000071/0067_01.jpg
VGGFace2,n000071,Adele_Silva,0068_01.jpg,vggface2_balanced_100_100/n000071/0068_01.jpg
VGGFace2,n000071,Adele_Silva,0069_01.jpg,vggface2_balanced_100_100/n000071/0069_01.jpg
VGGFace2,n000071,Adele_Silva,0070_01.jpg,vggface2_balanced_100_100/n000071/0070_01.jpg
VGGFace2,n000071,Adele_Silva,0071_01.jpg,vggface2_balanced_100_100/n000071/0071_01.jpg
VGGFace2,n000071,Adele_Silva,0072_01.jpg,vggface2_balanced_100_100/n000071/0072_01.jpg
VGGFace2,n000071,Adele_Silva,0073_01.jpg,vggface2_balanced_100_100/n000071/0073_01.jpg
VGGFace2,n000071,Adele_Silva,0074_02.jpg,vggface2_balanced_100_100/n000071/0074_02.jpg
VGGFace2,n000071,Adele_Silva,0075_03.jpg,vggface2_balanced_100_100/n000071/0075_03.jpg
VGGFace2,n000071,Adele_Silva,0076_01.jpg,vggface2_balanced_100_100/n000071/0076_01.jpg
VGGFace2,n000071,Adele_Silva,0077_01.jpg,vggface2_balanced_100_100/n000071/0077_01.jpg
VGGFace2,n000071,Adele_Silva,0078_01.jpg,vggface2_balanced_100_100/n000071/0078_01.jpg
VGGFace2,n000071,Adele_Silva,0079_01.jpg,vggface2_balanced_100_100/n000071/0079_01.jpg
VGGFace2,n000071,Adele_Silva,0080_01.jpg,vggface2_balanced_100_100/n000071/0080_01.jpg
VGGFace2,n000071,Adele_Silva,0081_01.jpg,vggface2_balanced_100_100/n000071/0081_01.jpg
VGGFace2,n000071,Adele_Silva,0082_01.jpg,vggface2_balanced_100_100/n000071/0082_01.jpg
VGGFace2,n000071,Adele_Silva,0083_01.jpg,vggface2_balanced_100_100/n000071/0083_01.jpg
VGGFace2,n000071,Adele_Silva,0084_01.jpg,vggface2_balanced_100_100/n000071/0084_01.jpg
VGGFace2,n000071,Adele_Silva,0085_01.jpg,vggface2_balanced_100_100/n000071/0085_01.jpg
VGGFace2,n000071,Adele_Silva,0086_01.jpg,vggface2_balanced_100_100/n000071/0086_01.jpg
VGGFace2,n000071,Adele_Silva,0087_01.jpg,vggface2_balanced_100_100/n000071/0087_01.jpg
VGGFace2,n000071,Adele_Silva,0088_01.jpg,vggface2_balanced_100_100/n000071/0088_01.jpg
VGGFace2,n000071,Adele_Silva,0089_04.jpg,vggface2_balanced_100_100/n000071/0089_04.jpg
VGGFace2,n000071,Adele_Silva,0090_01.jpg,vggface2_balanced_100_100/n000071/0090_01.jpg
VGGFace2,n000071,Adele_Silva,0091_02.jpg,vggface2_balanced_100_100/n000071/0091_02.jpg
VGGFace2,n000071,Adele_Silva,0092_01.jpg,vggface2_balanced_100_100/n000071/0092_01.jpg
VGGFace2,n000071,Adele_Silva,0093_01.jpg,vggface2_balanced_100_100/n000071/0093_01.jpg
VGGFace2,n000071,Adele_Silva,0094_01.jpg,vggface2_balanced_100_100/n000071/0094_01.jpg
VGGFace2,n000071,Adele_Silva,0095_01.jpg,vggface2_balanced_100_100/n000071/0095_01.jpg
VGGFace2,n000071,Adele_Silva,0096_01.jpg,vggface2_balanced_100_100/n000071/0096_01.jpg
VGGFace2,n000071,Adele_Silva,0097_02.jpg,vggface2_balanced_100_100/n000071/0097_02.jpg
VGGFace2,n000071,Adele_Silva,0098_01.jpg,vggface2_balanced_100_100/n000071/0098_01.jpg
VGGFace2,n000071,Adele_Silva,0099_01.jpg,vggface2_balanced_100_100/n000071/0099_01.jpg
VGGFace2,n000071,Adele_Silva,0099_02.jpg,vggface2_balanced_100_100/n000071/0099_02.jpg
VGGFace2,n000072,Adelina_Ismajli,0001_01.jpg,vggface2_balanced_100_100/n000072/0001_01.jpg
VGGFace2,n000072,Adelina_Ismajli,0002_01.jpg,vggface2_balanced_100_100/n000072/0002_01.jpg
VGGFace2,n000072,Adelina_Ismajli,0003_01.jpg,vggface2_balanced_100_100/n000072/0003_01.jpg
VGGFace2,n000072,Adelina_Ismajli,0004_02.jpg,vggface2_balanced_100_100/n000072/0004_02.jpg
VGGFace2,n000072,Adelina_Ismajli,0005_01.jpg,vggface2_balanced_100_100/n000072/0005_01.jpg
VGGFace2,n000072,Adelina_Ismajli,0006_01.jpg,vggface2_balanced_100_100/n000072/0006_01.jpg
VGGFace2,n000072,Adelina_Ismajli,0007_01.jpg,vggface2_balanced_100_100/n000072/0007_01.jpg
VGGFace2,n000072,Adelina_Ismajli,0008_01.jpg,vggface2_balanced_100_100/n000072/0008_01.jpg
VGGFace2,n000072,Adelina_Ismajli,0009_01.jpg,vggface2_balanced_100_100/n000072/0009_01.jpg
VGGFace2,n000072,Adelina_Ismajli,0010_03.jpg,vggface2_balanced_100_100/n000072/0010_03.jpg
VGGFace2,n000072,Adelina_Ismajli,0011_01.jpg,vggface2_balanced_100_100/n000072/0011_01.jpg
VGGFace2,n000072,Adelina_Ismajli,0012_02.jpg,vggface2_balanced_100_100/n000072/0012_02.jpg
VGGFace2,n000072,Adelina_Ismajli,0013_01.jpg,vggface2_balanced_100_100/n000072/0013_01.jpg
VGGFace2,n000072,Adelina_Ismajli,0014_01.jpg,vggface2_balanced_100_100/n000072/0014_01.jpg
VGGFace2,n000072,Adelina_Ismajli,0015_01.jpg,vggface2_balanced_100_100/n000072/0015_01.jpg
VGGFace2,n000072,Adelina_Ismajli,0016_02.jpg,vggface2_balanced_100_100/n000072/0016_02.jpg
VGGFace2,n000072,Adelina_Ismajli,0017_01.jpg,vggface2_balanced_100_100/n000072/0017_01.jpg
VGGFace2,n000072,Adelina_Ismajli,0018_01.jpg,vggface2_balanced_100_100/n000072/0018_01.jpg
VGGFace2,n000072,Adelina_Ismajli,0019_01.jpg,vggface2_balanced_100_100/n000072/0019_01.jpg
VGGFace2,n000072,Adelina_Ismajli,0020_01.jpg,vggface2_balanced_100_100/n000072/0020_01.jpg
VGGFace2,n000072,Adelina_Ismajli,0021_02.jpg,vggface2_balanced_100_100/n000072/0021_02.jpg
VGGFace2,n000072,Adelina_Ismajli,0022_01.jpg,vggface2_balanced_100_100/n000072/0022_01.jpg
VGGFace2,n000072,Adelina_Ismajli,0023_01.jpg,vggface2_balanced_100_100/n000072/0023_01.jpg
VGGFace2,n000072,Adelina_Ismajli,0024_02.jpg,vggface2_balanced_100_100/n000072/0024_02.jpg
VGGFace2,n000072,Adelina_Ismajli,0025_01.jpg,vggface2_balanced_100_100/n000072/0025_01.jpg
VGGFace2,n000072,Adelina_Ismajli,0026_01.jpg,vggface2_balanced_100_100/n000072/0026_01.jpg
VGGFace2,n000072,Adelina_Ismajli,0027_01.jpg,vggface2_balanced_100_100/n000072/0027_01.jpg
VGGFace2,n000072,Adelina_Ismajli,0028_01.jpg,vggface2_balanced_100_100/n000072/0028_01.jpg
VGGFace2,n000072,Adelina_Ismajli,0029_01.jpg,vggface2_balanced_100_100/n000072/0029_01.jpg
VGGFace2,n000072,Adelina_Ismajli,0030_01.jpg,vggface2_balanced_100_100/n000072/0030_01.jpg
VGGFace2,n000072,Adelina_Ismajli,0031_01.jpg,vggface2_balanced_100_100/n000072/0031_01.jpg
VGGFace2,n000072,Adelina_Ismajli,0032_01.jpg,vggface2_balanced_100_100/n000072/0032_01.jpg
VGGFace2,n000072,Adelina_Ismajli,0033_01.jpg,vggface2_balanced_100_100/n000072/0033_01.jpg
VGGFace2,n000072,Adelina_Ismajli,0034_01.jpg,vggface2_balanced_100_100/n000072/0034_01.jpg
VGGFace2,n000072,Adelina_Ismajli,0035_01.jpg,vggface2_balanced_100_100/n000072/0035_01.jpg
VGGFace2,n000072,Adelina_Ismajli,0036_01.jpg,vggface2_balanced_100_100/n000072/0036_01.jpg
VGGFace2,n000072,Adelina_Ismajli,0037_01.jpg,vggface2_balanced_100_100/n000072/0037_01.jpg
VGGFace2,n000072,Adelina_Ismajli,0038_01.jpg,vggface2_balanced_100_100/n000072/0038_01.jpg
VGGFace2,n000072,Adelina_Ismajli,0039_01.jpg,vggface2_balanced_100_100/n000072/0039_01.jpg
VGGFace2,n000072,Adelina_Ismajli,0040_01.jpg,vggface2_balanced_100_100/n000072/0040_01.jpg
VGGFace2,n000072,Adelina_Ismajli,0041_01.jpg,vggface2_balanced_100_100/n000072/0041_01.jpg
VGGFace2,n000072,Adelina_Ismajli,0042_01.jpg,vggface2_balanced_100_100/n000072/0042_01.jpg
VGGFace2,n000072,Adelina_Ismajli,0043_03.jpg,vggface2_balanced_100_100/n000072/0043_03.jpg
VGGFace2,n000072,Adelina_Ismajli,0044_01.jpg,vggface2_balanced_100_100/n000072/0044_01.jpg
VGGFace2,n000072,Adelina_Ismajli,0045_01.jpg,vggface2_balanced_100_100/n000072/0045_01.jpg
VGGFace2,n000072,Adelina_Ismajli,0046_01.jpg,vggface2_balanced_100_100/n000072/0046_01.jpg
VGGFace2,n000072,Adelina_Ismajli,0047_01.jpg,vggface2_balanced_100_100/n000072/0047_01.jpg
VGGFace2,n000072,Adelina_Ismajli,0049_01.jpg,vggface2_balanced_100_100/n000072/0049_01.jpg
VGGFace2,n000072,Adelina_Ismajli,0050_01.jpg,vggface2_balanced_100_100/n000072/0050_01.jpg
VGGFace2,n000072,Adelina_Ismajli,0051_01.jpg,vggface2_balanced_100_100/n000072/0051_01.jpg
VGGFace2,n000072,Adelina_Ismajli,0051_02.jpg,vggface2_balanced_100_100/n000072/0051_02.jpg
VGGFace2,n000072,Adelina_Ismajli,0051_03.jpg,vggface2_balanced_100_100/n000072/0051_03.jpg
VGGFace2,n000072,Adelina_Ismajli,0051_04.jpg,vggface2_balanced_100_100/n000072/0051_04.jpg
VGGFace2,n000072,Adelina_Ismajli,0052_01.jpg,vggface2_balanced_100_100/n000072/0052_01.jpg
VGGFace2,n000072,Adelina_Ismajli,0053_01.jpg,vggface2_balanced_100_100/n000072/0053_01.jpg
VGGFace2,n000072,Adelina_Ismajli,0054_03.jpg,vggface2_balanced_100_100/n000072/0054_03.jpg
VGGFace2,n000072,Adelina_Ismajli,0055_01.jpg,vggface2_balanced_100_100/n000072/0055_01.jpg
VGGFace2,n000072,Adelina_Ismajli,0056_01.jpg,vggface2_balanced_100_100/n000072/0056_01.jpg
VGGFace2,n000072,Adelina_Ismajli,0057_01.jpg,vggface2_balanced_100_100/n000072/0057_01.jpg
VGGFace2,n000072,Adelina_Ismajli,0058_01.jpg,vggface2_balanced_100_100/n000072/0058_01.jpg
VGGFace2,n000072,Adelina_Ismajli,0059_01.jpg,vggface2_balanced_100_100/n000072/0059_01.jpg
VGGFace2,n000072,Adelina_Ismajli,0060_01.jpg,vggface2_balanced_100_100/n000072/0060_01.jpg
VGGFace2,n000072,Adelina_Ismajli,0061_01.jpg,vggface2_balanced_100_100/n000072/0061_01.jpg
VGGFace2,n000072,Adelina_Ismajli,0062_01.jpg,vggface2_balanced_100_100/n000072/0062_01.jpg
VGGFace2,n000072,Adelina_Ismajli,0063_02.jpg,vggface2_balanced_100_100/n000072/0063_02.jpg
VGGFace2,n000072,Adelina_Ismajli,0064_01.jpg,vggface2_balanced_100_100/n000072/0064_01.jpg
VGGFace2,n000072,Adelina_Ismajli,0065_01.jpg,vggface2_balanced_100_100/n000072/0065_01.jpg
VGGFace2,n000072,Adelina_Ismajli,0066_01.jpg,vggface2_balanced_100_100/n000072/0066_01.jpg
VGGFace2,n000072,Adelina_Ismajli,0067_01.jpg,vggface2_balanced_100_100/n000072/0067_01.jpg
VGGFace2,n000072,Adelina_Ismajli,0068_01.jpg,vggface2_balanced_100_100/n000072/0068_01.jpg
VGGFace2,n000072,Adelina_Ismajli,0069_01.jpg,vggface2_balanced_100_100/n000072/0069_01.jpg
VGGFace2,n000072,Adelina_Ismajli,0070_01.jpg,vggface2_balanced_100_100/n000072/0070_01.jpg
VGGFace2,n000072,Adelina_Ismajli,0071_01.jpg,vggface2_balanced_100_100/n000072/0071_01.jpg
VGGFace2,n000072,Adelina_Ismajli,0072_01.jpg,vggface2_balanced_100_100/n000072/0072_01.jpg
VGGFace2,n000072,Adelina_Ismajli,0073_01.jpg,vggface2_balanced_100_100/n000072/0073_01.jpg
VGGFace2,n000072,Adelina_Ismajli,0074_01.jpg,vggface2_balanced_100_100/n000072/0074_01.jpg
VGGFace2,n000072,Adelina_Ismajli,0074_02.jpg,vggface2_balanced_100_100/n000072/0074_02.jpg
VGGFace2,n000072,Adelina_Ismajli,0075_01.jpg,vggface2_balanced_100_100/n000072/0075_01.jpg
VGGFace2,n000072,Adelina_Ismajli,0076_01.jpg,vggface2_balanced_100_100/n000072/0076_01.jpg
VGGFace2,n000072,Adelina_Ismajli,0077_01.jpg,vggface2_balanced_100_100/n000072/0077_01.jpg
VGGFace2,n000072,Adelina_Ismajli,0078_01.jpg,vggface2_balanced_100_100/n000072/0078_01.jpg
VGGFace2,n000072,Adelina_Ismajli,0079_01.jpg,vggface2_balanced_100_100/n000072/0079_01.jpg
VGGFace2,n000072,Adelina_Ismajli,0080_01.jpg,vggface2_balanced_100_100/n000072/0080_01.jpg
VGGFace2,n000072,Adelina_Ismajli,0080_02.jpg,vggface2_balanced_100_100/n000072/0080_02.jpg
VGGFace2,n000072,Adelina_Ismajli,0081_01.jpg,vggface2_balanced_100_100/n000072/0081_01.jpg
VGGFace2,n000072,Adelina_Ismajli,0082_02.jpg,vggface2_balanced_100_100/n000072/0082_02.jpg
VGGFace2,n000072,Adelina_Ismajli,0084_02.jpg,vggface2_balanced_100_100/n000072/0084_02.jpg
VGGFace2,n000072,Adelina_Ismajli,0085_02.jpg,vggface2_balanced_100_100/n000072/0085_02.jpg
VGGFace2,n000072,Adelina_Ismajli,0086_01.jpg,vggface2_balanced_100_100/n000072/0086_01.jpg
VGGFace2,n000072,Adelina_Ismajli,0087_01.jpg,vggface2_balanced_100_100/n000072/0087_01.jpg
VGGFace2,n000072,Adelina_Ismajli,0088_01.jpg,vggface2_balanced_100_100/n000072/0088_01.jpg
VGGFace2,n000072,Adelina_Ismajli,0089_01.jpg,vggface2_balanced_100_100/n000072/0089_01.jpg
VGGFace2,n000072,Adelina_Ismajli,0090_01.jpg,vggface2_balanced_100_100/n000072/0090_01.jpg
VGGFace2,n000072,Adelina_Ismajli,0091_01.jpg,vggface2_balanced_100_100/n000072/0091_01.jpg
VGGFace2,n000072,Adelina_Ismajli,0092_02.jpg,vggface2_balanced_100_100/n000072/0092_02.jpg
VGGFace2,n000072,Adelina_Ismajli,0092_03.jpg,vggface2_balanced_100_100/n000072/0092_03.jpg
VGGFace2,n000072,Adelina_Ismajli,0093_01.jpg,vggface2_balanced_100_100/n000072/0093_01.jpg
VGGFace2,n000072,Adelina_Ismajli,0094_01.jpg,vggface2_balanced_100_100/n000072/0094_01.jpg
VGGFace2,n000072,Adelina_Ismajli,0095_01.jpg,vggface2_balanced_100_100/n000072/0095_01.jpg
VGGFace2,n000072,Adelina_Ismajli,0096_01.jpg,vggface2_balanced_100_100/n000072/0096_01.jpg
VGGFace2,n000073,Adelinde_Cornelissen,0001_01.jpg,vggface2_balanced_100_100/n000073/0001_01.jpg
VGGFace2,n000073,Adelinde_Cornelissen,0002_02.jpg,vggface2_balanced_100_100/n000073/0002_02.jpg
VGGFace2,n000073,Adelinde_Cornelissen,0002_03.jpg,vggface2_balanced_100_100/n000073/0002_03.jpg
VGGFace2,n000073,Adelinde_Cornelissen,0003_01.jpg,vggface2_balanced_100_100/n000073/0003_01.jpg
VGGFace2,n000073,Adelinde_Cornelissen,0004_02.jpg,vggface2_balanced_100_100/n000073/0004_02.jpg
VGGFace2,n000073,Adelinde_Cornelissen,0004_03.jpg,vggface2_balanced_100_100/n000073/0004_03.jpg
VGGFace2,n000073,Adelinde_Cornelissen,0005_01.jpg,vggface2_balanced_100_100/n000073/0005_01.jpg
VGGFace2,n000073,Adelinde_Cornelissen,0006_01.jpg,vggface2_balanced_100_100/n000073/0006_01.jpg
VGGFace2,n000073,Adelinde_Cornelissen,0007_01.jpg,vggface2_balanced_100_100/n000073/0007_01.jpg
VGGFace2,n000073,Adelinde_Cornelissen,0007_02.jpg,vggface2_balanced_100_100/n000073/0007_02.jpg
VGGFace2,n000073,Adelinde_Cornelissen,0008_01.jpg,vggface2_balanced_100_100/n000073/0008_01.jpg
VGGFace2,n000073,Adelinde_Cornelissen,0009_01.jpg,vggface2_balanced_100_100/n000073/0009_01.jpg
VGGFace2,n000073,Adelinde_Cornelissen,0010_01.jpg,vggface2_balanced_100_100/n000073/0010_01.jpg
VGGFace2,n000073,Adelinde_Cornelissen,0011_01.jpg,vggface2_balanced_100_100/n000073/0011_01.jpg
VGGFace2,n000073,Adelinde_Cornelissen,0011_02.jpg,vggface2_balanced_100_100/n000073/0011_02.jpg
VGGFace2,n000073,Adelinde_Cornelissen,0012_01.jpg,vggface2_balanced_100_100/n000073/0012_01.jpg
VGGFace2,n000073,Adelinde_Cornelissen,0013_01.jpg,vggface2_balanced_100_100/n000073/0013_01.jpg
VGGFace2,n000073,Adelinde_Cornelissen,0013_03.jpg,vggface2_balanced_100_100/n000073/0013_03.jpg
VGGFace2,n000073,Adelinde_Cornelissen,0013_04.jpg,vggface2_balanced_100_100/n000073/0013_04.jpg
VGGFace2,n000073,Adelinde_Cornelissen,0014_01.jpg,vggface2_balanced_100_100/n000073/0014_01.jpg
VGGFace2,n000073,Adelinde_Cornelissen,0015_01.jpg,vggface2_balanced_100_100/n000073/0015_01.jpg
VGGFace2,n000073,Adelinde_Cornelissen,0016_01.jpg,vggface2_balanced_100_100/n000073/0016_01.jpg
VGGFace2,n000073,Adelinde_Cornelissen,0017_01.jpg,vggface2_balanced_100_100/n000073/0017_01.jpg
VGGFace2,n000073,Adelinde_Cornelissen,0018_01.jpg,vggface2_balanced_100_100/n000073/0018_01.jpg
VGGFace2,n000073,Adelinde_Cornelissen,0019_01.jpg,vggface2_balanced_100_100/n000073/0019_01.jpg
VGGFace2,n000073,Adelinde_Cornelissen,0020_01.jpg,vggface2_balanced_100_100/n000073/0020_01.jpg
VGGFace2,n000073,Adelinde_Cornelissen,0021_01.jpg,vggface2_balanced_100_100/n000073/0021_01.jpg
VGGFace2,n000073,Adelinde_Cornelissen,0022_01.jpg,vggface2_balanced_100_100/n000073/0022_01.jpg
VGGFace2,n000073,Adelinde_Cornelissen,0022_02.jpg,vggface2_balanced_100_100/n000073/0022_02.jpg
VGGFace2,n000073,Adelinde_Cornelissen,0023_01.jpg,vggface2_balanced_100_100/n000073/0023_01.jpg
VGGFace2,n000073,Adelinde_Cornelissen,0024_01.jpg,vggface2_balanced_100_100/n000073/0024_01.jpg
VGGFace2,n000073,Adelinde_Cornelissen,0025_01.jpg,vggface2_balanced_100_100/n000073/0025_01.jpg
VGGFace2,n000073,Adelinde_Cornelissen,0026_01.jpg,vggface2_balanced_100_100/n000073/0026_01.jpg
VGGFace2,n000073,Adelinde_Cornelissen,0026_03.jpg,vggface2_balanced_100_100/n000073/0026_03.jpg
VGGFace2,n000073,Adelinde_Cornelissen,0028_02.jpg,vggface2_balanced_100_100/n000073/0028_02.jpg
VGGFace2,n000073,Adelinde_Cornelissen,0029_01.jpg,vggface2_balanced_100_100/n000073/0029_01.jpg
VGGFace2,n000073,Adelinde_Cornelissen,0029_02.jpg,vggface2_balanced_100_100/n000073/0029_02.jpg
VGGFace2,n000073,Adelinde_Cornelissen,0029_03.jpg,vggface2_balanced_100_100/n000073/0029_03.jpg
VGGFace2,n000073,Adelinde_Cornelissen,0030_01.jpg,vggface2_balanced_100_100/n000073/0030_01.jpg
VGGFace2,n000073,Adelinde_Cornelissen,0030_02.jpg,vggface2_balanced_100_100/n000073/0030_02.jpg
VGGFace2,n000073,Adelinde_Cornelissen,0031_02.jpg,vggface2_balanced_100_100/n000073/0031_02.jpg
VGGFace2,n000073,Adelinde_Cornelissen,0031_03.jpg,vggface2_balanced_100_100/n000073/0031_03.jpg
VGGFace2,n000073,Adelinde_Cornelissen,0032_01.jpg,vggface2_balanced_100_100/n000073/0032_01.jpg
VGGFace2,n000073,Adelinde_Cornelissen,0033_01.jpg,vggface2_balanced_100_100/n000073/0033_01.jpg
VGGFace2,n000073,Adelinde_Cornelissen,0033_02.jpg,vggface2_balanced_100_100/n000073/0033_02.jpg
VGGFace2,n000073,Adelinde_Cornelissen,0034_01.jpg,vggface2_balanced_100_100/n000073/0034_01.jpg
VGGFace2,n000073,Adelinde_Cornelissen,0035_01.jpg,vggface2_balanced_100_100/n000073/0035_01.jpg
VGGFace2,n000073,Adelinde_Cornelissen,0036_01.jpg,vggface2_balanced_100_100/n000073/0036_01.jpg
VGGFace2,n000073,Adelinde_Cornelissen,0037_01.jpg,vggface2_balanced_100_100/n000073/0037_01.jpg
VGGFace2,n000073,Adelinde_Cornelissen,0037_02.jpg,vggface2_balanced_100_100/n000073/0037_02.jpg
VGGFace2,n000073,Adelinde_Cornelissen,0037_03.jpg,vggface2_balanced_100_100/n000073/0037_03.jpg
VGGFace2,n000073,Adelinde_Cornelissen,0038_01.jpg,vggface2_balanced_100_100/n000073/0038_01.jpg
VGGFace2,n000073,Adelinde_Cornelissen,0039_02.jpg,vggface2_balanced_100_100/n000073/0039_02.jpg
VGGFace2,n000073,Adelinde_Cornelissen,0039_03.jpg,vggface2_balanced_100_100/n000073/0039_03.jpg
VGGFace2,n000073,Adelinde_Cornelissen,0040_01.jpg,vggface2_balanced_100_100/n000073/0040_01.jpg
VGGFace2,n000073,Adelinde_Cornelissen,0040_02.jpg,vggface2_balanced_100_100/n000073/0040_02.jpg
VGGFace2,n000073,Adelinde_Cornelissen,0040_03.jpg,vggface2_balanced_100_100/n000073/0040_03.jpg
VGGFace2,n000073,Adelinde_Cornelissen,0042_01.jpg,vggface2_balanced_100_100/n000073/0042_01.jpg
VGGFace2,n000073,Adelinde_Cornelissen,0043_01.jpg,vggface2_balanced_100_100/n000073/0043_01.jpg
VGGFace2,n000073,Adelinde_Cornelissen,0044_01.jpg,vggface2_balanced_100_100/n000073/0044_01.jpg
VGGFace2,n000073,Adelinde_Cornelissen,0044_02.jpg,vggface2_balanced_100_100/n000073/0044_02.jpg
VGGFace2,n000073,Adelinde_Cornelissen,0045_01.jpg,vggface2_balanced_100_100/n000073/0045_01.jpg
VGGFace2,n000073,Adelinde_Cornelissen,0046_01.jpg,vggface2_balanced_100_100/n000073/0046_01.jpg
VGGFace2,n000073,Adelinde_Cornelissen,0047_01.jpg,vggface2_balanced_100_100/n000073/0047_01.jpg
VGGFace2,n000073,Adelinde_Cornelissen,0048_01.jpg,vggface2_balanced_100_100/n000073/0048_01.jpg
VGGFace2,n000073,Adelinde_Cornelissen,0049_01.jpg,vggface2_balanced_100_100/n000073/0049_01.jpg
VGGFace2,n000073,Adelinde_Cornelissen,0049_02.jpg,vggface2_balanced_100_100/n000073/0049_02.jpg
VGGFace2,n000073,Adelinde_Cornelissen,0049_03.jpg,vggface2_balanced_100_100/n000073/0049_03.jpg
VGGFace2,n000073,Adelinde_Cornelissen,0050_01.jpg,vggface2_balanced_100_100/n000073/0050_01.jpg
VGGFace2,n000073,Adelinde_Cornelissen,0051_01.jpg,vggface2_balanced_100_100/n000073/0051_01.jpg
VGGFace2,n000073,Adelinde_Cornelissen,0052_01.jpg,vggface2_balanced_100_100/n000073/0052_01.jpg
VGGFace2,n000073,Adelinde_Cornelissen,0053_01.jpg,vggface2_balanced_100_100/n000073/0053_01.jpg
VGGFace2,n000073,Adelinde_Cornelissen,0054_01.jpg,vggface2_balanced_100_100/n000073/0054_01.jpg
VGGFace2,n000073,Adelinde_Cornelissen,0055_01.jpg,vggface2_balanced_100_100/n000073/0055_01.jpg
VGGFace2,n000073,Adelinde_Cornelissen,0056_01.jpg,vggface2_balanced_100_100/n000073/0056_01.jpg
VGGFace2,n000073,Adelinde_Cornelissen,0057_01.jpg,vggface2_balanced_100_100/n000073/0057_01.jpg
VGGFace2,n000073,Adelinde_Cornelissen,0058_01.jpg,vggface2_balanced_100_100/n000073/0058_01.jpg
VGGFace2,n000073,Adelinde_Cornelissen,0060_01.jpg,vggface2_balanced_100_100/n000073/0060_01.jpg
VGGFace2,n000073,Adelinde_Cornelissen,0061_01.jpg,vggface2_balanced_100_100/n000073/0061_01.jpg
VGGFace2,n000073,Adelinde_Cornelissen,0061_03.jpg,vggface2_balanced_100_100/n000073/0061_03.jpg
VGGFace2,n000073,Adelinde_Cornelissen,0062_01.jpg,vggface2_balanced_100_100/n000073/0062_01.jpg
VGGFace2,n000073,Adelinde_Cornelissen,0063_01.jpg,vggface2_balanced_100_100/n000073/0063_01.jpg
VGGFace2,n000073,Adelinde_Cornelissen,0064_01.jpg,vggface2_balanced_100_100/n000073/0064_01.jpg
VGGFace2,n000073,Adelinde_Cornelissen,0065_01.jpg,vggface2_balanced_100_100/n000073/0065_01.jpg
VGGFace2,n000073,Adelinde_Cornelissen,0066_01.jpg,vggface2_balanced_100_100/n000073/0066_01.jpg
VGGFace2,n000073,Adelinde_Cornelissen,0067_01.jpg,vggface2_balanced_100_100/n000073/0067_01.jpg
VGGFace2,n000073,Adelinde_Cornelissen,0070_01.jpg,vggface2_balanced_100_100/n000073/0070_01.jpg
VGGFace2,n000073,Adelinde_Cornelissen,0071_01.jpg,vggface2_balanced_100_100/n000073/0071_01.jpg
VGGFace2,n000073,Adelinde_Cornelissen,0072_01.jpg,vggface2_balanced_100_100/n000073/0072_01.jpg
VGGFace2,n000073,Adelinde_Cornelissen,0073_01.jpg,vggface2_balanced_100_100/n000073/0073_01.jpg
VGGFace2,n000073,Adelinde_Cornelissen,0074_01.jpg,vggface2_balanced_100_100/n000073/0074_01.jpg
VGGFace2,n000073,Adelinde_Cornelissen,0076_01.jpg,vggface2_balanced_100_100/n000073/0076_01.jpg
VGGFace2,n000073,Adelinde_Cornelissen,0077_01.jpg,vggface2_balanced_100_100/n000073/0077_01.jpg
VGGFace2,n000073,Adelinde_Cornelissen,0078_01.jpg,vggface2_balanced_100_100/n000073/0078_01.jpg
VGGFace2,n000073,Adelinde_Cornelissen,0079_01.jpg,vggface2_balanced_100_100/n000073/0079_01.jpg
VGGFace2,n000073,Adelinde_Cornelissen,0079_03.jpg,vggface2_balanced_100_100/n000073/0079_03.jpg
VGGFace2,n000073,Adelinde_Cornelissen,0080_01.jpg,vggface2_balanced_100_100/n000073/0080_01.jpg
VGGFace2,n000073,Adelinde_Cornelissen,0082_03.jpg,vggface2_balanced_100_100/n000073/0082_03.jpg
VGGFace2,n000073,Adelinde_Cornelissen,0083_01.jpg,vggface2_balanced_100_100/n000073/0083_01.jpg
VGGFace2,n000073,Adelinde_Cornelissen,0083_02.jpg,vggface2_balanced_100_100/n000073/0083_02.jpg
VGGFace2,n000074,Aden_Young,0001_01.jpg,vggface2_balanced_100_100/n000074/0001_01.jpg
VGGFace2,n000074,Aden_Young,0002_01.jpg,vggface2_balanced_100_100/n000074/0002_01.jpg
VGGFace2,n000074,Aden_Young,0003_01.jpg,vggface2_balanced_100_100/n000074/0003_01.jpg
VGGFace2,n000074,Aden_Young,0004_01.jpg,vggface2_balanced_100_100/n000074/0004_01.jpg
VGGFace2,n000074,Aden_Young,0005_01.jpg,vggface2_balanced_100_100/n000074/0005_01.jpg
VGGFace2,n000074,Aden_Young,0006_01.jpg,vggface2_balanced_100_100/n000074/0006_01.jpg
VGGFace2,n000074,Aden_Young,0007_01.jpg,vggface2_balanced_100_100/n000074/0007_01.jpg
VGGFace2,n000074,Aden_Young,0008_01.jpg,vggface2_balanced_100_100/n000074/0008_01.jpg
VGGFace2,n000074,Aden_Young,0009_01.jpg,vggface2_balanced_100_100/n000074/0009_01.jpg
VGGFace2,n000074,Aden_Young,0010_01.jpg,vggface2_balanced_100_100/n000074/0010_01.jpg
VGGFace2,n000074,Aden_Young,0011_01.jpg,vggface2_balanced_100_100/n000074/0011_01.jpg
VGGFace2,n000074,Aden_Young,0012_01.jpg,vggface2_balanced_100_100/n000074/0012_01.jpg
VGGFace2,n000074,Aden_Young,0013_01.jpg,vggface2_balanced_100_100/n000074/0013_01.jpg
VGGFace2,n000074,Aden_Young,0014_01.jpg,vggface2_balanced_100_100/n000074/0014_01.jpg
VGGFace2,n000074,Aden_Young,0015_07.jpg,vggface2_balanced_100_100/n000074/0015_07.jpg
VGGFace2,n000074,Aden_Young,0016_01.jpg,vggface2_balanced_100_100/n000074/0016_01.jpg
VGGFace2,n000074,Aden_Young,0017_01.jpg,vggface2_balanced_100_100/n000074/0017_01.jpg
VGGFace2,n000074,Aden_Young,0018_01.jpg,vggface2_balanced_100_100/n000074/0018_01.jpg
VGGFace2,n000074,Aden_Young,0019_01.jpg,vggface2_balanced_100_100/n000074/0019_01.jpg
VGGFace2,n000074,Aden_Young,0020_06.jpg,vggface2_balanced_100_100/n000074/0020_06.jpg
VGGFace2,n000074,Aden_Young,0021_01.jpg,vggface2_balanced_100_100/n000074/0021_01.jpg
VGGFace2,n000074,Aden_Young,0022_01.jpg,vggface2_balanced_100_100/n000074/0022_01.jpg
VGGFace2,n000074,Aden_Young,0023_01.jpg,vggface2_balanced_100_100/n000074/0023_01.jpg
VGGFace2,n000074,Aden_Young,0024_02.jpg,vggface2_balanced_100_100/n000074/0024_02.jpg
VGGFace2,n000074,Aden_Young,0025_01.jpg,vggface2_balanced_100_100/n000074/0025_01.jpg
VGGFace2,n000074,Aden_Young,0026_02.jpg,vggface2_balanced_100_100/n000074/0026_02.jpg
VGGFace2,n000074,Aden_Young,0027_01.jpg,vggface2_balanced_100_100/n000074/0027_01.jpg
VGGFace2,n000074,Aden_Young,0028_01.jpg,vggface2_balanced_100_100/n000074/0028_01.jpg
VGGFace2,n000074,Aden_Young,0029_01.jpg,vggface2_balanced_100_100/n000074/0029_01.jpg
VGGFace2,n000074,Aden_Young,0030_01.jpg,vggface2_balanced_100_100/n000074/0030_01.jpg
VGGFace2,n000074,Aden_Young,0031_01.jpg,vggface2_balanced_100_100/n000074/0031_01.jpg
VGGFace2,n000074,Aden_Young,0031_04.jpg,vggface2_balanced_100_100/n000074/0031_04.jpg
VGGFace2,n000074,Aden_Young,0032_01.jpg,vggface2_balanced_100_100/n000074/0032_01.jpg
VGGFace2,n000074,Aden_Young,0033_01.jpg,vggface2_balanced_100_100/n000074/0033_01.jpg
VGGFace2,n000074,Aden_Young,0034_01.jpg,vggface2_balanced_100_100/n000074/0034_01.jpg
VGGFace2,n000074,Aden_Young,0035_01.jpg,vggface2_balanced_100_100/n000074/0035_01.jpg
VGGFace2,n000074,Aden_Young,0036_04.jpg,vggface2_balanced_100_100/n000074/0036_04.jpg
VGGFace2,n000074,Aden_Young,0037_05.jpg,vggface2_balanced_100_100/n000074/0037_05.jpg
VGGFace2,n000074,Aden_Young,0038_01.jpg,vggface2_balanced_100_100/n000074/0038_01.jpg
VGGFace2,n000074,Aden_Young,0039_03.jpg,vggface2_balanced_100_100/n000074/0039_03.jpg
VGGFace2,n000074,Aden_Young,0040_02.jpg,vggface2_balanced_100_100/n000074/0040_02.jpg
VGGFace2,n000074,Aden_Young,0041_01.jpg,vggface2_balanced_100_100/n000074/0041_01.jpg
VGGFace2,n000074,Aden_Young,0042_01.jpg,vggface2_balanced_100_100/n000074/0042_01.jpg
VGGFace2,n000074,Aden_Young,0043_01.jpg,vggface2_balanced_100_100/n000074/0043_01.jpg
VGGFace2,n000074,Aden_Young,0044_01.jpg,vggface2_balanced_100_100/n000074/0044_01.jpg
VGGFace2,n000074,Aden_Young,0045_01.jpg,vggface2_balanced_100_100/n000074/0045_01.jpg
VGGFace2,n000074,Aden_Young,0046_01.jpg,vggface2_balanced_100_100/n000074/0046_01.jpg
VGGFace2,n000074,Aden_Young,0047_01.jpg,vggface2_balanced_100_100/n000074/0047_01.jpg
VGGFace2,n000074,Aden_Young,0048_01.jpg,vggface2_balanced_100_100/n000074/0048_01.jpg
VGGFace2,n000074,Aden_Young,0049_01.jpg,vggface2_balanced_100_100/n000074/0049_01.jpg
VGGFace2,n000074,Aden_Young,0050_01.jpg,vggface2_balanced_100_100/n000074/0050_01.jpg
VGGFace2,n000074,Aden_Young,0051_01.jpg,vggface2_balanced_100_100/n000074/0051_01.jpg
VGGFace2,n000074,Aden_Young,0052_01.jpg,vggface2_balanced_100_100/n000074/0052_01.jpg
VGGFace2,n000074,Aden_Young,0053_04.jpg,vggface2_balanced_100_100/n000074/0053_04.jpg
VGGFace2,n000074,Aden_Young,0054_01.jpg,vggface2_balanced_100_100/n000074/0054_01.jpg
VGGFace2,n000074,Aden_Young,0055_01.jpg,vggface2_balanced_100_100/n000074/0055_01.jpg
VGGFace2,n000074,Aden_Young,0056_01.jpg,vggface2_balanced_100_100/n000074/0056_01.jpg
VGGFace2,n000074,Aden_Young,0057_01.jpg,vggface2_balanced_100_100/n000074/0057_01.jpg
VGGFace2,n000074,Aden_Young,0058_02.jpg,vggface2_balanced_100_100/n000074/0058_02.jpg
VGGFace2,n000074,Aden_Young,0059_01.jpg,vggface2_balanced_100_100/n000074/0059_01.jpg
VGGFace2,n000074,Aden_Young,0060_01.jpg,vggface2_balanced_100_100/n000074/0060_01.jpg
VGGFace2,n000074,Aden_Young,0061_01.jpg,vggface2_balanced_100_100/n000074/0061_01.jpg
VGGFace2,n000074,Aden_Young,0062_01.jpg,vggface2_balanced_100_100/n000074/0062_01.jpg
VGGFace2,n000074,Aden_Young,0063_02.jpg,vggface2_balanced_100_100/n000074/0063_02.jpg
VGGFace2,n000074,Aden_Young,0064_01.jpg,vggface2_balanced_100_100/n000074/0064_01.jpg
VGGFace2,n000074,Aden_Young,0065_01.jpg,vggface2_balanced_100_100/n000074/0065_01.jpg
VGGFace2,n000074,Aden_Young,0066_01.jpg,vggface2_balanced_100_100/n000074/0066_01.jpg
VGGFace2,n000074,Aden_Young,0067_03.jpg,vggface2_balanced_100_100/n000074/0067_03.jpg
VGGFace2,n000074,Aden_Young,0068_01.jpg,vggface2_balanced_100_100/n000074/0068_01.jpg
VGGFace2,n000074,Aden_Young,0069_01.jpg,vggface2_balanced_100_100/n000074/0069_01.jpg
VGGFace2,n000074,Aden_Young,0070_01.jpg,vggface2_balanced_100_100/n000074/0070_01.jpg
VGGFace2,n000074,Aden_Young,0071_01.jpg,vggface2_balanced_100_100/n000074/0071_01.jpg
VGGFace2,n000074,Aden_Young,0072_02.jpg,vggface2_balanced_100_100/n000074/0072_02.jpg
VGGFace2,n000074,Aden_Young,0073_01.jpg,vggface2_balanced_100_100/n000074/0073_01.jpg
VGGFace2,n000074,Aden_Young,0074_01.jpg,vggface2_balanced_100_100/n000074/0074_01.jpg
VGGFace2,n000074,Aden_Young,0075_05.jpg,vggface2_balanced_100_100/n000074/0075_05.jpg
VGGFace2,n000074,Aden_Young,0076_01.jpg,vggface2_balanced_100_100/n000074/0076_01.jpg
VGGFace2,n000074,Aden_Young,0077_01.jpg,vggface2_balanced_100_100/n000074/0077_01.jpg
VGGFace2,n000074,Aden_Young,0078_01.jpg,vggface2_balanced_100_100/n000074/0078_01.jpg
VGGFace2,n000074,Aden_Young,0079_01.jpg,vggface2_balanced_100_100/n000074/0079_01.jpg
VGGFace2,n000074,Aden_Young,0080_01.jpg,vggface2_balanced_100_100/n000074/0080_01.jpg
VGGFace2,n000074,Aden_Young,0081_01.jpg,vggface2_balanced_100_100/n000074/0081_01.jpg
VGGFace2,n000074,Aden_Young,0082_01.jpg,vggface2_balanced_100_100/n000074/0082_01.jpg
VGGFace2,n000074,Aden_Young,0083_01.jpg,vggface2_balanced_100_100/n000074/0083_01.jpg
VGGFace2,n000074,Aden_Young,0084_01.jpg,vggface2_balanced_100_100/n000074/0084_01.jpg
VGGFace2,n000074,Aden_Young,0085_01.jpg,vggface2_balanced_100_100/n000074/0085_01.jpg
VGGFace2,n000074,Aden_Young,0086_02.jpg,vggface2_balanced_100_100/n000074/0086_02.jpg
VGGFace2,n000074,Aden_Young,0087_01.jpg,vggface2_balanced_100_100/n000074/0087_01.jpg
VGGFace2,n000074,Aden_Young,0088_01.jpg,vggface2_balanced_100_100/n000074/0088_01.jpg
VGGFace2,n000074,Aden_Young,0089_01.jpg,vggface2_balanced_100_100/n000074/0089_01.jpg
VGGFace2,n000074,Aden_Young,0090_01.jpg,vggface2_balanced_100_100/n000074/0090_01.jpg
VGGFace2,n000074,Aden_Young,0091_01.jpg,vggface2_balanced_100_100/n000074/0091_01.jpg
VGGFace2,n000074,Aden_Young,0092_01.jpg,vggface2_balanced_100_100/n000074/0092_01.jpg
VGGFace2,n000074,Aden_Young,0093_01.jpg,vggface2_balanced_100_100/n000074/0093_01.jpg
VGGFace2,n000074,Aden_Young,0094_01.jpg,vggface2_balanced_100_100/n000074/0094_01.jpg
VGGFace2,n000074,Aden_Young,0095_01.jpg,vggface2_balanced_100_100/n000074/0095_01.jpg
VGGFace2,n000074,Aden_Young,0096_03.jpg,vggface2_balanced_100_100/n000074/0096_03.jpg
VGGFace2,n000074,Aden_Young,0097_01.jpg,vggface2_balanced_100_100/n000074/0097_01.jpg
VGGFace2,n000074,Aden_Young,0098_01.jpg,vggface2_balanced_100_100/n000074/0098_01.jpg
VGGFace2,n000074,Aden_Young,0099_02.jpg,vggface2_balanced_100_100/n000074/0099_02.jpg
VGGFace2,n000075,Aderbal_Freire_Filho,0001_01.jpg,vggface2_balanced_100_100/n000075/0001_01.jpg
VGGFace2,n000075,Aderbal_Freire_Filho,0002_03.jpg,vggface2_balanced_100_100/n000075/0002_03.jpg
VGGFace2,n000075,Aderbal_Freire_Filho,0002_04.jpg,vggface2_balanced_100_100/n000075/0002_04.jpg
VGGFace2,n000075,Aderbal_Freire_Filho,0003_03.jpg,vggface2_balanced_100_100/n000075/0003_03.jpg
VGGFace2,n000075,Aderbal_Freire_Filho,0004_01.jpg,vggface2_balanced_100_100/n000075/0004_01.jpg
VGGFace2,n000075,Aderbal_Freire_Filho,0005_01.jpg,vggface2_balanced_100_100/n000075/0005_01.jpg
VGGFace2,n000075,Aderbal_Freire_Filho,0006_01.jpg,vggface2_balanced_100_100/n000075/0006_01.jpg
VGGFace2,n000075,Aderbal_Freire_Filho,0007_03.jpg,vggface2_balanced_100_100/n000075/0007_03.jpg
VGGFace2,n000075,Aderbal_Freire_Filho,0008_01.jpg,vggface2_balanced_100_100/n000075/0008_01.jpg
VGGFace2,n000075,Aderbal_Freire_Filho,0009_01.jpg,vggface2_balanced_100_100/n000075/0009_01.jpg
VGGFace2,n000075,Aderbal_Freire_Filho,0010_01.jpg,vggface2_balanced_100_100/n000075/0010_01.jpg
VGGFace2,n000075,Aderbal_Freire_Filho,0011_01.jpg,vggface2_balanced_100_100/n000075/0011_01.jpg
VGGFace2,n000075,Aderbal_Freire_Filho,0012_03.jpg,vggface2_balanced_100_100/n000075/0012_03.jpg
VGGFace2,n000075,Aderbal_Freire_Filho,0013_01.jpg,vggface2_balanced_100_100/n000075/0013_01.jpg
VGGFace2,n000075,Aderbal_Freire_Filho,0014_02.jpg,vggface2_balanced_100_100/n000075/0014_02.jpg
VGGFace2,n000075,Aderbal_Freire_Filho,0015_01.jpg,vggface2_balanced_100_100/n000075/0015_01.jpg
VGGFace2,n000075,Aderbal_Freire_Filho,0016_02.jpg,vggface2_balanced_100_100/n000075/0016_02.jpg
VGGFace2,n000075,Aderbal_Freire_Filho,0017_02.jpg,vggface2_balanced_100_100/n000075/0017_02.jpg
VGGFace2,n000075,Aderbal_Freire_Filho,0018_03.jpg,vggface2_balanced_100_100/n000075/0018_03.jpg
VGGFace2,n000075,Aderbal_Freire_Filho,0019_02.jpg,vggface2_balanced_100_100/n000075/0019_02.jpg
VGGFace2,n000075,Aderbal_Freire_Filho,0020_05.jpg,vggface2_balanced_100_100/n000075/0020_05.jpg
VGGFace2,n000075,Aderbal_Freire_Filho,0021_04.jpg,vggface2_balanced_100_100/n000075/0021_04.jpg
VGGFace2,n000075,Aderbal_Freire_Filho,0022_01.jpg,vggface2_balanced_100_100/n000075/0022_01.jpg
VGGFace2,n000075,Aderbal_Freire_Filho,0023_01.jpg,vggface2_balanced_100_100/n000075/0023_01.jpg
VGGFace2,n000075,Aderbal_Freire_Filho,0024_02.jpg,vggface2_balanced_100_100/n000075/0024_02.jpg
VGGFace2,n000075,Aderbal_Freire_Filho,0025_04.jpg,vggface2_balanced_100_100/n000075/0025_04.jpg
VGGFace2,n000075,Aderbal_Freire_Filho,0026_03.jpg,vggface2_balanced_100_100/n000075/0026_03.jpg
VGGFace2,n000075,Aderbal_Freire_Filho,0027_03.jpg,vggface2_balanced_100_100/n000075/0027_03.jpg
VGGFace2,n000075,Aderbal_Freire_Filho,0028_07.jpg,vggface2_balanced_100_100/n000075/0028_07.jpg
VGGFace2,n000075,Aderbal_Freire_Filho,0029_03.jpg,vggface2_balanced_100_100/n000075/0029_03.jpg
VGGFace2,n000075,Aderbal_Freire_Filho,0030_01.jpg,vggface2_balanced_100_100/n000075/0030_01.jpg
VGGFace2,n000075,Aderbal_Freire_Filho,0031_03.jpg,vggface2_balanced_100_100/n000075/0031_03.jpg
VGGFace2,n000075,Aderbal_Freire_Filho,0032_03.jpg,vggface2_balanced_100_100/n000075/0032_03.jpg
VGGFace2,n000075,Aderbal_Freire_Filho,0033_01.jpg,vggface2_balanced_100_100/n000075/0033_01.jpg
VGGFace2,n000075,Aderbal_Freire_Filho,0034_02.jpg,vggface2_balanced_100_100/n000075/0034_02.jpg
VGGFace2,n000075,Aderbal_Freire_Filho,0035_02.jpg,vggface2_balanced_100_100/n000075/0035_02.jpg
VGGFace2,n000075,Aderbal_Freire_Filho,0036_01.jpg,vggface2_balanced_100_100/n000075/0036_01.jpg
VGGFace2,n000075,Aderbal_Freire_Filho,0037_01.jpg,vggface2_balanced_100_100/n000075/0037_01.jpg
VGGFace2,n000075,Aderbal_Freire_Filho,0038_02.jpg,vggface2_balanced_100_100/n000075/0038_02.jpg
VGGFace2,n000075,Aderbal_Freire_Filho,0039_02.jpg,vggface2_balanced_100_100/n000075/0039_02.jpg
VGGFace2,n000075,Aderbal_Freire_Filho,0040_01.jpg,vggface2_balanced_100_100/n000075/0040_01.jpg
VGGFace2,n000075,Aderbal_Freire_Filho,0041_03.jpg,vggface2_balanced_100_100/n000075/0041_03.jpg
VGGFace2,n000075,Aderbal_Freire_Filho,0042_03.jpg,vggface2_balanced_100_100/n000075/0042_03.jpg
VGGFace2,n000075,Aderbal_Freire_Filho,0043_04.jpg,vggface2_balanced_100_100/n000075/0043_04.jpg
VGGFace2,n000075,Aderbal_Freire_Filho,0044_02.jpg,vggface2_balanced_100_100/n000075/0044_02.jpg
VGGFace2,n000075,Aderbal_Freire_Filho,0045_03.jpg,vggface2_balanced_100_100/n000075/0045_03.jpg
VGGFace2,n000075,Aderbal_Freire_Filho,0046_02.jpg,vggface2_balanced_100_100/n000075/0046_02.jpg
VGGFace2,n000075,Aderbal_Freire_Filho,0047_01.jpg,vggface2_balanced_100_100/n000075/0047_01.jpg
VGGFace2,n000075,Aderbal_Freire_Filho,0048_02.jpg,vggface2_balanced_100_100/n000075/0048_02.jpg
VGGFace2,n000075,Aderbal_Freire_Filho,0049_02.jpg,vggface2_balanced_100_100/n000075/0049_02.jpg
VGGFace2,n000075,Aderbal_Freire_Filho,0050_01.jpg,vggface2_balanced_100_100/n000075/0050_01.jpg
VGGFace2,n000075,Aderbal_Freire_Filho,0051_02.jpg,vggface2_balanced_100_100/n000075/0051_02.jpg
VGGFace2,n000075,Aderbal_Freire_Filho,0052_01.jpg,vggface2_balanced_100_100/n000075/0052_01.jpg
VGGFace2,n000075,Aderbal_Freire_Filho,0053_01.jpg,vggface2_balanced_100_100/n000075/0053_01.jpg
VGGFace2,n000075,Aderbal_Freire_Filho,0054_04.jpg,vggface2_balanced_100_100/n000075/0054_04.jpg
VGGFace2,n000075,Aderbal_Freire_Filho,0055_01.jpg,vggface2_balanced_100_100/n000075/0055_01.jpg
VGGFace2,n000075,Aderbal_Freire_Filho,0056_02.jpg,vggface2_balanced_100_100/n000075/0056_02.jpg
VGGFace2,n000075,Aderbal_Freire_Filho,0057_02.jpg,vggface2_balanced_100_100/n000075/0057_02.jpg
VGGFace2,n000075,Aderbal_Freire_Filho,0058_06.jpg,vggface2_balanced_100_100/n000075/0058_06.jpg
VGGFace2,n000075,Aderbal_Freire_Filho,0059_02.jpg,vggface2_balanced_100_100/n000075/0059_02.jpg
VGGFace2,n000075,Aderbal_Freire_Filho,0060_03.jpg,vggface2_balanced_100_100/n000075/0060_03.jpg
VGGFace2,n000075,Aderbal_Freire_Filho,0061_01.jpg,vggface2_balanced_100_100/n000075/0061_01.jpg
VGGFace2,n000075,Aderbal_Freire_Filho,0062_03.jpg,vggface2_balanced_100_100/n000075/0062_03.jpg
VGGFace2,n000075,Aderbal_Freire_Filho,0063_03.jpg,vggface2_balanced_100_100/n000075/0063_03.jpg
VGGFace2,n000075,Aderbal_Freire_Filho,0064_01.jpg,vggface2_balanced_100_100/n000075/0064_01.jpg
VGGFace2,n000075,Aderbal_Freire_Filho,0065_02.jpg,vggface2_balanced_100_100/n000075/0065_02.jpg
VGGFace2,n000075,Aderbal_Freire_Filho,0066_01.jpg,vggface2_balanced_100_100/n000075/0066_01.jpg
VGGFace2,n000075,Aderbal_Freire_Filho,0067_04.jpg,vggface2_balanced_100_100/n000075/0067_04.jpg
VGGFace2,n000075,Aderbal_Freire_Filho,0068_03.jpg,vggface2_balanced_100_100/n000075/0068_03.jpg
VGGFace2,n000075,Aderbal_Freire_Filho,0069_02.jpg,vggface2_balanced_100_100/n000075/0069_02.jpg
VGGFace2,n000075,Aderbal_Freire_Filho,0070_01.jpg,vggface2_balanced_100_100/n000075/0070_01.jpg
VGGFace2,n000075,Aderbal_Freire_Filho,0071_04.jpg,vggface2_balanced_100_100/n000075/0071_04.jpg
VGGFace2,n000075,Aderbal_Freire_Filho,0072_02.jpg,vggface2_balanced_100_100/n000075/0072_02.jpg
VGGFace2,n000075,Aderbal_Freire_Filho,0073_01.jpg,vggface2_balanced_100_100/n000075/0073_01.jpg
VGGFace2,n000075,Aderbal_Freire_Filho,0074_01.jpg,vggface2_balanced_100_100/n000075/0074_01.jpg
VGGFace2,n000075,Aderbal_Freire_Filho,0075_03.jpg,vggface2_balanced_100_100/n000075/0075_03.jpg
VGGFace2,n000075,Aderbal_Freire_Filho,0076_01.jpg,vggface2_balanced_100_100/n000075/0076_01.jpg
VGGFace2,n000075,Aderbal_Freire_Filho,0077_01.jpg,vggface2_balanced_100_100/n000075/0077_01.jpg
VGGFace2,n000075,Aderbal_Freire_Filho,0078_01.jpg,vggface2_balanced_100_100/n000075/0078_01.jpg
VGGFace2,n000075,Aderbal_Freire_Filho,0079_02.jpg,vggface2_balanced_100_100/n000075/0079_02.jpg
VGGFace2,n000075,Aderbal_Freire_Filho,0080_01.jpg,vggface2_balanced_100_100/n000075/0080_01.jpg
VGGFace2,n000075,Aderbal_Freire_Filho,0081_01.jpg,vggface2_balanced_100_100/n000075/0081_01.jpg
VGGFace2,n000075,Aderbal_Freire_Filho,0082_03.jpg,vggface2_balanced_100_100/n000075/0082_03.jpg
VGGFace2,n000075,Aderbal_Freire_Filho,0083_01.jpg,vggface2_balanced_100_100/n000075/0083_01.jpg
VGGFace2,n000075,Aderbal_Freire_Filho,0084_03.jpg,vggface2_balanced_100_100/n000075/0084_03.jpg
VGGFace2,n000075,Aderbal_Freire_Filho,0085_01.jpg,vggface2_balanced_100_100/n000075/0085_01.jpg
VGGFace2,n000075,Aderbal_Freire_Filho,0086_02.jpg,vggface2_balanced_100_100/n000075/0086_02.jpg
VGGFace2,n000075,Aderbal_Freire_Filho,0087_02.jpg,vggface2_balanced_100_100/n000075/0087_02.jpg
VGGFace2,n000075,Aderbal_Freire_Filho,0088_04.jpg,vggface2_balanced_100_100/n000075/0088_04.jpg
VGGFace2,n000075,Aderbal_Freire_Filho,0089_05.jpg,vggface2_balanced_100_100/n000075/0089_05.jpg
VGGFace2,n000075,Aderbal_Freire_Filho,0090_02.jpg,vggface2_balanced_100_100/n000075/0090_02.jpg
VGGFace2,n000075,Aderbal_Freire_Filho,0091_01.jpg,vggface2_balanced_100_100/n000075/0091_01.jpg
VGGFace2,n000075,Aderbal_Freire_Filho,0092_02.jpg,vggface2_balanced_100_100/n000075/0092_02.jpg
VGGFace2,n000075,Aderbal_Freire_Filho,0093_02.jpg,vggface2_balanced_100_100/n000075/0093_02.jpg
VGGFace2,n000075,Aderbal_Freire_Filho,0094_01.jpg,vggface2_balanced_100_100/n000075/0094_01.jpg
VGGFace2,n000075,Aderbal_Freire_Filho,0095_01.jpg,vggface2_balanced_100_100/n000075/0095_01.jpg
VGGFace2,n000075,Aderbal_Freire_Filho,0095_04.jpg,vggface2_balanced_100_100/n000075/0095_04.jpg
VGGFace2,n000075,Aderbal_Freire_Filho,0096_01.jpg,vggface2_balanced_100_100/n000075/0096_01.jpg
VGGFace2,n000075,Aderbal_Freire_Filho,0097_02.jpg,vggface2_balanced_100_100/n000075/0097_02.jpg
VGGFace2,n000075,Aderbal_Freire_Filho,0098_01.jpg,vggface2_balanced_100_100/n000075/0098_01.jpg
VGGFace2,n000076,Adewale_Akinnuoye-Agbaje,0001_01.jpg,vggface2_balanced_100_100/n000076/0001_01.jpg
VGGFace2,n000076,Adewale_Akinnuoye-Agbaje,0002_01.jpg,vggface2_balanced_100_100/n000076/0002_01.jpg
VGGFace2,n000076,Adewale_Akinnuoye-Agbaje,0003_01.jpg,vggface2_balanced_100_100/n000076/0003_01.jpg
VGGFace2,n000076,Adewale_Akinnuoye-Agbaje,0004_01.jpg,vggface2_balanced_100_100/n000076/0004_01.jpg
VGGFace2,n000076,Adewale_Akinnuoye-Agbaje,0005_01.jpg,vggface2_balanced_100_100/n000076/0005_01.jpg
VGGFace2,n000076,Adewale_Akinnuoye-Agbaje,0006_01.jpg,vggface2_balanced_100_100/n000076/0006_01.jpg
VGGFace2,n000076,Adewale_Akinnuoye-Agbaje,0007_01.jpg,vggface2_balanced_100_100/n000076/0007_01.jpg
VGGFace2,n000076,Adewale_Akinnuoye-Agbaje,0008_01.jpg,vggface2_balanced_100_100/n000076/0008_01.jpg
VGGFace2,n000076,Adewale_Akinnuoye-Agbaje,0009_01.jpg,vggface2_balanced_100_100/n000076/0009_01.jpg
VGGFace2,n000076,Adewale_Akinnuoye-Agbaje,0010_01.jpg,vggface2_balanced_100_100/n000076/0010_01.jpg
VGGFace2,n000076,Adewale_Akinnuoye-Agbaje,0011_01.jpg,vggface2_balanced_100_100/n000076/0011_01.jpg
VGGFace2,n000076,Adewale_Akinnuoye-Agbaje,0012_01.jpg,vggface2_balanced_100_100/n000076/0012_01.jpg
VGGFace2,n000076,Adewale_Akinnuoye-Agbaje,0013_01.jpg,vggface2_balanced_100_100/n000076/0013_01.jpg
VGGFace2,n000076,Adewale_Akinnuoye-Agbaje,0014_01.jpg,vggface2_balanced_100_100/n000076/0014_01.jpg
VGGFace2,n000076,Adewale_Akinnuoye-Agbaje,0015_01.jpg,vggface2_balanced_100_100/n000076/0015_01.jpg
VGGFace2,n000076,Adewale_Akinnuoye-Agbaje,0016_01.jpg,vggface2_balanced_100_100/n000076/0016_01.jpg
VGGFace2,n000076,Adewale_Akinnuoye-Agbaje,0017_01.jpg,vggface2_balanced_100_100/n000076/0017_01.jpg
VGGFace2,n000076,Adewale_Akinnuoye-Agbaje,0018_01.jpg,vggface2_balanced_100_100/n000076/0018_01.jpg
VGGFace2,n000076,Adewale_Akinnuoye-Agbaje,0019_01.jpg,vggface2_balanced_100_100/n000076/0019_01.jpg
VGGFace2,n000076,Adewale_Akinnuoye-Agbaje,0020_01.jpg,vggface2_balanced_100_100/n000076/0020_01.jpg
VGGFace2,n000076,Adewale_Akinnuoye-Agbaje,0021_01.jpg,vggface2_balanced_100_100/n000076/0021_01.jpg
VGGFace2,n000076,Adewale_Akinnuoye-Agbaje,0022_01.jpg,vggface2_balanced_100_100/n000076/0022_01.jpg
VGGFace2,n000076,Adewale_Akinnuoye-Agbaje,0023_01.jpg,vggface2_balanced_100_100/n000076/0023_01.jpg
VGGFace2,n000076,Adewale_Akinnuoye-Agbaje,0024_01.jpg,vggface2_balanced_100_100/n000076/0024_01.jpg
VGGFace2,n000076,Adewale_Akinnuoye-Agbaje,0025_01.jpg,vggface2_balanced_100_100/n000076/0025_01.jpg
VGGFace2,n000076,Adewale_Akinnuoye-Agbaje,0026_01.jpg,vggface2_balanced_100_100/n000076/0026_01.jpg
VGGFace2,n000076,Adewale_Akinnuoye-Agbaje,0027_01.jpg,vggface2_balanced_100_100/n000076/0027_01.jpg
VGGFace2,n000076,Adewale_Akinnuoye-Agbaje,0028_01.jpg,vggface2_balanced_100_100/n000076/0028_01.jpg
VGGFace2,n000076,Adewale_Akinnuoye-Agbaje,0029_01.jpg,vggface2_balanced_100_100/n000076/0029_01.jpg
VGGFace2,n000076,Adewale_Akinnuoye-Agbaje,0030_01.jpg,vggface2_balanced_100_100/n000076/0030_01.jpg
VGGFace2,n000076,Adewale_Akinnuoye-Agbaje,0031_01.jpg,vggface2_balanced_100_100/n000076/0031_01.jpg
VGGFace2,n000076,Adewale_Akinnuoye-Agbaje,0032_01.jpg,vggface2_balanced_100_100/n000076/0032_01.jpg
VGGFace2,n000076,Adewale_Akinnuoye-Agbaje,0033_01.jpg,vggface2_balanced_100_100/n000076/0033_01.jpg
VGGFace2,n000076,Adewale_Akinnuoye-Agbaje,0034_01.jpg,vggface2_balanced_100_100/n000076/0034_01.jpg
VGGFace2,n000076,Adewale_Akinnuoye-Agbaje,0035_01.jpg,vggface2_balanced_100_100/n000076/0035_01.jpg
VGGFace2,n000076,Adewale_Akinnuoye-Agbaje,0036_01.jpg,vggface2_balanced_100_100/n000076/0036_01.jpg
VGGFace2,n000076,Adewale_Akinnuoye-Agbaje,0037_01.jpg,vggface2_balanced_100_100/n000076/0037_01.jpg
VGGFace2,n000076,Adewale_Akinnuoye-Agbaje,0038_01.jpg,vggface2_balanced_100_100/n000076/0038_01.jpg
VGGFace2,n000076,Adewale_Akinnuoye-Agbaje,0039_01.jpg,vggface2_balanced_100_100/n000076/0039_01.jpg
VGGFace2,n000076,Adewale_Akinnuoye-Agbaje,0040_01.jpg,vggface2_balanced_100_100/n000076/0040_01.jpg
VGGFace2,n000076,Adewale_Akinnuoye-Agbaje,0041_01.jpg,vggface2_balanced_100_100/n000076/0041_01.jpg
VGGFace2,n000076,Adewale_Akinnuoye-Agbaje,0042_01.jpg,vggface2_balanced_100_100/n000076/0042_01.jpg
VGGFace2,n000076,Adewale_Akinnuoye-Agbaje,0043_01.jpg,vggface2_balanced_100_100/n000076/0043_01.jpg
VGGFace2,n000076,Adewale_Akinnuoye-Agbaje,0044_01.jpg,vggface2_balanced_100_100/n000076/0044_01.jpg
VGGFace2,n000076,Adewale_Akinnuoye-Agbaje,0045_02.jpg,vggface2_balanced_100_100/n000076/0045_02.jpg
VGGFace2,n000076,Adewale_Akinnuoye-Agbaje,0046_01.jpg,vggface2_balanced_100_100/n000076/0046_01.jpg
VGGFace2,n000076,Adewale_Akinnuoye-Agbaje,0047_01.jpg,vggface2_balanced_100_100/n000076/0047_01.jpg
VGGFace2,n000076,Adewale_Akinnuoye-Agbaje,0048_01.jpg,vggface2_balanced_100_100/n000076/0048_01.jpg
VGGFace2,n000076,Adewale_Akinnuoye-Agbaje,0049_01.jpg,vggface2_balanced_100_100/n000076/0049_01.jpg
VGGFace2,n000076,Adewale_Akinnuoye-Agbaje,0050_01.jpg,vggface2_balanced_100_100/n000076/0050_01.jpg
VGGFace2,n000076,Adewale_Akinnuoye-Agbaje,0051_01.jpg,vggface2_balanced_100_100/n000076/0051_01.jpg
VGGFace2,n000076,Adewale_Akinnuoye-Agbaje,0052_01.jpg,vggface2_balanced_100_100/n000076/0052_01.jpg
VGGFace2,n000076,Adewale_Akinnuoye-Agbaje,0053_01.jpg,vggface2_balanced_100_100/n000076/0053_01.jpg
VGGFace2,n000076,Adewale_Akinnuoye-Agbaje,0054_01.jpg,vggface2_balanced_100_100/n000076/0054_01.jpg
VGGFace2,n000076,Adewale_Akinnuoye-Agbaje,0055_01.jpg,vggface2_balanced_100_100/n000076/0055_01.jpg
VGGFace2,n000076,Adewale_Akinnuoye-Agbaje,0056_01.jpg,vggface2_balanced_100_100/n000076/0056_01.jpg
VGGFace2,n000076,Adewale_Akinnuoye-Agbaje,0057_01.jpg,vggface2_balanced_100_100/n000076/0057_01.jpg
VGGFace2,n000076,Adewale_Akinnuoye-Agbaje,0058_01.jpg,vggface2_balanced_100_100/n000076/0058_01.jpg
VGGFace2,n000076,Adewale_Akinnuoye-Agbaje,0059_01.jpg,vggface2_balanced_100_100/n000076/0059_01.jpg
VGGFace2,n000076,Adewale_Akinnuoye-Agbaje,0060_01.jpg,vggface2_balanced_100_100/n000076/0060_01.jpg
VGGFace2,n000076,Adewale_Akinnuoye-Agbaje,0061_01.jpg,vggface2_balanced_100_100/n000076/0061_01.jpg
VGGFace2,n000076,Adewale_Akinnuoye-Agbaje,0062_01.jpg,vggface2_balanced_100_100/n000076/0062_01.jpg
VGGFace2,n000076,Adewale_Akinnuoye-Agbaje,0063_01.jpg,vggface2_balanced_100_100/n000076/0063_01.jpg
VGGFace2,n000076,Adewale_Akinnuoye-Agbaje,0064_01.jpg,vggface2_balanced_100_100/n000076/0064_01.jpg
VGGFace2,n000076,Adewale_Akinnuoye-Agbaje,0065_01.jpg,vggface2_balanced_100_100/n000076/0065_01.jpg
VGGFace2,n000076,Adewale_Akinnuoye-Agbaje,0066_01.jpg,vggface2_balanced_100_100/n000076/0066_01.jpg
VGGFace2,n000076,Adewale_Akinnuoye-Agbaje,0067_01.jpg,vggface2_balanced_100_100/n000076/0067_01.jpg
VGGFace2,n000076,Adewale_Akinnuoye-Agbaje,0068_01.jpg,vggface2_balanced_100_100/n000076/0068_01.jpg
VGGFace2,n000076,Adewale_Akinnuoye-Agbaje,0069_01.jpg,vggface2_balanced_100_100/n000076/0069_01.jpg
VGGFace2,n000076,Adewale_Akinnuoye-Agbaje,0070_01.jpg,vggface2_balanced_100_100/n000076/0070_01.jpg
VGGFace2,n000076,Adewale_Akinnuoye-Agbaje,0071_01.jpg,vggface2_balanced_100_100/n000076/0071_01.jpg
VGGFace2,n000076,Adewale_Akinnuoye-Agbaje,0072_01.jpg,vggface2_balanced_100_100/n000076/0072_01.jpg
VGGFace2,n000076,Adewale_Akinnuoye-Agbaje,0073_01.jpg,vggface2_balanced_100_100/n000076/0073_01.jpg
VGGFace2,n000076,Adewale_Akinnuoye-Agbaje,0074_01.jpg,vggface2_balanced_100_100/n000076/0074_01.jpg
VGGFace2,n000076,Adewale_Akinnuoye-Agbaje,0075_01.jpg,vggface2_balanced_100_100/n000076/0075_01.jpg
VGGFace2,n000076,Adewale_Akinnuoye-Agbaje,0076_01.jpg,vggface2_balanced_100_100/n000076/0076_01.jpg
VGGFace2,n000076,Adewale_Akinnuoye-Agbaje,0077_01.jpg,vggface2_balanced_100_100/n000076/0077_01.jpg
VGGFace2,n000076,Adewale_Akinnuoye-Agbaje,0078_01.jpg,vggface2_balanced_100_100/n000076/0078_01.jpg
VGGFace2,n000076,Adewale_Akinnuoye-Agbaje,0079_01.jpg,vggface2_balanced_100_100/n000076/0079_01.jpg
VGGFace2,n000076,Adewale_Akinnuoye-Agbaje,0080_01.jpg,vggface2_balanced_100_100/n000076/0080_01.jpg
VGGFace2,n000076,Adewale_Akinnuoye-Agbaje,0081_01.jpg,vggface2_balanced_100_100/n000076/0081_01.jpg
VGGFace2,n000076,Adewale_Akinnuoye-Agbaje,0082_01.jpg,vggface2_balanced_100_100/n000076/0082_01.jpg
VGGFace2,n000076,Adewale_Akinnuoye-Agbaje,0083_01.jpg,vggface2_balanced_100_100/n000076/0083_01.jpg
VGGFace2,n000076,Adewale_Akinnuoye-Agbaje,0084_01.jpg,vggface2_balanced_100_100/n000076/0084_01.jpg
VGGFace2,n000076,Adewale_Akinnuoye-Agbaje,0085_01.jpg,vggface2_balanced_100_100/n000076/0085_01.jpg
VGGFace2,n000076,Adewale_Akinnuoye-Agbaje,0086_01.jpg,vggface2_balanced_100_100/n000076/0086_01.jpg
VGGFace2,n000076,Adewale_Akinnuoye-Agbaje,0087_01.jpg,vggface2_balanced_100_100/n000076/0087_01.jpg
VGGFace2,n000076,Adewale_Akinnuoye-Agbaje,0088_01.jpg,vggface2_balanced_100_100/n000076/0088_01.jpg
VGGFace2,n000076,Adewale_Akinnuoye-Agbaje,0089_01.jpg,vggface2_balanced_100_100/n000076/0089_01.jpg
VGGFace2,n000076,Adewale_Akinnuoye-Agbaje,0090_01.jpg,vggface2_balanced_100_100/n000076/0090_01.jpg
VGGFace2,n000076,Adewale_Akinnuoye-Agbaje,0091_01.jpg,vggface2_balanced_100_100/n000076/0091_01.jpg
VGGFace2,n000076,Adewale_Akinnuoye-Agbaje,0092_01.jpg,vggface2_balanced_100_100/n000076/0092_01.jpg
VGGFace2,n000076,Adewale_Akinnuoye-Agbaje,0093_01.jpg,vggface2_balanced_100_100/n000076/0093_01.jpg
VGGFace2,n000076,Adewale_Akinnuoye-Agbaje,0094_01.jpg,vggface2_balanced_100_100/n000076/0094_01.jpg
VGGFace2,n000076,Adewale_Akinnuoye-Agbaje,0095_01.jpg,vggface2_balanced_100_100/n000076/0095_01.jpg
VGGFace2,n000076,Adewale_Akinnuoye-Agbaje,0096_01.jpg,vggface2_balanced_100_100/n000076/0096_01.jpg
VGGFace2,n000076,Adewale_Akinnuoye-Agbaje,0097_01.jpg,vggface2_balanced_100_100/n000076/0097_01.jpg
VGGFace2,n000076,Adewale_Akinnuoye-Agbaje,0098_01.jpg,vggface2_balanced_100_100/n000076/0098_01.jpg
VGGFace2,n000076,Adewale_Akinnuoye-Agbaje,0099_01.jpg,vggface2_balanced_100_100/n000076/0099_01.jpg
VGGFace2,n000076,Adewale_Akinnuoye-Agbaje,0100_02.jpg,vggface2_balanced_100_100/n000076/0100_02.jpg
VGGFace2,n000077,Adhyaksa_Dault,0001_01.jpg,vggface2_balanced_100_100/n000077/0001_01.jpg
VGGFace2,n000077,Adhyaksa_Dault,0002_02.jpg,vggface2_balanced_100_100/n000077/0002_02.jpg
VGGFace2,n000077,Adhyaksa_Dault,0003_01.jpg,vggface2_balanced_100_100/n000077/0003_01.jpg
VGGFace2,n000077,Adhyaksa_Dault,0004_01.jpg,vggface2_balanced_100_100/n000077/0004_01.jpg
VGGFace2,n000077,Adhyaksa_Dault,0005_01.jpg,vggface2_balanced_100_100/n000077/0005_01.jpg
VGGFace2,n000077,Adhyaksa_Dault,0006_01.jpg,vggface2_balanced_100_100/n000077/0006_01.jpg
VGGFace2,n000077,Adhyaksa_Dault,0007_01.jpg,vggface2_balanced_100_100/n000077/0007_01.jpg
VGGFace2,n000077,Adhyaksa_Dault,0008_01.jpg,vggface2_balanced_100_100/n000077/0008_01.jpg
VGGFace2,n000077,Adhyaksa_Dault,0009_01.jpg,vggface2_balanced_100_100/n000077/0009_01.jpg
VGGFace2,n000077,Adhyaksa_Dault,0010_01.jpg,vggface2_balanced_100_100/n000077/0010_01.jpg
VGGFace2,n000077,Adhyaksa_Dault,0011_01.jpg,vggface2_balanced_100_100/n000077/0011_01.jpg
VGGFace2,n000077,Adhyaksa_Dault,0012_01.jpg,vggface2_balanced_100_100/n000077/0012_01.jpg
VGGFace2,n000077,Adhyaksa_Dault,0013_01.jpg,vggface2_balanced_100_100/n000077/0013_01.jpg
VGGFace2,n000077,Adhyaksa_Dault,0014_02.jpg,vggface2_balanced_100_100/n000077/0014_02.jpg
VGGFace2,n000077,Adhyaksa_Dault,0015_03.jpg,vggface2_balanced_100_100/n000077/0015_03.jpg
VGGFace2,n000077,Adhyaksa_Dault,0016_01.jpg,vggface2_balanced_100_100/n000077/0016_01.jpg
VGGFace2,n000077,Adhyaksa_Dault,0017_01.jpg,vggface2_balanced_100_100/n000077/0017_01.jpg
VGGFace2,n000077,Adhyaksa_Dault,0018_01.jpg,vggface2_balanced_100_100/n000077/0018_01.jpg
VGGFace2,n000077,Adhyaksa_Dault,0019_01.jpg,vggface2_balanced_100_100/n000077/0019_01.jpg
VGGFace2,n000077,Adhyaksa_Dault,0020_02.jpg,vggface2_balanced_100_100/n000077/0020_02.jpg
VGGFace2,n000077,Adhyaksa_Dault,0021_01.jpg,vggface2_balanced_100_100/n000077/0021_01.jpg
VGGFace2,n000077,Adhyaksa_Dault,0022_01.jpg,vggface2_balanced_100_100/n000077/0022_01.jpg
VGGFace2,n000077,Adhyaksa_Dault,0023_01.jpg,vggface2_balanced_100_100/n000077/0023_01.jpg
VGGFace2,n000077,Adhyaksa_Dault,0024_01.jpg,vggface2_balanced_100_100/n000077/0024_01.jpg
VGGFace2,n000077,Adhyaksa_Dault,0024_02.jpg,vggface2_balanced_100_100/n000077/0024_02.jpg
VGGFace2,n000077,Adhyaksa_Dault,0025_02.jpg,vggface2_balanced_100_100/n000077/0025_02.jpg
VGGFace2,n000077,Adhyaksa_Dault,0026_04.jpg,vggface2_balanced_100_100/n000077/0026_04.jpg
VGGFace2,n000077,Adhyaksa_Dault,0027_01.jpg,vggface2_balanced_100_100/n000077/0027_01.jpg
VGGFace2,n000077,Adhyaksa_Dault,0028_01.jpg,vggface2_balanced_100_100/n000077/0028_01.jpg
VGGFace2,n000077,Adhyaksa_Dault,0029_01.jpg,vggface2_balanced_100_100/n000077/0029_01.jpg
VGGFace2,n000077,Adhyaksa_Dault,0030_01.jpg,vggface2_balanced_100_100/n000077/0030_01.jpg
VGGFace2,n000077,Adhyaksa_Dault,0031_01.jpg,vggface2_balanced_100_100/n000077/0031_01.jpg
VGGFace2,n000077,Adhyaksa_Dault,0032_01.jpg,vggface2_balanced_100_100/n000077/0032_01.jpg
VGGFace2,n000077,Adhyaksa_Dault,0033_01.jpg,vggface2_balanced_100_100/n000077/0033_01.jpg
VGGFace2,n000077,Adhyaksa_Dault,0034_01.jpg,vggface2_balanced_100_100/n000077/0034_01.jpg
VGGFace2,n000077,Adhyaksa_Dault,0035_01.jpg,vggface2_balanced_100_100/n000077/0035_01.jpg
VGGFace2,n000077,Adhyaksa_Dault,0036_01.jpg,vggface2_balanced_100_100/n000077/0036_01.jpg
VGGFace2,n000077,Adhyaksa_Dault,0037_01.jpg,vggface2_balanced_100_100/n000077/0037_01.jpg
VGGFace2,n000077,Adhyaksa_Dault,0038_05.jpg,vggface2_balanced_100_100/n000077/0038_05.jpg
VGGFace2,n000077,Adhyaksa_Dault,0039_01.jpg,vggface2_balanced_100_100/n000077/0039_01.jpg
VGGFace2,n000077,Adhyaksa_Dault,0040_01.jpg,vggface2_balanced_100_100/n000077/0040_01.jpg
VGGFace2,n000077,Adhyaksa_Dault,0041_01.jpg,vggface2_balanced_100_100/n000077/0041_01.jpg
VGGFace2,n000077,Adhyaksa_Dault,0042_01.jpg,vggface2_balanced_100_100/n000077/0042_01.jpg
VGGFace2,n000077,Adhyaksa_Dault,0043_02.jpg,vggface2_balanced_100_100/n000077/0043_02.jpg
VGGFace2,n000077,Adhyaksa_Dault,0044_01.jpg,vggface2_balanced_100_100/n000077/0044_01.jpg
VGGFace2,n000077,Adhyaksa_Dault,0045_03.jpg,vggface2_balanced_100_100/n000077/0045_03.jpg
VGGFace2,n000077,Adhyaksa_Dault,0046_01.jpg,vggface2_balanced_100_100/n000077/0046_01.jpg
VGGFace2,n000077,Adhyaksa_Dault,0047_02.jpg,vggface2_balanced_100_100/n000077/0047_02.jpg
VGGFace2,n000077,Adhyaksa_Dault,0048_01.jpg,vggface2_balanced_100_100/n000077/0048_01.jpg
VGGFace2,n000077,Adhyaksa_Dault,0049_01.jpg,vggface2_balanced_100_100/n000077/0049_01.jpg
VGGFace2,n000077,Adhyaksa_Dault,0050_01.jpg,vggface2_balanced_100_100/n000077/0050_01.jpg
VGGFace2,n000077,Adhyaksa_Dault,0051_02.jpg,vggface2_balanced_100_100/n000077/0051_02.jpg
VGGFace2,n000077,Adhyaksa_Dault,0052_01.jpg,vggface2_balanced_100_100/n000077/0052_01.jpg
VGGFace2,n000077,Adhyaksa_Dault,0053_01.jpg,vggface2_balanced_100_100/n000077/0053_01.jpg
VGGFace2,n000077,Adhyaksa_Dault,0054_01.jpg,vggface2_balanced_100_100/n000077/0054_01.jpg
VGGFace2,n000077,Adhyaksa_Dault,0054_02.jpg,vggface2_balanced_100_100/n000077/0054_02.jpg
VGGFace2,n000077,Adhyaksa_Dault,0054_03.jpg,vggface2_balanced_100_100/n000077/0054_03.jpg
VGGFace2,n000077,Adhyaksa_Dault,0055_01.jpg,vggface2_balanced_100_100/n000077/0055_01.jpg
VGGFace2,n000077,Adhyaksa_Dault,0056_01.jpg,vggface2_balanced_100_100/n000077/0056_01.jpg
VGGFace2,n000077,Adhyaksa_Dault,0057_01.jpg,vggface2_balanced_100_100/n000077/0057_01.jpg
VGGFace2,n000077,Adhyaksa_Dault,0058_01.jpg,vggface2_balanced_100_100/n000077/0058_01.jpg
VGGFace2,n000077,Adhyaksa_Dault,0059_01.jpg,vggface2_balanced_100_100/n000077/0059_01.jpg
VGGFace2,n000077,Adhyaksa_Dault,0060_02.jpg,vggface2_balanced_100_100/n000077/0060_02.jpg
VGGFace2,n000077,Adhyaksa_Dault,0060_03.jpg,vggface2_balanced_100_100/n000077/0060_03.jpg
VGGFace2,n000077,Adhyaksa_Dault,0061_03.jpg,vggface2_balanced_100_100/n000077/0061_03.jpg
VGGFace2,n000077,Adhyaksa_Dault,0062_01.jpg,vggface2_balanced_100_100/n000077/0062_01.jpg
VGGFace2,n000077,Adhyaksa_Dault,0063_01.jpg,vggface2_balanced_100_100/n000077/0063_01.jpg
VGGFace2,n000077,Adhyaksa_Dault,0064_02.jpg,vggface2_balanced_100_100/n000077/0064_02.jpg
VGGFace2,n000077,Adhyaksa_Dault,0065_01.jpg,vggface2_balanced_100_100/n000077/0065_01.jpg
VGGFace2,n000077,Adhyaksa_Dault,0066_01.jpg,vggface2_balanced_100_100/n000077/0066_01.jpg
VGGFace2,n000077,Adhyaksa_Dault,0067_01.jpg,vggface2_balanced_100_100/n000077/0067_01.jpg
VGGFace2,n000077,Adhyaksa_Dault,0068_01.jpg,vggface2_balanced_100_100/n000077/0068_01.jpg
VGGFace2,n000077,Adhyaksa_Dault,0069_01.jpg,vggface2_balanced_100_100/n000077/0069_01.jpg
VGGFace2,n000077,Adhyaksa_Dault,0069_03.jpg,vggface2_balanced_100_100/n000077/0069_03.jpg
VGGFace2,n000077,Adhyaksa_Dault,0070_01.jpg,vggface2_balanced_100_100/n000077/0070_01.jpg
VGGFace2,n000077,Adhyaksa_Dault,0071_01.jpg,vggface2_balanced_100_100/n000077/0071_01.jpg
VGGFace2,n000077,Adhyaksa_Dault,0072_01.jpg,vggface2_balanced_100_100/n000077/0072_01.jpg
VGGFace2,n000077,Adhyaksa_Dault,0073_02.jpg,vggface2_balanced_100_100/n000077/0073_02.jpg
VGGFace2,n000077,Adhyaksa_Dault,0074_01.jpg,vggface2_balanced_100_100/n000077/0074_01.jpg
VGGFace2,n000077,Adhyaksa_Dault,0075_01.jpg,vggface2_balanced_100_100/n000077/0075_01.jpg
VGGFace2,n000077,Adhyaksa_Dault,0076_01.jpg,vggface2_balanced_100_100/n000077/0076_01.jpg
VGGFace2,n000077,Adhyaksa_Dault,0077_03.jpg,vggface2_balanced_100_100/n000077/0077_03.jpg
VGGFace2,n000077,Adhyaksa_Dault,0078_01.jpg,vggface2_balanced_100_100/n000077/0078_01.jpg
VGGFace2,n000077,Adhyaksa_Dault,0079_01.jpg,vggface2_balanced_100_100/n000077/0079_01.jpg
VGGFace2,n000077,Adhyaksa_Dault,0080_01.jpg,vggface2_balanced_100_100/n000077/0080_01.jpg
VGGFace2,n000077,Adhyaksa_Dault,0081_04.jpg,vggface2_balanced_100_100/n000077/0081_04.jpg
VGGFace2,n000077,Adhyaksa_Dault,0082_01.jpg,vggface2_balanced_100_100/n000077/0082_01.jpg
VGGFace2,n000077,Adhyaksa_Dault,0083_01.jpg,vggface2_balanced_100_100/n000077/0083_01.jpg
VGGFace2,n000077,Adhyaksa_Dault,0084_01.jpg,vggface2_balanced_100_100/n000077/0084_01.jpg
VGGFace2,n000077,Adhyaksa_Dault,0085_01.jpg,vggface2_balanced_100_100/n000077/0085_01.jpg
VGGFace2,n000077,Adhyaksa_Dault,0086_01.jpg,vggface2_balanced_100_100/n000077/0086_01.jpg
VGGFace2,n000077,Adhyaksa_Dault,0087_02.jpg,vggface2_balanced_100_100/n000077/0087_02.jpg
VGGFace2,n000077,Adhyaksa_Dault,0088_01.jpg,vggface2_balanced_100_100/n000077/0088_01.jpg
VGGFace2,n000077,Adhyaksa_Dault,0089_03.jpg,vggface2_balanced_100_100/n000077/0089_03.jpg
VGGFace2,n000077,Adhyaksa_Dault,0090_02.jpg,vggface2_balanced_100_100/n000077/0090_02.jpg
VGGFace2,n000077,Adhyaksa_Dault,0091_01.jpg,vggface2_balanced_100_100/n000077/0091_01.jpg
VGGFace2,n000077,Adhyaksa_Dault,0092_01.jpg,vggface2_balanced_100_100/n000077/0092_01.jpg
VGGFace2,n000077,Adhyaksa_Dault,0093_04.jpg,vggface2_balanced_100_100/n000077/0093_04.jpg
VGGFace2,n000077,Adhyaksa_Dault,0093_06.jpg,vggface2_balanced_100_100/n000077/0093_06.jpg
VGGFace2,n000077,Adhyaksa_Dault,0094_01.jpg,vggface2_balanced_100_100/n000077/0094_01.jpg
VGGFace2,n000079,Adil_Rami,0001_01.jpg,vggface2_balanced_100_100/n000079/0001_01.jpg
VGGFace2,n000079,Adil_Rami,0002_01.jpg,vggface2_balanced_100_100/n000079/0002_01.jpg
VGGFace2,n000079,Adil_Rami,0003_01.jpg,vggface2_balanced_100_100/n000079/0003_01.jpg
VGGFace2,n000079,Adil_Rami,0004_01.jpg,vggface2_balanced_100_100/n000079/0004_01.jpg
VGGFace2,n000079,Adil_Rami,0005_01.jpg,vggface2_balanced_100_100/n000079/0005_01.jpg
VGGFace2,n000079,Adil_Rami,0006_01.jpg,vggface2_balanced_100_100/n000079/0006_01.jpg
VGGFace2,n000079,Adil_Rami,0007_01.jpg,vggface2_balanced_100_100/n000079/0007_01.jpg
VGGFace2,n000079,Adil_Rami,0008_01.jpg,vggface2_balanced_100_100/n000079/0008_01.jpg
VGGFace2,n000079,Adil_Rami,0009_01.jpg,vggface2_balanced_100_100/n000079/0009_01.jpg
VGGFace2,n000079,Adil_Rami,0010_01.jpg,vggface2_balanced_100_100/n000079/0010_01.jpg
VGGFace2,n000079,Adil_Rami,0011_01.jpg,vggface2_balanced_100_100/n000079/0011_01.jpg
VGGFace2,n000079,Adil_Rami,0012_01.jpg,vggface2_balanced_100_100/n000079/0012_01.jpg
VGGFace2,n000079,Adil_Rami,0013_01.jpg,vggface2_balanced_100_100/n000079/0013_01.jpg
VGGFace2,n000079,Adil_Rami,0014_01.jpg,vggface2_balanced_100_100/n000079/0014_01.jpg
VGGFace2,n000079,Adil_Rami,0015_01.jpg,vggface2_balanced_100_100/n000079/0015_01.jpg
VGGFace2,n000079,Adil_Rami,0016_01.jpg,vggface2_balanced_100_100/n000079/0016_01.jpg
VGGFace2,n000079,Adil_Rami,0017_01.jpg,vggface2_balanced_100_100/n000079/0017_01.jpg
VGGFace2,n000079,Adil_Rami,0018_01.jpg,vggface2_balanced_100_100/n000079/0018_01.jpg
VGGFace2,n000079,Adil_Rami,0019_01.jpg,vggface2_balanced_100_100/n000079/0019_01.jpg
VGGFace2,n000079,Adil_Rami,0020_01.jpg,vggface2_balanced_100_100/n000079/0020_01.jpg
VGGFace2,n000079,Adil_Rami,0021_01.jpg,vggface2_balanced_100_100/n000079/0021_01.jpg
VGGFace2,n000079,Adil_Rami,0022_01.jpg,vggface2_balanced_100_100/n000079/0022_01.jpg
VGGFace2,n000079,Adil_Rami,0023_01.jpg,vggface2_balanced_100_100/n000079/0023_01.jpg
VGGFace2,n000079,Adil_Rami,0024_02.jpg,vggface2_balanced_100_100/n000079/0024_02.jpg
VGGFace2,n000079,Adil_Rami,0025_01.jpg,vggface2_balanced_100_100/n000079/0025_01.jpg
VGGFace2,n000079,Adil_Rami,0026_01.jpg,vggface2_balanced_100_100/n000079/0026_01.jpg
VGGFace2,n000079,Adil_Rami,0027_01.jpg,vggface2_balanced_100_100/n000079/0027_01.jpg
VGGFace2,n000079,Adil_Rami,0028_01.jpg,vggface2_balanced_100_100/n000079/0028_01.jpg
VGGFace2,n000079,Adil_Rami,0029_01.jpg,vggface2_balanced_100_100/n000079/0029_01.jpg
VGGFace2,n000079,Adil_Rami,0030_01.jpg,vggface2_balanced_100_100/n000079/0030_01.jpg
VGGFace2,n000079,Adil_Rami,0031_01.jpg,vggface2_balanced_100_100/n000079/0031_01.jpg
VGGFace2,n000079,Adil_Rami,0032_02.jpg,vggface2_balanced_100_100/n000079/0032_02.jpg
VGGFace2,n000079,Adil_Rami,0033_01.jpg,vggface2_balanced_100_100/n000079/0033_01.jpg
VGGFace2,n000079,Adil_Rami,0034_01.jpg,vggface2_balanced_100_100/n000079/0034_01.jpg
VGGFace2,n000079,Adil_Rami,0035_01.jpg,vggface2_balanced_100_100/n000079/0035_01.jpg
VGGFace2,n000079,Adil_Rami,0036_01.jpg,vggface2_balanced_100_100/n000079/0036_01.jpg
VGGFace2,n000079,Adil_Rami,0037_01.jpg,vggface2_balanced_100_100/n000079/0037_01.jpg
VGGFace2,n000079,Adil_Rami,0038_01.jpg,vggface2_balanced_100_100/n000079/0038_01.jpg
VGGFace2,n000079,Adil_Rami,0039_01.jpg,vggface2_balanced_100_100/n000079/0039_01.jpg
VGGFace2,n000079,Adil_Rami,0040_01.jpg,vggface2_balanced_100_100/n000079/0040_01.jpg
VGGFace2,n000079,Adil_Rami,0041_01.jpg,vggface2_balanced_100_100/n000079/0041_01.jpg
VGGFace2,n000079,Adil_Rami,0042_01.jpg,vggface2_balanced_100_100/n000079/0042_01.jpg
VGGFace2,n000079,Adil_Rami,0043_01.jpg,vggface2_balanced_100_100/n000079/0043_01.jpg
VGGFace2,n000079,Adil_Rami,0044_01.jpg,vggface2_balanced_100_100/n000079/0044_01.jpg
VGGFace2,n000079,Adil_Rami,0045_01.jpg,vggface2_balanced_100_100/n000079/0045_01.jpg
VGGFace2,n000079,Adil_Rami,0046_01.jpg,vggface2_balanced_100_100/n000079/0046_01.jpg
VGGFace2,n000079,Adil_Rami,0047_01.jpg,vggface2_balanced_100_100/n000079/0047_01.jpg
VGGFace2,n000079,Adil_Rami,0048_01.jpg,vggface2_balanced_100_100/n000079/0048_01.jpg
VGGFace2,n000079,Adil_Rami,0049_01.jpg,vggface2_balanced_100_100/n000079/0049_01.jpg
VGGFace2,n000079,Adil_Rami,0050_01.jpg,vggface2_balanced_100_100/n000079/0050_01.jpg
VGGFace2,n000079,Adil_Rami,0051_01.jpg,vggface2_balanced_100_100/n000079/0051_01.jpg
VGGFace2,n000079,Adil_Rami,0052_01.jpg,vggface2_balanced_100_100/n000079/0052_01.jpg
VGGFace2,n000079,Adil_Rami,0053_01.jpg,vggface2_balanced_100_100/n000079/0053_01.jpg
VGGFace2,n000079,Adil_Rami,0054_01.jpg,vggface2_balanced_100_100/n000079/0054_01.jpg
VGGFace2,n000079,Adil_Rami,0055_01.jpg,vggface2_balanced_100_100/n000079/0055_01.jpg
VGGFace2,n000079,Adil_Rami,0056_01.jpg,vggface2_balanced_100_100/n000079/0056_01.jpg
VGGFace2,n000079,Adil_Rami,0057_01.jpg,vggface2_balanced_100_100/n000079/0057_01.jpg
VGGFace2,n000079,Adil_Rami,0058_01.jpg,vggface2_balanced_100_100/n000079/0058_01.jpg
VGGFace2,n000079,Adil_Rami,0059_01.jpg,vggface2_balanced_100_100/n000079/0059_01.jpg
VGGFace2,n000079,Adil_Rami,0060_01.jpg,vggface2_balanced_100_100/n000079/0060_01.jpg
VGGFace2,n000079,Adil_Rami,0061_01.jpg,vggface2_balanced_100_100/n000079/0061_01.jpg
VGGFace2,n000079,Adil_Rami,0062_01.jpg,vggface2_balanced_100_100/n000079/0062_01.jpg
VGGFace2,n000079,Adil_Rami,0063_03.jpg,vggface2_balanced_100_100/n000079/0063_03.jpg
VGGFace2,n000079,Adil_Rami,0064_01.jpg,vggface2_balanced_100_100/n000079/0064_01.jpg
VGGFace2,n000079,Adil_Rami,0065_02.jpg,vggface2_balanced_100_100/n000079/0065_02.jpg
VGGFace2,n000079,Adil_Rami,0066_01.jpg,vggface2_balanced_100_100/n000079/0066_01.jpg
VGGFace2,n000079,Adil_Rami,0067_01.jpg,vggface2_balanced_100_100/n000079/0067_01.jpg
VGGFace2,n000079,Adil_Rami,0068_02.jpg,vggface2_balanced_100_100/n000079/0068_02.jpg
VGGFace2,n000079,Adil_Rami,0069_01.jpg,vggface2_balanced_100_100/n000079/0069_01.jpg
VGGFace2,n000079,Adil_Rami,0070_01.jpg,vggface2_balanced_100_100/n000079/0070_01.jpg
VGGFace2,n000079,Adil_Rami,0071_01.jpg,vggface2_balanced_100_100/n000079/0071_01.jpg
VGGFace2,n000079,Adil_Rami,0072_01.jpg,vggface2_balanced_100_100/n000079/0072_01.jpg
VGGFace2,n000079,Adil_Rami,0073_01.jpg,vggface2_balanced_100_100/n000079/0073_01.jpg
VGGFace2,n000079,Adil_Rami,0074_01.jpg,vggface2_balanced_100_100/n000079/0074_01.jpg
VGGFace2,n000079,Adil_Rami,0075_01.jpg,vggface2_balanced_100_100/n000079/0075_01.jpg
VGGFace2,n000079,Adil_Rami,0076_01.jpg,vggface2_balanced_100_100/n000079/0076_01.jpg
VGGFace2,n000079,Adil_Rami,0077_01.jpg,vggface2_balanced_100_100/n000079/0077_01.jpg
VGGFace2,n000079,Adil_Rami,0078_01.jpg,vggface2_balanced_100_100/n000079/0078_01.jpg
VGGFace2,n000079,Adil_Rami,0079_01.jpg,vggface2_balanced_100_100/n000079/0079_01.jpg
VGGFace2,n000079,Adil_Rami,0080_02.jpg,vggface2_balanced_100_100/n000079/0080_02.jpg
VGGFace2,n000079,Adil_Rami,0081_01.jpg,vggface2_balanced_100_100/n000079/0081_01.jpg
VGGFace2,n000079,Adil_Rami,0082_01.jpg,vggface2_balanced_100_100/n000079/0082_01.jpg
VGGFace2,n000079,Adil_Rami,0083_01.jpg,vggface2_balanced_100_100/n000079/0083_01.jpg
VGGFace2,n000079,Adil_Rami,0084_01.jpg,vggface2_balanced_100_100/n000079/0084_01.jpg
VGGFace2,n000079,Adil_Rami,0085_01.jpg,vggface2_balanced_100_100/n000079/0085_01.jpg
VGGFace2,n000079,Adil_Rami,0086_01.jpg,vggface2_balanced_100_100/n000079/0086_01.jpg
VGGFace2,n000079,Adil_Rami,0087_01.jpg,vggface2_balanced_100_100/n000079/0087_01.jpg
VGGFace2,n000079,Adil_Rami,0088_01.jpg,vggface2_balanced_100_100/n000079/0088_01.jpg
VGGFace2,n000079,Adil_Rami,0089_01.jpg,vggface2_balanced_100_100/n000079/0089_01.jpg
VGGFace2,n000079,Adil_Rami,0090_01.jpg,vggface2_balanced_100_100/n000079/0090_01.jpg
VGGFace2,n000079,Adil_Rami,0091_02.jpg,vggface2_balanced_100_100/n000079/0091_02.jpg
VGGFace2,n000079,Adil_Rami,0092_01.jpg,vggface2_balanced_100_100/n000079/0092_01.jpg
VGGFace2,n000079,Adil_Rami,0093_01.jpg,vggface2_balanced_100_100/n000079/0093_01.jpg
VGGFace2,n000079,Adil_Rami,0094_01.jpg,vggface2_balanced_100_100/n000079/0094_01.jpg
VGGFace2,n000079,Adil_Rami,0095_01.jpg,vggface2_balanced_100_100/n000079/0095_01.jpg
VGGFace2,n000079,Adil_Rami,0096_01.jpg,vggface2_balanced_100_100/n000079/0096_01.jpg
VGGFace2,n000079,Adil_Rami,0097_01.jpg,vggface2_balanced_100_100/n000079/0097_01.jpg
VGGFace2,n000079,Adil_Rami,0098_01.jpg,vggface2_balanced_100_100/n000079/0098_01.jpg
VGGFace2,n000079,Adil_Rami,0099_01.jpg,vggface2_balanced_100_100/n000079/0099_01.jpg
VGGFace2,n000079,Adil_Rami,0100_01.jpg,vggface2_balanced_100_100/n000079/0100_01.jpg
VGGFace2,n000080,Aditi_Rao_Hydari,0001_01.jpg,vggface2_balanced_100_100/n000080/0001_01.jpg
VGGFace2,n000080,Aditi_Rao_Hydari,0002_02.jpg,vggface2_balanced_100_100/n000080/0002_02.jpg
VGGFace2,n000080,Aditi_Rao_Hydari,0003_01.jpg,vggface2_balanced_100_100/n000080/0003_01.jpg
VGGFace2,n000080,Aditi_Rao_Hydari,0004_01.jpg,vggface2_balanced_100_100/n000080/0004_01.jpg
VGGFace2,n000080,Aditi_Rao_Hydari,0005_01.jpg,vggface2_balanced_100_100/n000080/0005_01.jpg
VGGFace2,n000080,Aditi_Rao_Hydari,0006_01.jpg,vggface2_balanced_100_100/n000080/0006_01.jpg
VGGFace2,n000080,Aditi_Rao_Hydari,0006_02.jpg,vggface2_balanced_100_100/n000080/0006_02.jpg
VGGFace2,n000080,Aditi_Rao_Hydari,0007_01.jpg,vggface2_balanced_100_100/n000080/0007_01.jpg
VGGFace2,n000080,Aditi_Rao_Hydari,0007_02.jpg,vggface2_balanced_100_100/n000080/0007_02.jpg
VGGFace2,n000080,Aditi_Rao_Hydari,0008_01.jpg,vggface2_balanced_100_100/n000080/0008_01.jpg
VGGFace2,n000080,Aditi_Rao_Hydari,0008_02.jpg,vggface2_balanced_100_100/n000080/0008_02.jpg
VGGFace2,n000080,Aditi_Rao_Hydari,0009_01.jpg,vggface2_balanced_100_100/n000080/0009_01.jpg
VGGFace2,n000080,Aditi_Rao_Hydari,0010_01.jpg,vggface2_balanced_100_100/n000080/0010_01.jpg
VGGFace2,n000080,Aditi_Rao_Hydari,0010_02.jpg,vggface2_balanced_100_100/n000080/0010_02.jpg
VGGFace2,n000080,Aditi_Rao_Hydari,0010_04.jpg,vggface2_balanced_100_100/n000080/0010_04.jpg
VGGFace2,n000080,Aditi_Rao_Hydari,0011_01.jpg,vggface2_balanced_100_100/n000080/0011_01.jpg
VGGFace2,n000080,Aditi_Rao_Hydari,0011_02.jpg,vggface2_balanced_100_100/n000080/0011_02.jpg
VGGFace2,n000080,Aditi_Rao_Hydari,0011_03.jpg,vggface2_balanced_100_100/n000080/0011_03.jpg
VGGFace2,n000080,Aditi_Rao_Hydari,0012_01.jpg,vggface2_balanced_100_100/n000080/0012_01.jpg
VGGFace2,n000080,Aditi_Rao_Hydari,0014_02.jpg,vggface2_balanced_100_100/n000080/0014_02.jpg
VGGFace2,n000080,Aditi_Rao_Hydari,0015_01.jpg,vggface2_balanced_100_100/n000080/0015_01.jpg
VGGFace2,n000080,Aditi_Rao_Hydari,0016_01.jpg,vggface2_balanced_100_100/n000080/0016_01.jpg
VGGFace2,n000080,Aditi_Rao_Hydari,0017_01.jpg,vggface2_balanced_100_100/n000080/0017_01.jpg
VGGFace2,n000080,Aditi_Rao_Hydari,0018_01.jpg,vggface2_balanced_100_100/n000080/0018_01.jpg
VGGFace2,n000080,Aditi_Rao_Hydari,0019_01.jpg,vggface2_balanced_100_100/n000080/0019_01.jpg
VGGFace2,n000080,Aditi_Rao_Hydari,0020_01.jpg,vggface2_balanced_100_100/n000080/0020_01.jpg
VGGFace2,n000080,Aditi_Rao_Hydari,0021_01.jpg,vggface2_balanced_100_100/n000080/0021_01.jpg
VGGFace2,n000080,Aditi_Rao_Hydari,0022_01.jpg,vggface2_balanced_100_100/n000080/0022_01.jpg
VGGFace2,n000080,Aditi_Rao_Hydari,0023_01.jpg,vggface2_balanced_100_100/n000080/0023_01.jpg
VGGFace2,n000080,Aditi_Rao_Hydari,0024_01.jpg,vggface2_balanced_100_100/n000080/0024_01.jpg
VGGFace2,n000080,Aditi_Rao_Hydari,0025_01.jpg,vggface2_balanced_100_100/n000080/0025_01.jpg
VGGFace2,n000080,Aditi_Rao_Hydari,0026_01.jpg,vggface2_balanced_100_100/n000080/0026_01.jpg
VGGFace2,n000080,Aditi_Rao_Hydari,0027_01.jpg,vggface2_balanced_100_100/n000080/0027_01.jpg
VGGFace2,n000080,Aditi_Rao_Hydari,0027_02.jpg,vggface2_balanced_100_100/n000080/0027_02.jpg
VGGFace2,n000080,Aditi_Rao_Hydari,0027_03.jpg,vggface2_balanced_100_100/n000080/0027_03.jpg
VGGFace2,n000080,Aditi_Rao_Hydari,0028_01.jpg,vggface2_balanced_100_100/n000080/0028_01.jpg
VGGFace2,n000080,Aditi_Rao_Hydari,0029_01.jpg,vggface2_balanced_100_100/n000080/0029_01.jpg
VGGFace2,n000080,Aditi_Rao_Hydari,0030_01.jpg,vggface2_balanced_100_100/n000080/0030_01.jpg
VGGFace2,n000080,Aditi_Rao_Hydari,0031_02.jpg,vggface2_balanced_100_100/n000080/0031_02.jpg
VGGFace2,n000080,Aditi_Rao_Hydari,0032_01.jpg,vggface2_balanced_100_100/n000080/0032_01.jpg
VGGFace2,n000080,Aditi_Rao_Hydari,0032_02.jpg,vggface2_balanced_100_100/n000080/0032_02.jpg
VGGFace2,n000080,Aditi_Rao_Hydari,0033_01.jpg,vggface2_balanced_100_100/n000080/0033_01.jpg
VGGFace2,n000080,Aditi_Rao_Hydari,0034_01.jpg,vggface2_balanced_100_100/n000080/0034_01.jpg
VGGFace2,n000080,Aditi_Rao_Hydari,0035_01.jpg,vggface2_balanced_100_100/n000080/0035_01.jpg
VGGFace2,n000080,Aditi_Rao_Hydari,0036_01.jpg,vggface2_balanced_100_100/n000080/0036_01.jpg
VGGFace2,n000080,Aditi_Rao_Hydari,0037_01.jpg,vggface2_balanced_100_100/n000080/0037_01.jpg
VGGFace2,n000080,Aditi_Rao_Hydari,0038_01.jpg,vggface2_balanced_100_100/n000080/0038_01.jpg
VGGFace2,n000080,Aditi_Rao_Hydari,0039_01.jpg,vggface2_balanced_100_100/n000080/0039_01.jpg
VGGFace2,n000080,Aditi_Rao_Hydari,0039_02.jpg,vggface2_balanced_100_100/n000080/0039_02.jpg
VGGFace2,n000080,Aditi_Rao_Hydari,0039_03.jpg,vggface2_balanced_100_100/n000080/0039_03.jpg
VGGFace2,n000080,Aditi_Rao_Hydari,0039_04.jpg,vggface2_balanced_100_100/n000080/0039_04.jpg
VGGFace2,n000080,Aditi_Rao_Hydari,0040_01.jpg,vggface2_balanced_100_100/n000080/0040_01.jpg
VGGFace2,n000080,Aditi_Rao_Hydari,0042_01.jpg,vggface2_balanced_100_100/n000080/0042_01.jpg
VGGFace2,n000080,Aditi_Rao_Hydari,0043_01.jpg,vggface2_balanced_100_100/n000080/0043_01.jpg
VGGFace2,n000080,Aditi_Rao_Hydari,0044_01.jpg,vggface2_balanced_100_100/n000080/0044_01.jpg
VGGFace2,n000080,Aditi_Rao_Hydari,0045_02.jpg,vggface2_balanced_100_100/n000080/0045_02.jpg
VGGFace2,n000080,Aditi_Rao_Hydari,0046_01.jpg,vggface2_balanced_100_100/n000080/0046_01.jpg
VGGFace2,n000080,Aditi_Rao_Hydari,0047_01.jpg,vggface2_balanced_100_100/n000080/0047_01.jpg
VGGFace2,n000080,Aditi_Rao_Hydari,0048_01.jpg,vggface2_balanced_100_100/n000080/0048_01.jpg
VGGFace2,n000080,Aditi_Rao_Hydari,0048_02.jpg,vggface2_balanced_100_100/n000080/0048_02.jpg
VGGFace2,n000080,Aditi_Rao_Hydari,0048_03.jpg,vggface2_balanced_100_100/n000080/0048_03.jpg
VGGFace2,n000080,Aditi_Rao_Hydari,0049_01.jpg,vggface2_balanced_100_100/n000080/0049_01.jpg
VGGFace2,n000080,Aditi_Rao_Hydari,0050_01.jpg,vggface2_balanced_100_100/n000080/0050_01.jpg
VGGFace2,n000080,Aditi_Rao_Hydari,0051_01.jpg,vggface2_balanced_100_100/n000080/0051_01.jpg
VGGFace2,n000080,Aditi_Rao_Hydari,0052_01.jpg,vggface2_balanced_100_100/n000080/0052_01.jpg
VGGFace2,n000080,Aditi_Rao_Hydari,0053_01.jpg,vggface2_balanced_100_100/n000080/0053_01.jpg
VGGFace2,n000080,Aditi_Rao_Hydari,0054_01.jpg,vggface2_balanced_100_100/n000080/0054_01.jpg
VGGFace2,n000080,Aditi_Rao_Hydari,0055_02.jpg,vggface2_balanced_100_100/n000080/0055_02.jpg
VGGFace2,n000080,Aditi_Rao_Hydari,0056_01.jpg,vggface2_balanced_100_100/n000080/0056_01.jpg
VGGFace2,n000080,Aditi_Rao_Hydari,0057_01.jpg,vggface2_balanced_100_100/n000080/0057_01.jpg
VGGFace2,n000080,Aditi_Rao_Hydari,0058_01.jpg,vggface2_balanced_100_100/n000080/0058_01.jpg
VGGFace2,n000080,Aditi_Rao_Hydari,0059_01.jpg,vggface2_balanced_100_100/n000080/0059_01.jpg
VGGFace2,n000080,Aditi_Rao_Hydari,0060_01.jpg,vggface2_balanced_100_100/n000080/0060_01.jpg
VGGFace2,n000080,Aditi_Rao_Hydari,0061_01.jpg,vggface2_balanced_100_100/n000080/0061_01.jpg
VGGFace2,n000080,Aditi_Rao_Hydari,0061_02.jpg,vggface2_balanced_100_100/n000080/0061_02.jpg
VGGFace2,n000080,Aditi_Rao_Hydari,0062_01.jpg,vggface2_balanced_100_100/n000080/0062_01.jpg
VGGFace2,n000080,Aditi_Rao_Hydari,0063_01.jpg,vggface2_balanced_100_100/n000080/0063_01.jpg
VGGFace2,n000080,Aditi_Rao_Hydari,0063_02.jpg,vggface2_balanced_100_100/n000080/0063_02.jpg
VGGFace2,n000080,Aditi_Rao_Hydari,0064_01.jpg,vggface2_balanced_100_100/n000080/0064_01.jpg
VGGFace2,n000080,Aditi_Rao_Hydari,0065_01.jpg,vggface2_balanced_100_100/n000080/0065_01.jpg
VGGFace2,n000080,Aditi_Rao_Hydari,0066_01.jpg,vggface2_balanced_100_100/n000080/0066_01.jpg
VGGFace2,n000080,Aditi_Rao_Hydari,0067_01.jpg,vggface2_balanced_100_100/n000080/0067_01.jpg
VGGFace2,n000080,Aditi_Rao_Hydari,0067_02.jpg,vggface2_balanced_100_100/n000080/0067_02.jpg
VGGFace2,n000080,Aditi_Rao_Hydari,0067_03.jpg,vggface2_balanced_100_100/n000080/0067_03.jpg
VGGFace2,n000080,Aditi_Rao_Hydari,0068_01.jpg,vggface2_balanced_100_100/n000080/0068_01.jpg
VGGFace2,n000080,Aditi_Rao_Hydari,0068_02.jpg,vggface2_balanced_100_100/n000080/0068_02.jpg
VGGFace2,n000080,Aditi_Rao_Hydari,0069_01.jpg,vggface2_balanced_100_100/n000080/0069_01.jpg
VGGFace2,n000080,Aditi_Rao_Hydari,0070_01.jpg,vggface2_balanced_100_100/n000080/0070_01.jpg
VGGFace2,n000080,Aditi_Rao_Hydari,0071_01.jpg,vggface2_balanced_100_100/n000080/0071_01.jpg
VGGFace2,n000080,Aditi_Rao_Hydari,0072_01.jpg,vggface2_balanced_100_100/n000080/0072_01.jpg
VGGFace2,n000080,Aditi_Rao_Hydari,0073_01.jpg,vggface2_balanced_100_100/n000080/0073_01.jpg
VGGFace2,n000080,Aditi_Rao_Hydari,0074_01.jpg,vggface2_balanced_100_100/n000080/0074_01.jpg
VGGFace2,n000080,Aditi_Rao_Hydari,0074_02.jpg,vggface2_balanced_100_100/n000080/0074_02.jpg
VGGFace2,n000080,Aditi_Rao_Hydari,0074_03.jpg,vggface2_balanced_100_100/n000080/0074_03.jpg
VGGFace2,n000080,Aditi_Rao_Hydari,0075_01.jpg,vggface2_balanced_100_100/n000080/0075_01.jpg
VGGFace2,n000080,Aditi_Rao_Hydari,0076_01.jpg,vggface2_balanced_100_100/n000080/0076_01.jpg
VGGFace2,n000080,Aditi_Rao_Hydari,0077_01.jpg,vggface2_balanced_100_100/n000080/0077_01.jpg
VGGFace2,n000080,Aditi_Rao_Hydari,0078_01.jpg,vggface2_balanced_100_100/n000080/0078_01.jpg
VGGFace2,n000080,Aditi_Rao_Hydari,0079_01.jpg,vggface2_balanced_100_100/n000080/0079_01.jpg
VGGFace2,n000080,Aditi_Rao_Hydari,0080_02.jpg,vggface2_balanced_100_100/n000080/0080_02.jpg
VGGFace2,n000081,Aditya_Roy_Kapur,0001_01.jpg,vggface2_balanced_100_100/n000081/0001_01.jpg
VGGFace2,n000081,Aditya_Roy_Kapur,0002_01.jpg,vggface2_balanced_100_100/n000081/0002_01.jpg
VGGFace2,n000081,Aditya_Roy_Kapur,0003_01.jpg,vggface2_balanced_100_100/n000081/0003_01.jpg
VGGFace2,n000081,Aditya_Roy_Kapur,0004_02.jpg,vggface2_balanced_100_100/n000081/0004_02.jpg
VGGFace2,n000081,Aditya_Roy_Kapur,0005_02.jpg,vggface2_balanced_100_100/n000081/0005_02.jpg
VGGFace2,n000081,Aditya_Roy_Kapur,0006_01.jpg,vggface2_balanced_100_100/n000081/0006_01.jpg
VGGFace2,n000081,Aditya_Roy_Kapur,0007_01.jpg,vggface2_balanced_100_100/n000081/0007_01.jpg
VGGFace2,n000081,Aditya_Roy_Kapur,0008_02.jpg,vggface2_balanced_100_100/n000081/0008_02.jpg
VGGFace2,n000081,Aditya_Roy_Kapur,0009_02.jpg,vggface2_balanced_100_100/n000081/0009_02.jpg
VGGFace2,n000081,Aditya_Roy_Kapur,0010_04.jpg,vggface2_balanced_100_100/n000081/0010_04.jpg
VGGFace2,n000081,Aditya_Roy_Kapur,0011_02.jpg,vggface2_balanced_100_100/n000081/0011_02.jpg
VGGFace2,n000081,Aditya_Roy_Kapur,0012_02.jpg,vggface2_balanced_100_100/n000081/0012_02.jpg
VGGFace2,n000081,Aditya_Roy_Kapur,0013_01.jpg,vggface2_balanced_100_100/n000081/0013_01.jpg
VGGFace2,n000081,Aditya_Roy_Kapur,0014_01.jpg,vggface2_balanced_100_100/n000081/0014_01.jpg
VGGFace2,n000081,Aditya_Roy_Kapur,0014_02.jpg,vggface2_balanced_100_100/n000081/0014_02.jpg
VGGFace2,n000081,Aditya_Roy_Kapur,0015_01.jpg,vggface2_balanced_100_100/n000081/0015_01.jpg
VGGFace2,n000081,Aditya_Roy_Kapur,0016_02.jpg,vggface2_balanced_100_100/n000081/0016_02.jpg
VGGFace2,n000081,Aditya_Roy_Kapur,0017_01.jpg,vggface2_balanced_100_100/n000081/0017_01.jpg
VGGFace2,n000081,Aditya_Roy_Kapur,0018_01.jpg,vggface2_balanced_100_100/n000081/0018_01.jpg
VGGFace2,n000081,Aditya_Roy_Kapur,0019_01.jpg,vggface2_balanced_100_100/n000081/0019_01.jpg
VGGFace2,n000081,Aditya_Roy_Kapur,0020_01.jpg,vggface2_balanced_100_100/n000081/0020_01.jpg
VGGFace2,n000081,Aditya_Roy_Kapur,0021_03.jpg,vggface2_balanced_100_100/n000081/0021_03.jpg
VGGFace2,n000081,Aditya_Roy_Kapur,0022_01.jpg,vggface2_balanced_100_100/n000081/0022_01.jpg
VGGFace2,n000081,Aditya_Roy_Kapur,0023_02.jpg,vggface2_balanced_100_100/n000081/0023_02.jpg
VGGFace2,n000081,Aditya_Roy_Kapur,0024_01.jpg,vggface2_balanced_100_100/n000081/0024_01.jpg
VGGFace2,n000081,Aditya_Roy_Kapur,0025_01.jpg,vggface2_balanced_100_100/n000081/0025_01.jpg
VGGFace2,n000081,Aditya_Roy_Kapur,0026_03.jpg,vggface2_balanced_100_100/n000081/0026_03.jpg
VGGFace2,n000081,Aditya_Roy_Kapur,0027_01.jpg,vggface2_balanced_100_100/n000081/0027_01.jpg
VGGFace2,n000081,Aditya_Roy_Kapur,0028_01.jpg,vggface2_balanced_100_100/n000081/0028_01.jpg
VGGFace2,n000081,Aditya_Roy_Kapur,0029_02.jpg,vggface2_balanced_100_100/n000081/0029_02.jpg
VGGFace2,n000081,Aditya_Roy_Kapur,0030_01.jpg,vggface2_balanced_100_100/n000081/0030_01.jpg
VGGFace2,n000081,Aditya_Roy_Kapur,0031_01.jpg,vggface2_balanced_100_100/n000081/0031_01.jpg
VGGFace2,n000081,Aditya_Roy_Kapur,0032_01.jpg,vggface2_balanced_100_100/n000081/0032_01.jpg
VGGFace2,n000081,Aditya_Roy_Kapur,0033_02.jpg,vggface2_balanced_100_100/n000081/0033_02.jpg
VGGFace2,n000081,Aditya_Roy_Kapur,0034_01.jpg,vggface2_balanced_100_100/n000081/0034_01.jpg
VGGFace2,n000081,Aditya_Roy_Kapur,0035_01.jpg,vggface2_balanced_100_100/n000081/0035_01.jpg
VGGFace2,n000081,Aditya_Roy_Kapur,0036_01.jpg,vggface2_balanced_100_100/n000081/0036_01.jpg
VGGFace2,n000081,Aditya_Roy_Kapur,0037_01.jpg,vggface2_balanced_100_100/n000081/0037_01.jpg
VGGFace2,n000081,Aditya_Roy_Kapur,0038_01.jpg,vggface2_balanced_100_100/n000081/0038_01.jpg
VGGFace2,n000081,Aditya_Roy_Kapur,0039_01.jpg,vggface2_balanced_100_100/n000081/0039_01.jpg
VGGFace2,n000081,Aditya_Roy_Kapur,0040_01.jpg,vggface2_balanced_100_100/n000081/0040_01.jpg
VGGFace2,n000081,Aditya_Roy_Kapur,0041_01.jpg,vggface2_balanced_100_100/n000081/0041_01.jpg
VGGFace2,n000081,Aditya_Roy_Kapur,0042_01.jpg,vggface2_balanced_100_100/n000081/0042_01.jpg
VGGFace2,n000081,Aditya_Roy_Kapur,0042_02.jpg,vggface2_balanced_100_100/n000081/0042_02.jpg
VGGFace2,n000081,Aditya_Roy_Kapur,0043_01.jpg,vggface2_balanced_100_100/n000081/0043_01.jpg
VGGFace2,n000081,Aditya_Roy_Kapur,0044_01.jpg,vggface2_balanced_100_100/n000081/0044_01.jpg
VGGFace2,n000081,Aditya_Roy_Kapur,0045_02.jpg,vggface2_balanced_100_100/n000081/0045_02.jpg
VGGFace2,n000081,Aditya_Roy_Kapur,0046_02.jpg,vggface2_balanced_100_100/n000081/0046_02.jpg
VGGFace2,n000081,Aditya_Roy_Kapur,0048_01.jpg,vggface2_balanced_100_100/n000081/0048_01.jpg
VGGFace2,n000081,Aditya_Roy_Kapur,0049_01.jpg,vggface2_balanced_100_100/n000081/0049_01.jpg
VGGFace2,n000081,Aditya_Roy_Kapur,0050_01.jpg,vggface2_balanced_100_100/n000081/0050_01.jpg
VGGFace2,n000081,Aditya_Roy_Kapur,0051_01.jpg,vggface2_balanced_100_100/n000081/0051_01.jpg
VGGFace2,n000081,Aditya_Roy_Kapur,0052_01.jpg,vggface2_balanced_100_100/n000081/0052_01.jpg
VGGFace2,n000081,Aditya_Roy_Kapur,0053_01.jpg,vggface2_balanced_100_100/n000081/0053_01.jpg
VGGFace2,n000081,Aditya_Roy_Kapur,0053_02.jpg,vggface2_balanced_100_100/n000081/0053_02.jpg
VGGFace2,n000081,Aditya_Roy_Kapur,0053_03.jpg,vggface2_balanced_100_100/n000081/0053_03.jpg
VGGFace2,n000081,Aditya_Roy_Kapur,0054_01.jpg,vggface2_balanced_100_100/n000081/0054_01.jpg
VGGFace2,n000081,Aditya_Roy_Kapur,0055_01.jpg,vggface2_balanced_100_100/n000081/0055_01.jpg
VGGFace2,n000081,Aditya_Roy_Kapur,0056_01.jpg,vggface2_balanced_100_100/n000081/0056_01.jpg
VGGFace2,n000081,Aditya_Roy_Kapur,0057_04.jpg,vggface2_balanced_100_100/n000081/0057_04.jpg
VGGFace2,n000081,Aditya_Roy_Kapur,0058_02.jpg,vggface2_balanced_100_100/n000081/0058_02.jpg
VGGFace2,n000081,Aditya_Roy_Kapur,0059_01.jpg,vggface2_balanced_100_100/n000081/0059_01.jpg
VGGFace2,n000081,Aditya_Roy_Kapur,0060_01.jpg,vggface2_balanced_100_100/n000081/0060_01.jpg
VGGFace2,n000081,Aditya_Roy_Kapur,0061_01.jpg,vggface2_balanced_100_100/n000081/0061_01.jpg
VGGFace2,n000081,Aditya_Roy_Kapur,0062_01.jpg,vggface2_balanced_100_100/n000081/0062_01.jpg
VGGFace2,n000081,Aditya_Roy_Kapur,0063_01.jpg,vggface2_balanced_100_100/n000081/0063_01.jpg
VGGFace2,n000081,Aditya_Roy_Kapur,0064_01.jpg,vggface2_balanced_100_100/n000081/0064_01.jpg
VGGFace2,n000081,Aditya_Roy_Kapur,0065_01.jpg,vggface2_balanced_100_100/n000081/0065_01.jpg
VGGFace2,n000081,Aditya_Roy_Kapur,0066_01.jpg,vggface2_balanced_100_100/n000081/0066_01.jpg
VGGFace2,n000081,Aditya_Roy_Kapur,0067_02.jpg,vggface2_balanced_100_100/n000081/0067_02.jpg
VGGFace2,n000081,Aditya_Roy_Kapur,0068_02.jpg,vggface2_balanced_100_100/n000081/0068_02.jpg
VGGFace2,n000081,Aditya_Roy_Kapur,0069_01.jpg,vggface2_balanced_100_100/n000081/0069_01.jpg
VGGFace2,n000081,Aditya_Roy_Kapur,0070_01.jpg,vggface2_balanced_100_100/n000081/0070_01.jpg
VGGFace2,n000081,Aditya_Roy_Kapur,0071_02.jpg,vggface2_balanced_100_100/n000081/0071_02.jpg
VGGFace2,n000081,Aditya_Roy_Kapur,0072_01.jpg,vggface2_balanced_100_100/n000081/0072_01.jpg
VGGFace2,n000081,Aditya_Roy_Kapur,0073_01.jpg,vggface2_balanced_100_100/n000081/0073_01.jpg
VGGFace2,n000081,Aditya_Roy_Kapur,0074_02.jpg,vggface2_balanced_100_100/n000081/0074_02.jpg
VGGFace2,n000081,Aditya_Roy_Kapur,0075_01.jpg,vggface2_balanced_100_100/n000081/0075_01.jpg
VGGFace2,n000081,Aditya_Roy_Kapur,0076_01.jpg,vggface2_balanced_100_100/n000081/0076_01.jpg
VGGFace2,n000081,Aditya_Roy_Kapur,0077_02.jpg,vggface2_balanced_100_100/n000081/0077_02.jpg
VGGFace2,n000081,Aditya_Roy_Kapur,0078_01.jpg,vggface2_balanced_100_100/n000081/0078_01.jpg
VGGFace2,n000081,Aditya_Roy_Kapur,0079_02.jpg,vggface2_balanced_100_100/n000081/0079_02.jpg
VGGFace2,n000081,Aditya_Roy_Kapur,0080_01.jpg,vggface2_balanced_100_100/n000081/0080_01.jpg
VGGFace2,n000081,Aditya_Roy_Kapur,0081_01.jpg,vggface2_balanced_100_100/n000081/0081_01.jpg
VGGFace2,n000081,Aditya_Roy_Kapur,0082_03.jpg,vggface2_balanced_100_100/n000081/0082_03.jpg
VGGFace2,n000081,Aditya_Roy_Kapur,0083_01.jpg,vggface2_balanced_100_100/n000081/0083_01.jpg
VGGFace2,n000081,Aditya_Roy_Kapur,0084_01.jpg,vggface2_balanced_100_100/n000081/0084_01.jpg
VGGFace2,n000081,Aditya_Roy_Kapur,0085_01.jpg,vggface2_balanced_100_100/n000081/0085_01.jpg
VGGFace2,n000081,Aditya_Roy_Kapur,0086_02.jpg,vggface2_balanced_100_100/n000081/0086_02.jpg
VGGFace2,n000081,Aditya_Roy_Kapur,0087_01.jpg,vggface2_balanced_100_100/n000081/0087_01.jpg
VGGFace2,n000081,Aditya_Roy_Kapur,0089_01.jpg,vggface2_balanced_100_100/n000081/0089_01.jpg
VGGFace2,n000081,Aditya_Roy_Kapur,0090_01.jpg,vggface2_balanced_100_100/n000081/0090_01.jpg
VGGFace2,n000081,Aditya_Roy_Kapur,0091_01.jpg,vggface2_balanced_100_100/n000081/0091_01.jpg
VGGFace2,n000081,Aditya_Roy_Kapur,0092_01.jpg,vggface2_balanced_100_100/n000081/0092_01.jpg
VGGFace2,n000081,Aditya_Roy_Kapur,0093_01.jpg,vggface2_balanced_100_100/n000081/0093_01.jpg
VGGFace2,n000081,Aditya_Roy_Kapur,0094_02.jpg,vggface2_balanced_100_100/n000081/0094_02.jpg
VGGFace2,n000081,Aditya_Roy_Kapur,0095_01.jpg,vggface2_balanced_100_100/n000081/0095_01.jpg
VGGFace2,n000081,Aditya_Roy_Kapur,0096_01.jpg,vggface2_balanced_100_100/n000081/0096_01.jpg
VGGFace2,n000081,Aditya_Roy_Kapur,0097_02.jpg,vggface2_balanced_100_100/n000081/0097_02.jpg
VGGFace2,n000081,Aditya_Roy_Kapur,0098_01.jpg,vggface2_balanced_100_100/n000081/0098_01.jpg
VGGFace2,n000083,Aditya_Srivastava,0001_01.jpg,vggface2_balanced_100_100/n000083/0001_01.jpg
VGGFace2,n000083,Aditya_Srivastava,0002_01.jpg,vggface2_balanced_100_100/n000083/0002_01.jpg
VGGFace2,n000083,Aditya_Srivastava,0003_01.jpg,vggface2_balanced_100_100/n000083/0003_01.jpg
VGGFace2,n000083,Aditya_Srivastava,0004_01.jpg,vggface2_balanced_100_100/n000083/0004_01.jpg
VGGFace2,n000083,Aditya_Srivastava,0005_01.jpg,vggface2_balanced_100_100/n000083/0005_01.jpg
VGGFace2,n000083,Aditya_Srivastava,0006_01.jpg,vggface2_balanced_100_100/n000083/0006_01.jpg
VGGFace2,n000083,Aditya_Srivastava,0007_01.jpg,vggface2_balanced_100_100/n000083/0007_01.jpg
VGGFace2,n000083,Aditya_Srivastava,0008_01.jpg,vggface2_balanced_100_100/n000083/0008_01.jpg
VGGFace2,n000083,Aditya_Srivastava,0009_01.jpg,vggface2_balanced_100_100/n000083/0009_01.jpg
VGGFace2,n000083,Aditya_Srivastava,0009_02.jpg,vggface2_balanced_100_100/n000083/0009_02.jpg
VGGFace2,n000083,Aditya_Srivastava,0009_03.jpg,vggface2_balanced_100_100/n000083/0009_03.jpg
VGGFace2,n000083,Aditya_Srivastava,0009_04.jpg,vggface2_balanced_100_100/n000083/0009_04.jpg
VGGFace2,n000083,Aditya_Srivastava,0009_05.jpg,vggface2_balanced_100_100/n000083/0009_05.jpg
VGGFace2,n000083,Aditya_Srivastava,0010_01.jpg,vggface2_balanced_100_100/n000083/0010_01.jpg
VGGFace2,n000083,Aditya_Srivastava,0011_01.jpg,vggface2_balanced_100_100/n000083/0011_01.jpg
VGGFace2,n000083,Aditya_Srivastava,0012_01.jpg,vggface2_balanced_100_100/n000083/0012_01.jpg
VGGFace2,n000083,Aditya_Srivastava,0012_02.jpg,vggface2_balanced_100_100/n000083/0012_02.jpg
VGGFace2,n000083,Aditya_Srivastava,0013_01.jpg,vggface2_balanced_100_100/n000083/0013_01.jpg
VGGFace2,n000083,Aditya_Srivastava,0015_01.jpg,vggface2_balanced_100_100/n000083/0015_01.jpg
VGGFace2,n000083,Aditya_Srivastava,0016_01.jpg,vggface2_balanced_100_100/n000083/0016_01.jpg
VGGFace2,n000083,Aditya_Srivastava,0017_01.jpg,vggface2_balanced_100_100/n000083/0017_01.jpg
VGGFace2,n000083,Aditya_Srivastava,0018_01.jpg,vggface2_balanced_100_100/n000083/0018_01.jpg
VGGFace2,n000083,Aditya_Srivastava,0019_01.jpg,vggface2_balanced_100_100/n000083/0019_01.jpg
VGGFace2,n000083,Aditya_Srivastava,0020_01.jpg,vggface2_balanced_100_100/n000083/0020_01.jpg
VGGFace2,n000083,Aditya_Srivastava,0021_01.jpg,vggface2_balanced_100_100/n000083/0021_01.jpg
VGGFace2,n000083,Aditya_Srivastava,0022_01.jpg,vggface2_balanced_100_100/n000083/0022_01.jpg
VGGFace2,n000083,Aditya_Srivastava,0023_01.jpg,vggface2_balanced_100_100/n000083/0023_01.jpg
VGGFace2,n000083,Aditya_Srivastava,0024_01.jpg,vggface2_balanced_100_100/n000083/0024_01.jpg
VGGFace2,n000083,Aditya_Srivastava,0025_01.jpg,vggface2_balanced_100_100/n000083/0025_01.jpg
VGGFace2,n000083,Aditya_Srivastava,0026_01.jpg,vggface2_balanced_100_100/n000083/0026_01.jpg
VGGFace2,n000083,Aditya_Srivastava,0027_01.jpg,vggface2_balanced_100_100/n000083/0027_01.jpg
VGGFace2,n000083,Aditya_Srivastava,0028_01.jpg,vggface2_balanced_100_100/n000083/0028_01.jpg
VGGFace2,n000083,Aditya_Srivastava,0029_01.jpg,vggface2_balanced_100_100/n000083/0029_01.jpg
VGGFace2,n000083,Aditya_Srivastava,0030_02.jpg,vggface2_balanced_100_100/n000083/0030_02.jpg
VGGFace2,n000083,Aditya_Srivastava,0030_03.jpg,vggface2_balanced_100_100/n000083/0030_03.jpg
VGGFace2,n000083,Aditya_Srivastava,0031_01.jpg,vggface2_balanced_100_100/n000083/0031_01.jpg
VGGFace2,n000083,Aditya_Srivastava,0032_01.jpg,vggface2_balanced_100_100/n000083/0032_01.jpg
VGGFace2,n000083,Aditya_Srivastava,0033_01.jpg,vggface2_balanced_100_100/n000083/0033_01.jpg
VGGFace2,n000083,Aditya_Srivastava,0034_02.jpg,vggface2_balanced_100_100/n000083/0034_02.jpg
VGGFace2,n000083,Aditya_Srivastava,0035_01.jpg,vggface2_balanced_100_100/n000083/0035_01.jpg
VGGFace2,n000083,Aditya_Srivastava,0035_02.jpg,vggface2_balanced_100_100/n000083/0035_02.jpg
VGGFace2,n000083,Aditya_Srivastava,0036_01.jpg,vggface2_balanced_100_100/n000083/0036_01.jpg
VGGFace2,n000083,Aditya_Srivastava,0037_01.jpg,vggface2_balanced_100_100/n000083/0037_01.jpg
VGGFace2,n000083,Aditya_Srivastava,0038_01.jpg,vggface2_balanced_100_100/n000083/0038_01.jpg
VGGFace2,n000083,Aditya_Srivastava,0039_01.jpg,vggface2_balanced_100_100/n000083/0039_01.jpg
VGGFace2,n000083,Aditya_Srivastava,0040_01.jpg,vggface2_balanced_100_100/n000083/0040_01.jpg
VGGFace2,n000083,Aditya_Srivastava,0041_01.jpg,vggface2_balanced_100_100/n000083/0041_01.jpg
VGGFace2,n000083,Aditya_Srivastava,0042_01.jpg,vggface2_balanced_100_100/n000083/0042_01.jpg
VGGFace2,n000083,Aditya_Srivastava,0043_01.jpg,vggface2_balanced_100_100/n000083/0043_01.jpg
VGGFace2,n000083,Aditya_Srivastava,0044_01.jpg,vggface2_balanced_100_100/n000083/0044_01.jpg
VGGFace2,n000083,Aditya_Srivastava,0045_01.jpg,vggface2_balanced_100_100/n000083/0045_01.jpg
VGGFace2,n000083,Aditya_Srivastava,0046_02.jpg,vggface2_balanced_100_100/n000083/0046_02.jpg
VGGFace2,n000083,Aditya_Srivastava,0047_02.jpg,vggface2_balanced_100_100/n000083/0047_02.jpg
VGGFace2,n000083,Aditya_Srivastava,0048_01.jpg,vggface2_balanced_100_100/n000083/0048_01.jpg
VGGFace2,n000083,Aditya_Srivastava,0049_01.jpg,vggface2_balanced_100_100/n000083/0049_01.jpg
VGGFace2,n000083,Aditya_Srivastava,0050_02.jpg,vggface2_balanced_100_100/n000083/0050_02.jpg
VGGFace2,n000083,Aditya_Srivastava,0051_01.jpg,vggface2_balanced_100_100/n000083/0051_01.jpg
VGGFace2,n000083,Aditya_Srivastava,0052_01.jpg,vggface2_balanced_100_100/n000083/0052_01.jpg
VGGFace2,n000083,Aditya_Srivastava,0053_01.jpg,vggface2_balanced_100_100/n000083/0053_01.jpg
VGGFace2,n000083,Aditya_Srivastava,0055_01.jpg,vggface2_balanced_100_100/n000083/0055_01.jpg
VGGFace2,n000083,Aditya_Srivastava,0056_01.jpg,vggface2_balanced_100_100/n000083/0056_01.jpg
VGGFace2,n000083,Aditya_Srivastava,0057_01.jpg,vggface2_balanced_100_100/n000083/0057_01.jpg
VGGFace2,n000083,Aditya_Srivastava,0058_04.jpg,vggface2_balanced_100_100/n000083/0058_04.jpg
VGGFace2,n000083,Aditya_Srivastava,0058_07.jpg,vggface2_balanced_100_100/n000083/0058_07.jpg
VGGFace2,n000083,Aditya_Srivastava,0059_01.jpg,vggface2_balanced_100_100/n000083/0059_01.jpg
VGGFace2,n000083,Aditya_Srivastava,0060_06.jpg,vggface2_balanced_100_100/n000083/0060_06.jpg
VGGFace2,n000083,Aditya_Srivastava,0061_02.jpg,vggface2_balanced_100_100/n000083/0061_02.jpg
VGGFace2,n000083,Aditya_Srivastava,0062_01.jpg,vggface2_balanced_100_100/n000083/0062_01.jpg
VGGFace2,n000083,Aditya_Srivastava,0063_01.jpg,vggface2_balanced_100_100/n000083/0063_01.jpg
VGGFace2,n000083,Aditya_Srivastava,0064_01.jpg,vggface2_balanced_100_100/n000083/0064_01.jpg
VGGFace2,n000083,Aditya_Srivastava,0065_01.jpg,vggface2_balanced_100_100/n000083/0065_01.jpg
VGGFace2,n000083,Aditya_Srivastava,0066_01.jpg,vggface2_balanced_100_100/n000083/0066_01.jpg
VGGFace2,n000083,Aditya_Srivastava,0067_01.jpg,vggface2_balanced_100_100/n000083/0067_01.jpg
VGGFace2,n000083,Aditya_Srivastava,0068_01.jpg,vggface2_balanced_100_100/n000083/0068_01.jpg
VGGFace2,n000083,Aditya_Srivastava,0069_01.jpg,vggface2_balanced_100_100/n000083/0069_01.jpg
VGGFace2,n000083,Aditya_Srivastava,0071_01.jpg,vggface2_balanced_100_100/n000083/0071_01.jpg
VGGFace2,n000083,Aditya_Srivastava,0072_01.jpg,vggface2_balanced_100_100/n000083/0072_01.jpg
VGGFace2,n000083,Aditya_Srivastava,0073_01.jpg,vggface2_balanced_100_100/n000083/0073_01.jpg
VGGFace2,n000083,Aditya_Srivastava,0074_01.jpg,vggface2_balanced_100_100/n000083/0074_01.jpg
VGGFace2,n000083,Aditya_Srivastava,0074_02.jpg,vggface2_balanced_100_100/n000083/0074_02.jpg
VGGFace2,n000083,Aditya_Srivastava,0074_03.jpg,vggface2_balanced_100_100/n000083/0074_03.jpg
VGGFace2,n000083,Aditya_Srivastava,0074_04.jpg,vggface2_balanced_100_100/n000083/0074_04.jpg
VGGFace2,n000083,Aditya_Srivastava,0074_05.jpg,vggface2_balanced_100_100/n000083/0074_05.jpg
VGGFace2,n000083,Aditya_Srivastava,0074_06.jpg,vggface2_balanced_100_100/n000083/0074_06.jpg
VGGFace2,n000083,Aditya_Srivastava,0074_07.jpg,vggface2_balanced_100_100/n000083/0074_07.jpg
VGGFace2,n000083,Aditya_Srivastava,0074_09.jpg,vggface2_balanced_100_100/n000083/0074_09.jpg
VGGFace2,n000083,Aditya_Srivastava,0074_10.jpg,vggface2_balanced_100_100/n000083/0074_10.jpg
VGGFace2,n000083,Aditya_Srivastava,0074_11.jpg,vggface2_balanced_100_100/n000083/0074_11.jpg
VGGFace2,n000083,Aditya_Srivastava,0074_12.jpg,vggface2_balanced_100_100/n000083/0074_12.jpg
VGGFace2,n000083,Aditya_Srivastava,0074_13.jpg,vggface2_balanced_100_100/n000083/0074_13.jpg
VGGFace2,n000083,Aditya_Srivastava,0075_01.jpg,vggface2_balanced_100_100/n000083/0075_01.jpg
VGGFace2,n000083,Aditya_Srivastava,0076_01.jpg,vggface2_balanced_100_100/n000083/0076_01.jpg
VGGFace2,n000083,Aditya_Srivastava,0077_01.jpg,vggface2_balanced_100_100/n000083/0077_01.jpg
VGGFace2,n000083,Aditya_Srivastava,0078_01.jpg,vggface2_balanced_100_100/n000083/0078_01.jpg
VGGFace2,n000083,Aditya_Srivastava,0078_02.jpg,vggface2_balanced_100_100/n000083/0078_02.jpg
VGGFace2,n000083,Aditya_Srivastava,0078_03.jpg,vggface2_balanced_100_100/n000083/0078_03.jpg
VGGFace2,n000083,Aditya_Srivastava,0078_04.jpg,vggface2_balanced_100_100/n000083/0078_04.jpg
VGGFace2,n000083,Aditya_Srivastava,0078_07.jpg,vggface2_balanced_100_100/n000083/0078_07.jpg
VGGFace2,n000083,Aditya_Srivastava,0079_01.jpg,vggface2_balanced_100_100/n000083/0079_01.jpg
VGGFace2,n000083,Aditya_Srivastava,0080_04.jpg,vggface2_balanced_100_100/n000083/0080_04.jpg
VGGFace2,n000084,Aditya_Thackeray,0001_02.jpg,vggface2_balanced_100_100/n000084/0001_02.jpg
VGGFace2,n000084,Aditya_Thackeray,0001_03.jpg,vggface2_balanced_100_100/n000084/0001_03.jpg
VGGFace2,n000084,Aditya_Thackeray,0002_01.jpg,vggface2_balanced_100_100/n000084/0002_01.jpg
VGGFace2,n000084,Aditya_Thackeray,0004_01.jpg,vggface2_balanced_100_100/n000084/0004_01.jpg
VGGFace2,n000084,Aditya_Thackeray,0005_02.jpg,vggface2_balanced_100_100/n000084/0005_02.jpg
VGGFace2,n000084,Aditya_Thackeray,0006_02.jpg,vggface2_balanced_100_100/n000084/0006_02.jpg
VGGFace2,n000084,Aditya_Thackeray,0007_01.jpg,vggface2_balanced_100_100/n000084/0007_01.jpg
VGGFace2,n000084,Aditya_Thackeray,0008_01.jpg,vggface2_balanced_100_100/n000084/0008_01.jpg
VGGFace2,n000084,Aditya_Thackeray,0009_02.jpg,vggface2_balanced_100_100/n000084/0009_02.jpg
VGGFace2,n000084,Aditya_Thackeray,0010_01.jpg,vggface2_balanced_100_100/n000084/0010_01.jpg
VGGFace2,n000084,Aditya_Thackeray,0011_01.jpg,vggface2_balanced_100_100/n000084/0011_01.jpg
VGGFace2,n000084,Aditya_Thackeray,0012_02.jpg,vggface2_balanced_100_100/n000084/0012_02.jpg
VGGFace2,n000084,Aditya_Thackeray,0013_02.jpg,vggface2_balanced_100_100/n000084/0013_02.jpg
VGGFace2,n000084,Aditya_Thackeray,0014_01.jpg,vggface2_balanced_100_100/n000084/0014_01.jpg
VGGFace2,n000084,Aditya_Thackeray,0015_01.jpg,vggface2_balanced_100_100/n000084/0015_01.jpg
VGGFace2,n000084,Aditya_Thackeray,0016_01.jpg,vggface2_balanced_100_100/n000084/0016_01.jpg
VGGFace2,n000084,Aditya_Thackeray,0017_02.jpg,vggface2_balanced_100_100/n000084/0017_02.jpg
VGGFace2,n000084,Aditya_Thackeray,0018_01.jpg,vggface2_balanced_100_100/n000084/0018_01.jpg
VGGFace2,n000084,Aditya_Thackeray,0019_01.jpg,vggface2_balanced_100_100/n000084/0019_01.jpg
VGGFace2,n000084,Aditya_Thackeray,0020_04.jpg,vggface2_balanced_100_100/n000084/0020_04.jpg
VGGFace2,n000084,Aditya_Thackeray,0021_01.jpg,vggface2_balanced_100_100/n000084/0021_01.jpg
VGGFace2,n000084,Aditya_Thackeray,0022_01.jpg,vggface2_balanced_100_100/n000084/0022_01.jpg
VGGFace2,n000084,Aditya_Thackeray,0023_01.jpg,vggface2_balanced_100_100/n000084/0023_01.jpg
VGGFace2,n000084,Aditya_Thackeray,0024_02.jpg,vggface2_balanced_100_100/n000084/0024_02.jpg
VGGFace2,n000084,Aditya_Thackeray,0025_02.jpg,vggface2_balanced_100_100/n000084/0025_02.jpg
VGGFace2,n000084,Aditya_Thackeray,0026_05.jpg,vggface2_balanced_100_100/n000084/0026_05.jpg
VGGFace2,n000084,Aditya_Thackeray,0027_02.jpg,vggface2_balanced_100_100/n000084/0027_02.jpg
VGGFace2,n000084,Aditya_Thackeray,0028_03.jpg,vggface2_balanced_100_100/n000084/0028_03.jpg
VGGFace2,n000084,Aditya_Thackeray,0029_03.jpg,vggface2_balanced_100_100/n000084/0029_03.jpg
VGGFace2,n000084,Aditya_Thackeray,0030_01.jpg,vggface2_balanced_100_100/n000084/0030_01.jpg
VGGFace2,n000084,Aditya_Thackeray,0031_02.jpg,vggface2_balanced_100_100/n000084/0031_02.jpg
VGGFace2,n000084,Aditya_Thackeray,0032_03.jpg,vggface2_balanced_100_100/n000084/0032_03.jpg
VGGFace2,n000084,Aditya_Thackeray,0033_01.jpg,vggface2_balanced_100_100/n000084/0033_01.jpg
VGGFace2,n000084,Aditya_Thackeray,0034_01.jpg,vggface2_balanced_100_100/n000084/0034_01.jpg
VGGFace2,n000084,Aditya_Thackeray,0035_01.jpg,vggface2_balanced_100_100/n000084/0035_01.jpg
VGGFace2,n000084,Aditya_Thackeray,0036_03.jpg,vggface2_balanced_100_100/n000084/0036_03.jpg
VGGFace2,n000084,Aditya_Thackeray,0037_02.jpg,vggface2_balanced_100_100/n000084/0037_02.jpg
VGGFace2,n000084,Aditya_Thackeray,0038_01.jpg,vggface2_balanced_100_100/n000084/0038_01.jpg
VGGFace2,n000084,Aditya_Thackeray,0039_02.jpg,vggface2_balanced_100_100/n000084/0039_02.jpg
VGGFace2,n000084,Aditya_Thackeray,0040_01.jpg,vggface2_balanced_100_100/n000084/0040_01.jpg
VGGFace2,n000084,Aditya_Thackeray,0041_04.jpg,vggface2_balanced_100_100/n000084/0041_04.jpg
VGGFace2,n000084,Aditya_Thackeray,0042_01.jpg,vggface2_balanced_100_100/n000084/0042_01.jpg
VGGFace2,n000084,Aditya_Thackeray,0043_01.jpg,vggface2_balanced_100_100/n000084/0043_01.jpg
VGGFace2,n000084,Aditya_Thackeray,0044_01.jpg,vggface2_balanced_100_100/n000084/0044_01.jpg
VGGFace2,n000084,Aditya_Thackeray,0045_01.jpg,vggface2_balanced_100_100/n000084/0045_01.jpg
VGGFace2,n000084,Aditya_Thackeray,0046_01.jpg,vggface2_balanced_100_100/n000084/0046_01.jpg
VGGFace2,n000084,Aditya_Thackeray,0047_01.jpg,vggface2_balanced_100_100/n000084/0047_01.jpg
VGGFace2,n000084,Aditya_Thackeray,0048_01.jpg,vggface2_balanced_100_100/n000084/0048_01.jpg
VGGFace2,n000084,Aditya_Thackeray,0049_01.jpg,vggface2_balanced_100_100/n000084/0049_01.jpg
VGGFace2,n000084,Aditya_Thackeray,0050_01.jpg,vggface2_balanced_100_100/n000084/0050_01.jpg
VGGFace2,n000084,Aditya_Thackeray,0051_01.jpg,vggface2_balanced_100_100/n000084/0051_01.jpg
VGGFace2,n000084,Aditya_Thackeray,0052_01.jpg,vggface2_balanced_100_100/n000084/0052_01.jpg
VGGFace2,n000084,Aditya_Thackeray,0053_01.jpg,vggface2_balanced_100_100/n000084/0053_01.jpg
VGGFace2,n000084,Aditya_Thackeray,0054_01.jpg,vggface2_balanced_100_100/n000084/0054_01.jpg
VGGFace2,n000084,Aditya_Thackeray,0055_01.jpg,vggface2_balanced_100_100/n000084/0055_01.jpg
VGGFace2,n000084,Aditya_Thackeray,0056_02.jpg,vggface2_balanced_100_100/n000084/0056_02.jpg
VGGFace2,n000084,Aditya_Thackeray,0057_01.jpg,vggface2_balanced_100_100/n000084/0057_01.jpg
VGGFace2,n000084,Aditya_Thackeray,0058_01.jpg,vggface2_balanced_100_100/n000084/0058_01.jpg
VGGFace2,n000084,Aditya_Thackeray,0059_03.jpg,vggface2_balanced_100_100/n000084/0059_03.jpg
VGGFace2,n000084,Aditya_Thackeray,0060_01.jpg,vggface2_balanced_100_100/n000084/0060_01.jpg
VGGFace2,n000084,Aditya_Thackeray,0061_04.jpg,vggface2_balanced_100_100/n000084/0061_04.jpg
VGGFace2,n000084,Aditya_Thackeray,0062_01.jpg,vggface2_balanced_100_100/n000084/0062_01.jpg
VGGFace2,n000084,Aditya_Thackeray,0063_01.jpg,vggface2_balanced_100_100/n000084/0063_01.jpg
VGGFace2,n000084,Aditya_Thackeray,0064_03.jpg,vggface2_balanced_100_100/n000084/0064_03.jpg
VGGFace2,n000084,Aditya_Thackeray,0064_04.jpg,vggface2_balanced_100_100/n000084/0064_04.jpg
VGGFace2,n000084,Aditya_Thackeray,0065_01.jpg,vggface2_balanced_100_100/n000084/0065_01.jpg
VGGFace2,n000084,Aditya_Thackeray,0066_03.jpg,vggface2_balanced_100_100/n000084/0066_03.jpg
VGGFace2,n000084,Aditya_Thackeray,0067_01.jpg,vggface2_balanced_100_100/n000084/0067_01.jpg
VGGFace2,n000084,Aditya_Thackeray,0068_02.jpg,vggface2_balanced_100_100/n000084/0068_02.jpg
VGGFace2,n000084,Aditya_Thackeray,0069_01.jpg,vggface2_balanced_100_100/n000084/0069_01.jpg
VGGFace2,n000084,Aditya_Thackeray,0070_04.jpg,vggface2_balanced_100_100/n000084/0070_04.jpg
VGGFace2,n000084,Aditya_Thackeray,0071_01.jpg,vggface2_balanced_100_100/n000084/0071_01.jpg
VGGFace2,n000084,Aditya_Thackeray,0072_02.jpg,vggface2_balanced_100_100/n000084/0072_02.jpg
VGGFace2,n000084,Aditya_Thackeray,0073_01.jpg,vggface2_balanced_100_100/n000084/0073_01.jpg
VGGFace2,n000084,Aditya_Thackeray,0074_02.jpg,vggface2_balanced_100_100/n000084/0074_02.jpg
VGGFace2,n000084,Aditya_Thackeray,0075_02.jpg,vggface2_balanced_100_100/n000084/0075_02.jpg
VGGFace2,n000084,Aditya_Thackeray,0076_02.jpg,vggface2_balanced_100_100/n000084/0076_02.jpg
VGGFace2,n000084,Aditya_Thackeray,0077_01.jpg,vggface2_balanced_100_100/n000084/0077_01.jpg
VGGFace2,n000084,Aditya_Thackeray,0078_03.jpg,vggface2_balanced_100_100/n000084/0078_03.jpg
VGGFace2,n000084,Aditya_Thackeray,0079_01.jpg,vggface2_balanced_100_100/n000084/0079_01.jpg
VGGFace2,n000084,Aditya_Thackeray,0080_01.jpg,vggface2_balanced_100_100/n000084/0080_01.jpg
VGGFace2,n000084,Aditya_Thackeray,0081_04.jpg,vggface2_balanced_100_100/n000084/0081_04.jpg
VGGFace2,n000084,Aditya_Thackeray,0082_01.jpg,vggface2_balanced_100_100/n000084/0082_01.jpg
VGGFace2,n000084,Aditya_Thackeray,0083_04.jpg,vggface2_balanced_100_100/n000084/0083_04.jpg
VGGFace2,n000084,Aditya_Thackeray,0084_01.jpg,vggface2_balanced_100_100/n000084/0084_01.jpg
VGGFace2,n000084,Aditya_Thackeray,0085_02.jpg,vggface2_balanced_100_100/n000084/0085_02.jpg
VGGFace2,n000084,Aditya_Thackeray,0086_01.jpg,vggface2_balanced_100_100/n000084/0086_01.jpg
VGGFace2,n000084,Aditya_Thackeray,0087_01.jpg,vggface2_balanced_100_100/n000084/0087_01.jpg
VGGFace2,n000084,Aditya_Thackeray,0088_01.jpg,vggface2_balanced_100_100/n000084/0088_01.jpg
VGGFace2,n000084,Aditya_Thackeray,0089_01.jpg,vggface2_balanced_100_100/n000084/0089_01.jpg
VGGFace2,n000084,Aditya_Thackeray,0090_03.jpg,vggface2_balanced_100_100/n000084/0090_03.jpg
VGGFace2,n000084,Aditya_Thackeray,0091_01.jpg,vggface2_balanced_100_100/n000084/0091_01.jpg
VGGFace2,n000084,Aditya_Thackeray,0092_02.jpg,vggface2_balanced_100_100/n000084/0092_02.jpg
VGGFace2,n000084,Aditya_Thackeray,0093_01.jpg,vggface2_balanced_100_100/n000084/0093_01.jpg
VGGFace2,n000084,Aditya_Thackeray,0094_01.jpg,vggface2_balanced_100_100/n000084/0094_01.jpg
VGGFace2,n000084,Aditya_Thackeray,0095_01.jpg,vggface2_balanced_100_100/n000084/0095_01.jpg
VGGFace2,n000084,Aditya_Thackeray,0096_01.jpg,vggface2_balanced_100_100/n000084/0096_01.jpg
VGGFace2,n000084,Aditya_Thackeray,0097_02.jpg,vggface2_balanced_100_100/n000084/0097_02.jpg
VGGFace2,n000084,Aditya_Thackeray,0098_02.jpg,vggface2_balanced_100_100/n000084/0098_02.jpg
VGGFace2,n000084,Aditya_Thackeray,0099_01.jpg,vggface2_balanced_100_100/n000084/0099_01.jpg
VGGFace2,n000085,Admir_Mehmedi,0001_01.jpg,vggface2_balanced_100_100/n000085/0001_01.jpg
VGGFace2,n000085,Admir_Mehmedi,0002_01.jpg,vggface2_balanced_100_100/n000085/0002_01.jpg
VGGFace2,n000085,Admir_Mehmedi,0003_01.jpg,vggface2_balanced_100_100/n000085/0003_01.jpg
VGGFace2,n000085,Admir_Mehmedi,0004_01.jpg,vggface2_balanced_100_100/n000085/0004_01.jpg
VGGFace2,n000085,Admir_Mehmedi,0005_01.jpg,vggface2_balanced_100_100/n000085/0005_01.jpg
VGGFace2,n000085,Admir_Mehmedi,0006_01.jpg,vggface2_balanced_100_100/n000085/0006_01.jpg
VGGFace2,n000085,Admir_Mehmedi,0007_02.jpg,vggface2_balanced_100_100/n000085/0007_02.jpg
VGGFace2,n000085,Admir_Mehmedi,0008_01.jpg,vggface2_balanced_100_100/n000085/0008_01.jpg
VGGFace2,n000085,Admir_Mehmedi,0009_01.jpg,vggface2_balanced_100_100/n000085/0009_01.jpg
VGGFace2,n000085,Admir_Mehmedi,0010_01.jpg,vggface2_balanced_100_100/n000085/0010_01.jpg
VGGFace2,n000085,Admir_Mehmedi,0011_01.jpg,vggface2_balanced_100_100/n000085/0011_01.jpg
VGGFace2,n000085,Admir_Mehmedi,0012_01.jpg,vggface2_balanced_100_100/n000085/0012_01.jpg
VGGFace2,n000085,Admir_Mehmedi,0013_01.jpg,vggface2_balanced_100_100/n000085/0013_01.jpg
VGGFace2,n000085,Admir_Mehmedi,0014_01.jpg,vggface2_balanced_100_100/n000085/0014_01.jpg
VGGFace2,n000085,Admir_Mehmedi,0015_01.jpg,vggface2_balanced_100_100/n000085/0015_01.jpg
VGGFace2,n000085,Admir_Mehmedi,0016_01.jpg,vggface2_balanced_100_100/n000085/0016_01.jpg
VGGFace2,n000085,Admir_Mehmedi,0017_01.jpg,vggface2_balanced_100_100/n000085/0017_01.jpg
VGGFace2,n000085,Admir_Mehmedi,0018_01.jpg,vggface2_balanced_100_100/n000085/0018_01.jpg
VGGFace2,n000085,Admir_Mehmedi,0019_01.jpg,vggface2_balanced_100_100/n000085/0019_01.jpg
VGGFace2,n000085,Admir_Mehmedi,0020_01.jpg,vggface2_balanced_100_100/n000085/0020_01.jpg
VGGFace2,n000085,Admir_Mehmedi,0021_01.jpg,vggface2_balanced_100_100/n000085/0021_01.jpg
VGGFace2,n000085,Admir_Mehmedi,0022_01.jpg,vggface2_balanced_100_100/n000085/0022_01.jpg
VGGFace2,n000085,Admir_Mehmedi,0023_01.jpg,vggface2_balanced_100_100/n000085/0023_01.jpg
VGGFace2,n000085,Admir_Mehmedi,0024_01.jpg,vggface2_balanced_100_100/n000085/0024_01.jpg
VGGFace2,n000085,Admir_Mehmedi,0025_01.jpg,vggface2_balanced_100_100/n000085/0025_01.jpg
VGGFace2,n000085,Admir_Mehmedi,0026_01.jpg,vggface2_balanced_100_100/n000085/0026_01.jpg
VGGFace2,n000085,Admir_Mehmedi,0026_03.jpg,vggface2_balanced_100_100/n000085/0026_03.jpg
VGGFace2,n000085,Admir_Mehmedi,0027_01.jpg,vggface2_balanced_100_100/n000085/0027_01.jpg
VGGFace2,n000085,Admir_Mehmedi,0028_01.jpg,vggface2_balanced_100_100/n000085/0028_01.jpg
VGGFace2,n000085,Admir_Mehmedi,0029_01.jpg,vggface2_balanced_100_100/n000085/0029_01.jpg
VGGFace2,n000085,Admir_Mehmedi,0030_01.jpg,vggface2_balanced_100_100/n000085/0030_01.jpg
VGGFace2,n000085,Admir_Mehmedi,0030_02.jpg,vggface2_balanced_100_100/n000085/0030_02.jpg
VGGFace2,n000085,Admir_Mehmedi,0031_01.jpg,vggface2_balanced_100_100/n000085/0031_01.jpg
VGGFace2,n000085,Admir_Mehmedi,0032_01.jpg,vggface2_balanced_100_100/n000085/0032_01.jpg
VGGFace2,n000085,Admir_Mehmedi,0033_01.jpg,vggface2_balanced_100_100/n000085/0033_01.jpg
VGGFace2,n000085,Admir_Mehmedi,0034_01.jpg,vggface2_balanced_100_100/n000085/0034_01.jpg
VGGFace2,n000085,Admir_Mehmedi,0035_01.jpg,vggface2_balanced_100_100/n000085/0035_01.jpg
VGGFace2,n000085,Admir_Mehmedi,0036_01.jpg,vggface2_balanced_100_100/n000085/0036_01.jpg
VGGFace2,n000085,Admir_Mehmedi,0037_01.jpg,vggface2_balanced_100_100/n000085/0037_01.jpg
VGGFace2,n000085,Admir_Mehmedi,0038_01.jpg,vggface2_balanced_100_100/n000085/0038_01.jpg
VGGFace2,n000085,Admir_Mehmedi,0039_01.jpg,vggface2_balanced_100_100/n000085/0039_01.jpg
VGGFace2,n000085,Admir_Mehmedi,0040_01.jpg,vggface2_balanced_100_100/n000085/0040_01.jpg
VGGFace2,n000085,Admir_Mehmedi,0041_02.jpg,vggface2_balanced_100_100/n000085/0041_02.jpg
VGGFace2,n000085,Admir_Mehmedi,0042_01.jpg,vggface2_balanced_100_100/n000085/0042_01.jpg
VGGFace2,n000085,Admir_Mehmedi,0043_01.jpg,vggface2_balanced_100_100/n000085/0043_01.jpg
VGGFace2,n000085,Admir_Mehmedi,0044_02.jpg,vggface2_balanced_100_100/n000085/0044_02.jpg
VGGFace2,n000085,Admir_Mehmedi,0045_01.jpg,vggface2_balanced_100_100/n000085/0045_01.jpg
VGGFace2,n000085,Admir_Mehmedi,0046_01.jpg,vggface2_balanced_100_100/n000085/0046_01.jpg
VGGFace2,n000085,Admir_Mehmedi,0047_01.jpg,vggface2_balanced_100_100/n000085/0047_01.jpg
VGGFace2,n000085,Admir_Mehmedi,0048_02.jpg,vggface2_balanced_100_100/n000085/0048_02.jpg
VGGFace2,n000085,Admir_Mehmedi,0049_01.jpg,vggface2_balanced_100_100/n000085/0049_01.jpg
VGGFace2,n000085,Admir_Mehmedi,0050_01.jpg,vggface2_balanced_100_100/n000085/0050_01.jpg
VGGFace2,n000085,Admir_Mehmedi,0051_01.jpg,vggface2_balanced_100_100/n000085/0051_01.jpg
VGGFace2,n000085,Admir_Mehmedi,0052_01.jpg,vggface2_balanced_100_100/n000085/0052_01.jpg
VGGFace2,n000085,Admir_Mehmedi,0053_01.jpg,vggface2_balanced_100_100/n000085/0053_01.jpg
VGGFace2,n000085,Admir_Mehmedi,0054_01.jpg,vggface2_balanced_100_100/n000085/0054_01.jpg
VGGFace2,n000085,Admir_Mehmedi,0055_01.jpg,vggface2_balanced_100_100/n000085/0055_01.jpg
VGGFace2,n000085,Admir_Mehmedi,0056_01.jpg,vggface2_balanced_100_100/n000085/0056_01.jpg
VGGFace2,n000085,Admir_Mehmedi,0057_01.jpg,vggface2_balanced_100_100/n000085/0057_01.jpg
VGGFace2,n000085,Admir_Mehmedi,0058_01.jpg,vggface2_balanced_100_100/n000085/0058_01.jpg
VGGFace2,n000085,Admir_Mehmedi,0059_01.jpg,vggface2_balanced_100_100/n000085/0059_01.jpg
VGGFace2,n000085,Admir_Mehmedi,0060_01.jpg,vggface2_balanced_100_100/n000085/0060_01.jpg
VGGFace2,n000085,Admir_Mehmedi,0061_01.jpg,vggface2_balanced_100_100/n000085/0061_01.jpg
VGGFace2,n000085,Admir_Mehmedi,0062_01.jpg,vggface2_balanced_100_100/n000085/0062_01.jpg
VGGFace2,n000085,Admir_Mehmedi,0063_02.jpg,vggface2_balanced_100_100/n000085/0063_02.jpg
VGGFace2,n000085,Admir_Mehmedi,0064_01.jpg,vggface2_balanced_100_100/n000085/0064_01.jpg
VGGFace2,n000085,Admir_Mehmedi,0065_01.jpg,vggface2_balanced_100_100/n000085/0065_01.jpg
VGGFace2,n000085,Admir_Mehmedi,0066_01.jpg,vggface2_balanced_100_100/n000085/0066_01.jpg
VGGFace2,n000085,Admir_Mehmedi,0067_01.jpg,vggface2_balanced_100_100/n000085/0067_01.jpg
VGGFace2,n000085,Admir_Mehmedi,0068_01.jpg,vggface2_balanced_100_100/n000085/0068_01.jpg
VGGFace2,n000085,Admir_Mehmedi,0069_01.jpg,vggface2_balanced_100_100/n000085/0069_01.jpg
VGGFace2,n000085,Admir_Mehmedi,0070_01.jpg,vggface2_balanced_100_100/n000085/0070_01.jpg
VGGFace2,n000085,Admir_Mehmedi,0071_02.jpg,vggface2_balanced_100_100/n000085/0071_02.jpg
VGGFace2,n000085,Admir_Mehmedi,0072_01.jpg,vggface2_balanced_100_100/n000085/0072_01.jpg
VGGFace2,n000085,Admir_Mehmedi,0073_01.jpg,vggface2_balanced_100_100/n000085/0073_01.jpg
VGGFace2,n000085,Admir_Mehmedi,0074_01.jpg,vggface2_balanced_100_100/n000085/0074_01.jpg
VGGFace2,n000085,Admir_Mehmedi,0075_01.jpg,vggface2_balanced_100_100/n000085/0075_01.jpg
VGGFace2,n000085,Admir_Mehmedi,0076_01.jpg,vggface2_balanced_100_100/n000085/0076_01.jpg
VGGFace2,n000085,Admir_Mehmedi,0077_01.jpg,vggface2_balanced_100_100/n000085/0077_01.jpg
VGGFace2,n000085,Admir_Mehmedi,0078_01.jpg,vggface2_balanced_100_100/n000085/0078_01.jpg
VGGFace2,n000085,Admir_Mehmedi,0079_01.jpg,vggface2_balanced_100_100/n000085/0079_01.jpg
VGGFace2,n000085,Admir_Mehmedi,0080_01.jpg,vggface2_balanced_100_100/n000085/0080_01.jpg
VGGFace2,n000085,Admir_Mehmedi,0081_01.jpg,vggface2_balanced_100_100/n000085/0081_01.jpg
VGGFace2,n000085,Admir_Mehmedi,0082_02.jpg,vggface2_balanced_100_100/n000085/0082_02.jpg
VGGFace2,n000085,Admir_Mehmedi,0083_01.jpg,vggface2_balanced_100_100/n000085/0083_01.jpg
VGGFace2,n000085,Admir_Mehmedi,0084_01.jpg,vggface2_balanced_100_100/n000085/0084_01.jpg
VGGFace2,n000085,Admir_Mehmedi,0085_01.jpg,vggface2_balanced_100_100/n000085/0085_01.jpg
VGGFace2,n000085,Admir_Mehmedi,0086_01.jpg,vggface2_balanced_100_100/n000085/0086_01.jpg
VGGFace2,n000085,Admir_Mehmedi,0087_01.jpg,vggface2_balanced_100_100/n000085/0087_01.jpg
VGGFace2,n000085,Admir_Mehmedi,0088_01.jpg,vggface2_balanced_100_100/n000085/0088_01.jpg
VGGFace2,n000085,Admir_Mehmedi,0089_02.jpg,vggface2_balanced_100_100/n000085/0089_02.jpg
VGGFace2,n000085,Admir_Mehmedi,0090_01.jpg,vggface2_balanced_100_100/n000085/0090_01.jpg
VGGFace2,n000085,Admir_Mehmedi,0091_01.jpg,vggface2_balanced_100_100/n000085/0091_01.jpg
VGGFace2,n000085,Admir_Mehmedi,0092_01.jpg,vggface2_balanced_100_100/n000085/0092_01.jpg
VGGFace2,n000085,Admir_Mehmedi,0093_01.jpg,vggface2_balanced_100_100/n000085/0093_01.jpg
VGGFace2,n000085,Admir_Mehmedi,0094_01.jpg,vggface2_balanced_100_100/n000085/0094_01.jpg
VGGFace2,n000085,Admir_Mehmedi,0095_01.jpg,vggface2_balanced_100_100/n000085/0095_01.jpg
VGGFace2,n000085,Admir_Mehmedi,0096_01.jpg,vggface2_balanced_100_100/n000085/0096_01.jpg
VGGFace2,n000085,Admir_Mehmedi,0097_01.jpg,vggface2_balanced_100_100/n000085/0097_01.jpg
VGGFace2,n000085,Admir_Mehmedi,0098_01.jpg,vggface2_balanced_100_100/n000085/0098_01.jpg
VGGFace2,n000086,Adnan_Sami,0001_01.jpg,vggface2_balanced_100_100/n000086/0001_01.jpg
VGGFace2,n000086,Adnan_Sami,0002_01.jpg,vggface2_balanced_100_100/n000086/0002_01.jpg
VGGFace2,n000086,Adnan_Sami,0003_01.jpg,vggface2_balanced_100_100/n000086/0003_01.jpg
VGGFace2,n000086,Adnan_Sami,0004_01.jpg,vggface2_balanced_100_100/n000086/0004_01.jpg
VGGFace2,n000086,Adnan_Sami,0005_01.jpg,vggface2_balanced_100_100/n000086/0005_01.jpg
VGGFace2,n000086,Adnan_Sami,0006_02.jpg,vggface2_balanced_100_100/n000086/0006_02.jpg
VGGFace2,n000086,Adnan_Sami,0007_01.jpg,vggface2_balanced_100_100/n000086/0007_01.jpg
VGGFace2,n000086,Adnan_Sami,0008_02.jpg,vggface2_balanced_100_100/n000086/0008_02.jpg
VGGFace2,n000086,Adnan_Sami,0009_01.jpg,vggface2_balanced_100_100/n000086/0009_01.jpg
VGGFace2,n000086,Adnan_Sami,0010_01.jpg,vggface2_balanced_100_100/n000086/0010_01.jpg
VGGFace2,n000086,Adnan_Sami,0011_01.jpg,vggface2_balanced_100_100/n000086/0011_01.jpg
VGGFace2,n000086,Adnan_Sami,0012_01.jpg,vggface2_balanced_100_100/n000086/0012_01.jpg
VGGFace2,n000086,Adnan_Sami,0013_01.jpg,vggface2_balanced_100_100/n000086/0013_01.jpg
VGGFace2,n000086,Adnan_Sami,0014_01.jpg,vggface2_balanced_100_100/n000086/0014_01.jpg
VGGFace2,n000086,Adnan_Sami,0015_01.jpg,vggface2_balanced_100_100/n000086/0015_01.jpg
VGGFace2,n000086,Adnan_Sami,0016_02.jpg,vggface2_balanced_100_100/n000086/0016_02.jpg
VGGFace2,n000086,Adnan_Sami,0017_01.jpg,vggface2_balanced_100_100/n000086/0017_01.jpg
VGGFace2,n000086,Adnan_Sami,0018_01.jpg,vggface2_balanced_100_100/n000086/0018_01.jpg
VGGFace2,n000086,Adnan_Sami,0019_01.jpg,vggface2_balanced_100_100/n000086/0019_01.jpg
VGGFace2,n000086,Adnan_Sami,0020_01.jpg,vggface2_balanced_100_100/n000086/0020_01.jpg
VGGFace2,n000086,Adnan_Sami,0021_01.jpg,vggface2_balanced_100_100/n000086/0021_01.jpg
VGGFace2,n000086,Adnan_Sami,0022_01.jpg,vggface2_balanced_100_100/n000086/0022_01.jpg
VGGFace2,n000086,Adnan_Sami,0023_01.jpg,vggface2_balanced_100_100/n000086/0023_01.jpg
VGGFace2,n000086,Adnan_Sami,0024_01.jpg,vggface2_balanced_100_100/n000086/0024_01.jpg
VGGFace2,n000086,Adnan_Sami,0025_01.jpg,vggface2_balanced_100_100/n000086/0025_01.jpg
VGGFace2,n000086,Adnan_Sami,0026_01.jpg,vggface2_balanced_100_100/n000086/0026_01.jpg
VGGFace2,n000086,Adnan_Sami,0027_01.jpg,vggface2_balanced_100_100/n000086/0027_01.jpg
VGGFace2,n000086,Adnan_Sami,0028_01.jpg,vggface2_balanced_100_100/n000086/0028_01.jpg
VGGFace2,n000086,Adnan_Sami,0029_01.jpg,vggface2_balanced_100_100/n000086/0029_01.jpg
VGGFace2,n000086,Adnan_Sami,0030_01.jpg,vggface2_balanced_100_100/n000086/0030_01.jpg
VGGFace2,n000086,Adnan_Sami,0030_03.jpg,vggface2_balanced_100_100/n000086/0030_03.jpg
VGGFace2,n000086,Adnan_Sami,0031_01.jpg,vggface2_balanced_100_100/n000086/0031_01.jpg
VGGFace2,n000086,Adnan_Sami,0032_02.jpg,vggface2_balanced_100_100/n000086/0032_02.jpg
VGGFace2,n000086,Adnan_Sami,0033_01.jpg,vggface2_balanced_100_100/n000086/0033_01.jpg
VGGFace2,n000086,Adnan_Sami,0034_01.jpg,vggface2_balanced_100_100/n000086/0034_01.jpg
VGGFace2,n000086,Adnan_Sami,0035_01.jpg,vggface2_balanced_100_100/n000086/0035_01.jpg
VGGFace2,n000086,Adnan_Sami,0036_01.jpg,vggface2_balanced_100_100/n000086/0036_01.jpg
VGGFace2,n000086,Adnan_Sami,0037_02.jpg,vggface2_balanced_100_100/n000086/0037_02.jpg
VGGFace2,n000086,Adnan_Sami,0038_01.jpg,vggface2_balanced_100_100/n000086/0038_01.jpg
VGGFace2,n000086,Adnan_Sami,0039_01.jpg,vggface2_balanced_100_100/n000086/0039_01.jpg
VGGFace2,n000086,Adnan_Sami,0040_01.jpg,vggface2_balanced_100_100/n000086/0040_01.jpg
VGGFace2,n000086,Adnan_Sami,0041_02.jpg,vggface2_balanced_100_100/n000086/0041_02.jpg
VGGFace2,n000086,Adnan_Sami,0042_01.jpg,vggface2_balanced_100_100/n000086/0042_01.jpg
VGGFace2,n000086,Adnan_Sami,0043_02.jpg,vggface2_balanced_100_100/n000086/0043_02.jpg
VGGFace2,n000086,Adnan_Sami,0044_01.jpg,vggface2_balanced_100_100/n000086/0044_01.jpg
VGGFace2,n000086,Adnan_Sami,0045_01.jpg,vggface2_balanced_100_100/n000086/0045_01.jpg
VGGFace2,n000086,Adnan_Sami,0046_01.jpg,vggface2_balanced_100_100/n000086/0046_01.jpg
VGGFace2,n000086,Adnan_Sami,0047_01.jpg,vggface2_balanced_100_100/n000086/0047_01.jpg
VGGFace2,n000086,Adnan_Sami,0048_01.jpg,vggface2_balanced_100_100/n000086/0048_01.jpg
VGGFace2,n000086,Adnan_Sami,0049_01.jpg,vggface2_balanced_100_100/n000086/0049_01.jpg
VGGFace2,n000086,Adnan_Sami,0050_01.jpg,vggface2_balanced_100_100/n000086/0050_01.jpg
VGGFace2,n000086,Adnan_Sami,0051_01.jpg,vggface2_balanced_100_100/n000086/0051_01.jpg
VGGFace2,n000086,Adnan_Sami,0052_01.jpg,vggface2_balanced_100_100/n000086/0052_01.jpg
VGGFace2,n000086,Adnan_Sami,0053_01.jpg,vggface2_balanced_100_100/n000086/0053_01.jpg
VGGFace2,n000086,Adnan_Sami,0054_02.jpg,vggface2_balanced_100_100/n000086/0054_02.jpg
VGGFace2,n000086,Adnan_Sami,0055_01.jpg,vggface2_balanced_100_100/n000086/0055_01.jpg
VGGFace2,n000086,Adnan_Sami,0056_01.jpg,vggface2_balanced_100_100/n000086/0056_01.jpg
VGGFace2,n000086,Adnan_Sami,0056_02.jpg,vggface2_balanced_100_100/n000086/0056_02.jpg
VGGFace2,n000086,Adnan_Sami,0057_01.jpg,vggface2_balanced_100_100/n000086/0057_01.jpg
VGGFace2,n000086,Adnan_Sami,0058_01.jpg,vggface2_balanced_100_100/n000086/0058_01.jpg
VGGFace2,n000086,Adnan_Sami,0059_01.jpg,vggface2_balanced_100_100/n000086/0059_01.jpg
VGGFace2,n000086,Adnan_Sami,0060_01.jpg,vggface2_balanced_100_100/n000086/0060_01.jpg
VGGFace2,n000086,Adnan_Sami,0061_01.jpg,vggface2_balanced_100_100/n000086/0061_01.jpg
VGGFace2,n000086,Adnan_Sami,0062_01.jpg,vggface2_balanced_100_100/n000086/0062_01.jpg
VGGFace2,n000086,Adnan_Sami,0063_01.jpg,vggface2_balanced_100_100/n000086/0063_01.jpg
VGGFace2,n000086,Adnan_Sami,0064_01.jpg,vggface2_balanced_100_100/n000086/0064_01.jpg
VGGFace2,n000086,Adnan_Sami,0065_01.jpg,vggface2_balanced_100_100/n000086/0065_01.jpg
VGGFace2,n000086,Adnan_Sami,0066_01.jpg,vggface2_balanced_100_100/n000086/0066_01.jpg
VGGFace2,n000086,Adnan_Sami,0067_01.jpg,vggface2_balanced_100_100/n000086/0067_01.jpg
VGGFace2,n000086,Adnan_Sami,0068_01.jpg,vggface2_balanced_100_100/n000086/0068_01.jpg
VGGFace2,n000086,Adnan_Sami,0069_01.jpg,vggface2_balanced_100_100/n000086/0069_01.jpg
VGGFace2,n000086,Adnan_Sami,0069_02.jpg,vggface2_balanced_100_100/n000086/0069_02.jpg
VGGFace2,n000086,Adnan_Sami,0070_01.jpg,vggface2_balanced_100_100/n000086/0070_01.jpg
VGGFace2,n000086,Adnan_Sami,0071_01.jpg,vggface2_balanced_100_100/n000086/0071_01.jpg
VGGFace2,n000086,Adnan_Sami,0072_01.jpg,vggface2_balanced_100_100/n000086/0072_01.jpg
VGGFace2,n000086,Adnan_Sami,0072_02.jpg,vggface2_balanced_100_100/n000086/0072_02.jpg
VGGFace2,n000086,Adnan_Sami,0073_01.jpg,vggface2_balanced_100_100/n000086/0073_01.jpg
VGGFace2,n000086,Adnan_Sami,0074_01.jpg,vggface2_balanced_100_100/n000086/0074_01.jpg
VGGFace2,n000086,Adnan_Sami,0075_01.jpg,vggface2_balanced_100_100/n000086/0075_01.jpg
VGGFace2,n000086,Adnan_Sami,0076_01.jpg,vggface2_balanced_100_100/n000086/0076_01.jpg
VGGFace2,n000086,Adnan_Sami,0077_01.jpg,vggface2_balanced_100_100/n000086/0077_01.jpg
VGGFace2,n000086,Adnan_Sami,0078_01.jpg,vggface2_balanced_100_100/n000086/0078_01.jpg
VGGFace2,n000086,Adnan_Sami,0079_01.jpg,vggface2_balanced_100_100/n000086/0079_01.jpg
VGGFace2,n000086,Adnan_Sami,0080_01.jpg,vggface2_balanced_100_100/n000086/0080_01.jpg
VGGFace2,n000086,Adnan_Sami,0081_01.jpg,vggface2_balanced_100_100/n000086/0081_01.jpg
VGGFace2,n000086,Adnan_Sami,0082_01.jpg,vggface2_balanced_100_100/n000086/0082_01.jpg
VGGFace2,n000086,Adnan_Sami,0083_01.jpg,vggface2_balanced_100_100/n000086/0083_01.jpg
VGGFace2,n000086,Adnan_Sami,0084_01.jpg,vggface2_balanced_100_100/n000086/0084_01.jpg
VGGFace2,n000086,Adnan_Sami,0084_03.jpg,vggface2_balanced_100_100/n000086/0084_03.jpg
VGGFace2,n000086,Adnan_Sami,0085_01.jpg,vggface2_balanced_100_100/n000086/0085_01.jpg
VGGFace2,n000086,Adnan_Sami,0086_01.jpg,vggface2_balanced_100_100/n000086/0086_01.jpg
VGGFace2,n000086,Adnan_Sami,0087_01.jpg,vggface2_balanced_100_100/n000086/0087_01.jpg
VGGFace2,n000086,Adnan_Sami,0088_01.jpg,vggface2_balanced_100_100/n000086/0088_01.jpg
VGGFace2,n000086,Adnan_Sami,0089_01.jpg,vggface2_balanced_100_100/n000086/0089_01.jpg
VGGFace2,n000086,Adnan_Sami,0090_01.jpg,vggface2_balanced_100_100/n000086/0090_01.jpg
VGGFace2,n000086,Adnan_Sami,0091_01.jpg,vggface2_balanced_100_100/n000086/0091_01.jpg
VGGFace2,n000086,Adnan_Sami,0092_01.jpg,vggface2_balanced_100_100/n000086/0092_01.jpg
VGGFace2,n000086,Adnan_Sami,0093_01.jpg,vggface2_balanced_100_100/n000086/0093_01.jpg
VGGFace2,n000086,Adnan_Sami,0094_01.jpg,vggface2_balanced_100_100/n000086/0094_01.jpg
VGGFace2,n000086,Adnan_Sami,0095_01.jpg,vggface2_balanced_100_100/n000086/0095_01.jpg
VGGFace2,n000087,Adrian_Newey,0001_01.jpg,vggface2_balanced_100_100/n000087/0001_01.jpg
VGGFace2,n000087,Adrian_Newey,0002_01.jpg,vggface2_balanced_100_100/n000087/0002_01.jpg
VGGFace2,n000087,Adrian_Newey,0003_01.jpg,vggface2_balanced_100_100/n000087/0003_01.jpg
VGGFace2,n000087,Adrian_Newey,0004_01.jpg,vggface2_balanced_100_100/n000087/0004_01.jpg
VGGFace2,n000087,Adrian_Newey,0005_01.jpg,vggface2_balanced_100_100/n000087/0005_01.jpg
VGGFace2,n000087,Adrian_Newey,0006_01.jpg,vggface2_balanced_100_100/n000087/0006_01.jpg
VGGFace2,n000087,Adrian_Newey,0007_01.jpg,vggface2_balanced_100_100/n000087/0007_01.jpg
VGGFace2,n000087,Adrian_Newey,0008_01.jpg,vggface2_balanced_100_100/n000087/0008_01.jpg
VGGFace2,n000087,Adrian_Newey,0009_01.jpg,vggface2_balanced_100_100/n000087/0009_01.jpg
VGGFace2,n000087,Adrian_Newey,0010_01.jpg,vggface2_balanced_100_100/n000087/0010_01.jpg
VGGFace2,n000087,Adrian_Newey,0011_01.jpg,vggface2_balanced_100_100/n000087/0011_01.jpg
VGGFace2,n000087,Adrian_Newey,0012_01.jpg,vggface2_balanced_100_100/n000087/0012_01.jpg
VGGFace2,n000087,Adrian_Newey,0013_01.jpg,vggface2_balanced_100_100/n000087/0013_01.jpg
VGGFace2,n000087,Adrian_Newey,0014_01.jpg,vggface2_balanced_100_100/n000087/0014_01.jpg
VGGFace2,n000087,Adrian_Newey,0015_01.jpg,vggface2_balanced_100_100/n000087/0015_01.jpg
VGGFace2,n000087,Adrian_Newey,0016_01.jpg,vggface2_balanced_100_100/n000087/0016_01.jpg
VGGFace2,n000087,Adrian_Newey,0017_02.jpg,vggface2_balanced_100_100/n000087/0017_02.jpg
VGGFace2,n000087,Adrian_Newey,0018_01.jpg,vggface2_balanced_100_100/n000087/0018_01.jpg
VGGFace2,n000087,Adrian_Newey,0019_01.jpg,vggface2_balanced_100_100/n000087/0019_01.jpg
VGGFace2,n000087,Adrian_Newey,0020_01.jpg,vggface2_balanced_100_100/n000087/0020_01.jpg
VGGFace2,n000087,Adrian_Newey,0021_01.jpg,vggface2_balanced_100_100/n000087/0021_01.jpg
VGGFace2,n000087,Adrian_Newey,0022_01.jpg,vggface2_balanced_100_100/n000087/0022_01.jpg
VGGFace2,n000087,Adrian_Newey,0023_01.jpg,vggface2_balanced_100_100/n000087/0023_01.jpg
VGGFace2,n000087,Adrian_Newey,0024_01.jpg,vggface2_balanced_100_100/n000087/0024_01.jpg
VGGFace2,n000087,Adrian_Newey,0025_04.jpg,vggface2_balanced_100_100/n000087/0025_04.jpg
VGGFace2,n000087,Adrian_Newey,0026_02.jpg,vggface2_balanced_100_100/n000087/0026_02.jpg
VGGFace2,n000087,Adrian_Newey,0027_01.jpg,vggface2_balanced_100_100/n000087/0027_01.jpg
VGGFace2,n000087,Adrian_Newey,0028_01.jpg,vggface2_balanced_100_100/n000087/0028_01.jpg
VGGFace2,n000087,Adrian_Newey,0029_05.jpg,vggface2_balanced_100_100/n000087/0029_05.jpg
VGGFace2,n000087,Adrian_Newey,0030_01.jpg,vggface2_balanced_100_100/n000087/0030_01.jpg
VGGFace2,n000087,Adrian_Newey,0031_01.jpg,vggface2_balanced_100_100/n000087/0031_01.jpg
VGGFace2,n000087,Adrian_Newey,0032_01.jpg,vggface2_balanced_100_100/n000087/0032_01.jpg
VGGFace2,n000087,Adrian_Newey,0033_01.jpg,vggface2_balanced_100_100/n000087/0033_01.jpg
VGGFace2,n000087,Adrian_Newey,0034_01.jpg,vggface2_balanced_100_100/n000087/0034_01.jpg
VGGFace2,n000087,Adrian_Newey,0035_01.jpg,vggface2_balanced_100_100/n000087/0035_01.jpg
VGGFace2,n000087,Adrian_Newey,0036_02.jpg,vggface2_balanced_100_100/n000087/0036_02.jpg
VGGFace2,n000087,Adrian_Newey,0037_02.jpg,vggface2_balanced_100_100/n000087/0037_02.jpg
VGGFace2,n000087,Adrian_Newey,0038_01.jpg,vggface2_balanced_100_100/n000087/0038_01.jpg
VGGFace2,n000087,Adrian_Newey,0039_05.jpg,vggface2_balanced_100_100/n000087/0039_05.jpg
VGGFace2,n000087,Adrian_Newey,0040_01.jpg,vggface2_balanced_100_100/n000087/0040_01.jpg
VGGFace2,n000087,Adrian_Newey,0041_01.jpg,vggface2_balanced_100_100/n000087/0041_01.jpg
VGGFace2,n000087,Adrian_Newey,0042_01.jpg,vggface2_balanced_100_100/n000087/0042_01.jpg
VGGFace2,n000087,Adrian_Newey,0043_01.jpg,vggface2_balanced_100_100/n000087/0043_01.jpg
VGGFace2,n000087,Adrian_Newey,0044_01.jpg,vggface2_balanced_100_100/n000087/0044_01.jpg
VGGFace2,n000087,Adrian_Newey,0045_01.jpg,vggface2_balanced_100_100/n000087/0045_01.jpg
VGGFace2,n000087,Adrian_Newey,0046_01.jpg,vggface2_balanced_100_100/n000087/0046_01.jpg
VGGFace2,n000087,Adrian_Newey,0047_01.jpg,vggface2_balanced_100_100/n000087/0047_01.jpg
VGGFace2,n000087,Adrian_Newey,0048_01.jpg,vggface2_balanced_100_100/n000087/0048_01.jpg
VGGFace2,n000087,Adrian_Newey,0049_02.jpg,vggface2_balanced_100_100/n000087/0049_02.jpg
VGGFace2,n000087,Adrian_Newey,0050_01.jpg,vggface2_balanced_100_100/n000087/0050_01.jpg
VGGFace2,n000087,Adrian_Newey,0051_01.jpg,vggface2_balanced_100_100/n000087/0051_01.jpg
VGGFace2,n000087,Adrian_Newey,0052_01.jpg,vggface2_balanced_100_100/n000087/0052_01.jpg
VGGFace2,n000087,Adrian_Newey,0053_01.jpg,vggface2_balanced_100_100/n000087/0053_01.jpg
VGGFace2,n000087,Adrian_Newey,0054_01.jpg,vggface2_balanced_100_100/n000087/0054_01.jpg
VGGFace2,n000087,Adrian_Newey,0055_01.jpg,vggface2_balanced_100_100/n000087/0055_01.jpg
VGGFace2,n000087,Adrian_Newey,0056_01.jpg,vggface2_balanced_100_100/n000087/0056_01.jpg
VGGFace2,n000087,Adrian_Newey,0057_01.jpg,vggface2_balanced_100_100/n000087/0057_01.jpg
VGGFace2,n000087,Adrian_Newey,0058_01.jpg,vggface2_balanced_100_100/n000087/0058_01.jpg
VGGFace2,n000087,Adrian_Newey,0059_01.jpg,vggface2_balanced_100_100/n000087/0059_01.jpg
VGGFace2,n000087,Adrian_Newey,0060_01.jpg,vggface2_balanced_100_100/n000087/0060_01.jpg
VGGFace2,n000087,Adrian_Newey,0061_02.jpg,vggface2_balanced_100_100/n000087/0061_02.jpg
VGGFace2,n000087,Adrian_Newey,0062_01.jpg,vggface2_balanced_100_100/n000087/0062_01.jpg
VGGFace2,n000087,Adrian_Newey,0063_01.jpg,vggface2_balanced_100_100/n000087/0063_01.jpg
VGGFace2,n000087,Adrian_Newey,0064_04.jpg,vggface2_balanced_100_100/n000087/0064_04.jpg
VGGFace2,n000087,Adrian_Newey,0065_01.jpg,vggface2_balanced_100_100/n000087/0065_01.jpg
VGGFace2,n000087,Adrian_Newey,0066_01.jpg,vggface2_balanced_100_100/n000087/0066_01.jpg
VGGFace2,n000087,Adrian_Newey,0067_01.jpg,vggface2_balanced_100_100/n000087/0067_01.jpg
VGGFace2,n000087,Adrian_Newey,0068_01.jpg,vggface2_balanced_100_100/n000087/0068_01.jpg
VGGFace2,n000087,Adrian_Newey,0069_01.jpg,vggface2_balanced_100_100/n000087/0069_01.jpg
VGGFace2,n000087,Adrian_Newey,0070_03.jpg,vggface2_balanced_100_100/n000087/0070_03.jpg
VGGFace2,n000087,Adrian_Newey,0071_01.jpg,vggface2_balanced_100_100/n000087/0071_01.jpg
VGGFace2,n000087,Adrian_Newey,0072_01.jpg,vggface2_balanced_100_100/n000087/0072_01.jpg
VGGFace2,n000087,Adrian_Newey,0073_01.jpg,vggface2_balanced_100_100/n000087/0073_01.jpg
VGGFace2,n000087,Adrian_Newey,0074_01.jpg,vggface2_balanced_100_100/n000087/0074_01.jpg
VGGFace2,n000087,Adrian_Newey,0075_01.jpg,vggface2_balanced_100_100/n000087/0075_01.jpg
VGGFace2,n000087,Adrian_Newey,0076_01.jpg,vggface2_balanced_100_100/n000087/0076_01.jpg
VGGFace2,n000087,Adrian_Newey,0077_01.jpg,vggface2_balanced_100_100/n000087/0077_01.jpg
VGGFace2,n000087,Adrian_Newey,0078_01.jpg,vggface2_balanced_100_100/n000087/0078_01.jpg
VGGFace2,n000087,Adrian_Newey,0079_02.jpg,vggface2_balanced_100_100/n000087/0079_02.jpg
VGGFace2,n000087,Adrian_Newey,0080_01.jpg,vggface2_balanced_100_100/n000087/0080_01.jpg
VGGFace2,n000087,Adrian_Newey,0081_02.jpg,vggface2_balanced_100_100/n000087/0081_02.jpg
VGGFace2,n000087,Adrian_Newey,0082_02.jpg,vggface2_balanced_100_100/n000087/0082_02.jpg
VGGFace2,n000087,Adrian_Newey,0083_01.jpg,vggface2_balanced_100_100/n000087/0083_01.jpg
VGGFace2,n000087,Adrian_Newey,0084_01.jpg,vggface2_balanced_100_100/n000087/0084_01.jpg
VGGFace2,n000087,Adrian_Newey,0085_01.jpg,vggface2_balanced_100_100/n000087/0085_01.jpg
VGGFace2,n000087,Adrian_Newey,0086_01.jpg,vggface2_balanced_100_100/n000087/0086_01.jpg
VGGFace2,n000087,Adrian_Newey,0087_01.jpg,vggface2_balanced_100_100/n000087/0087_01.jpg
VGGFace2,n000087,Adrian_Newey,0088_01.jpg,vggface2_balanced_100_100/n000087/0088_01.jpg
VGGFace2,n000087,Adrian_Newey,0089_01.jpg,vggface2_balanced_100_100/n000087/0089_01.jpg
VGGFace2,n000087,Adrian_Newey,0090_01.jpg,vggface2_balanced_100_100/n000087/0090_01.jpg
VGGFace2,n000087,Adrian_Newey,0091_01.jpg,vggface2_balanced_100_100/n000087/0091_01.jpg
VGGFace2,n000087,Adrian_Newey,0092_01.jpg,vggface2_balanced_100_100/n000087/0092_01.jpg
VGGFace2,n000087,Adrian_Newey,0093_01.jpg,vggface2_balanced_100_100/n000087/0093_01.jpg
VGGFace2,n000087,Adrian_Newey,0094_01.jpg,vggface2_balanced_100_100/n000087/0094_01.jpg
VGGFace2,n000087,Adrian_Newey,0095_01.jpg,vggface2_balanced_100_100/n000087/0095_01.jpg
VGGFace2,n000087,Adrian_Newey,0096_01.jpg,vggface2_balanced_100_100/n000087/0096_01.jpg
VGGFace2,n000087,Adrian_Newey,0097_01.jpg,vggface2_balanced_100_100/n000087/0097_01.jpg
VGGFace2,n000087,Adrian_Newey,0098_01.jpg,vggface2_balanced_100_100/n000087/0098_01.jpg
VGGFace2,n000087,Adrian_Newey,0099_01.jpg,vggface2_balanced_100_100/n000087/0099_01.jpg
VGGFace2,n000087,Adrian_Newey,0100_01.jpg,vggface2_balanced_100_100/n000087/0100_01.jpg
VGGFace2,n000088,Adrian_Pasdar,0001_01.jpg,vggface2_balanced_100_100/n000088/0001_01.jpg
VGGFace2,n000088,Adrian_Pasdar,0002_01.jpg,vggface2_balanced_100_100/n000088/0002_01.jpg
VGGFace2,n000088,Adrian_Pasdar,0003_01.jpg,vggface2_balanced_100_100/n000088/0003_01.jpg
VGGFace2,n000088,Adrian_Pasdar,0004_01.jpg,vggface2_balanced_100_100/n000088/0004_01.jpg
VGGFace2,n000088,Adrian_Pasdar,0005_03.jpg,vggface2_balanced_100_100/n000088/0005_03.jpg
VGGFace2,n000088,Adrian_Pasdar,0006_01.jpg,vggface2_balanced_100_100/n000088/0006_01.jpg
VGGFace2,n000088,Adrian_Pasdar,0007_01.jpg,vggface2_balanced_100_100/n000088/0007_01.jpg
VGGFace2,n000088,Adrian_Pasdar,0008_01.jpg,vggface2_balanced_100_100/n000088/0008_01.jpg
VGGFace2,n000088,Adrian_Pasdar,0009_01.jpg,vggface2_balanced_100_100/n000088/0009_01.jpg
VGGFace2,n000088,Adrian_Pasdar,0010_01.jpg,vggface2_balanced_100_100/n000088/0010_01.jpg
VGGFace2,n000088,Adrian_Pasdar,0011_01.jpg,vggface2_balanced_100_100/n000088/0011_01.jpg
VGGFace2,n000088,Adrian_Pasdar,0012_01.jpg,vggface2_balanced_100_100/n000088/0012_01.jpg
VGGFace2,n000088,Adrian_Pasdar,0013_01.jpg,vggface2_balanced_100_100/n000088/0013_01.jpg
VGGFace2,n000088,Adrian_Pasdar,0014_01.jpg,vggface2_balanced_100_100/n000088/0014_01.jpg
VGGFace2,n000088,Adrian_Pasdar,0015_02.jpg,vggface2_balanced_100_100/n000088/0015_02.jpg
VGGFace2,n000088,Adrian_Pasdar,0016_01.jpg,vggface2_balanced_100_100/n000088/0016_01.jpg
VGGFace2,n000088,Adrian_Pasdar,0017_01.jpg,vggface2_balanced_100_100/n000088/0017_01.jpg
VGGFace2,n000088,Adrian_Pasdar,0018_01.jpg,vggface2_balanced_100_100/n000088/0018_01.jpg
VGGFace2,n000088,Adrian_Pasdar,0019_03.jpg,vggface2_balanced_100_100/n000088/0019_03.jpg
VGGFace2,n000088,Adrian_Pasdar,0020_02.jpg,vggface2_balanced_100_100/n000088/0020_02.jpg
VGGFace2,n000088,Adrian_Pasdar,0021_02.jpg,vggface2_balanced_100_100/n000088/0021_02.jpg
VGGFace2,n000088,Adrian_Pasdar,0022_01.jpg,vggface2_balanced_100_100/n000088/0022_01.jpg
VGGFace2,n000088,Adrian_Pasdar,0023_01.jpg,vggface2_balanced_100_100/n000088/0023_01.jpg
VGGFace2,n000088,Adrian_Pasdar,0024_01.jpg,vggface2_balanced_100_100/n000088/0024_01.jpg
VGGFace2,n000088,Adrian_Pasdar,0025_01.jpg,vggface2_balanced_100_100/n000088/0025_01.jpg
VGGFace2,n000088,Adrian_Pasdar,0026_01.jpg,vggface2_balanced_100_100/n000088/0026_01.jpg
VGGFace2,n000088,Adrian_Pasdar,0027_01.jpg,vggface2_balanced_100_100/n000088/0027_01.jpg
VGGFace2,n000088,Adrian_Pasdar,0028_02.jpg,vggface2_balanced_100_100/n000088/0028_02.jpg
VGGFace2,n000088,Adrian_Pasdar,0029_01.jpg,vggface2_balanced_100_100/n000088/0029_01.jpg
VGGFace2,n000088,Adrian_Pasdar,0029_02.jpg,vggface2_balanced_100_100/n000088/0029_02.jpg
VGGFace2,n000088,Adrian_Pasdar,0030_01.jpg,vggface2_balanced_100_100/n000088/0030_01.jpg
VGGFace2,n000088,Adrian_Pasdar,0031_01.jpg,vggface2_balanced_100_100/n000088/0031_01.jpg
VGGFace2,n000088,Adrian_Pasdar,0032_01.jpg,vggface2_balanced_100_100/n000088/0032_01.jpg
VGGFace2,n000088,Adrian_Pasdar,0033_01.jpg,vggface2_balanced_100_100/n000088/0033_01.jpg
VGGFace2,n000088,Adrian_Pasdar,0034_01.jpg,vggface2_balanced_100_100/n000088/0034_01.jpg
VGGFace2,n000088,Adrian_Pasdar,0035_01.jpg,vggface2_balanced_100_100/n000088/0035_01.jpg
VGGFace2,n000088,Adrian_Pasdar,0036_02.jpg,vggface2_balanced_100_100/n000088/0036_02.jpg
VGGFace2,n000088,Adrian_Pasdar,0037_01.jpg,vggface2_balanced_100_100/n000088/0037_01.jpg
VGGFace2,n000088,Adrian_Pasdar,0038_01.jpg,vggface2_balanced_100_100/n000088/0038_01.jpg
VGGFace2,n000088,Adrian_Pasdar,0039_01.jpg,vggface2_balanced_100_100/n000088/0039_01.jpg
VGGFace2,n000088,Adrian_Pasdar,0040_02.jpg,vggface2_balanced_100_100/n000088/0040_02.jpg
VGGFace2,n000088,Adrian_Pasdar,0041_02.jpg,vggface2_balanced_100_100/n000088/0041_02.jpg
VGGFace2,n000088,Adrian_Pasdar,0042_01.jpg,vggface2_balanced_100_100/n000088/0042_01.jpg
VGGFace2,n000088,Adrian_Pasdar,0042_02.jpg,vggface2_balanced_100_100/n000088/0042_02.jpg
VGGFace2,n000088,Adrian_Pasdar,0043_01.jpg,vggface2_balanced_100_100/n000088/0043_01.jpg
VGGFace2,n000088,Adrian_Pasdar,0044_01.jpg,vggface2_balanced_100_100/n000088/0044_01.jpg
VGGFace2,n000088,Adrian_Pasdar,0045_01.jpg,vggface2_balanced_100_100/n000088/0045_01.jpg
VGGFace2,n000088,Adrian_Pasdar,0046_01.jpg,vggface2_balanced_100_100/n000088/0046_01.jpg
VGGFace2,n000088,Adrian_Pasdar,0047_01.jpg,vggface2_balanced_100_100/n000088/0047_01.jpg
VGGFace2,n000088,Adrian_Pasdar,0048_01.jpg,vggface2_balanced_100_100/n000088/0048_01.jpg
VGGFace2,n000088,Adrian_Pasdar,0049_01.jpg,vggface2_balanced_100_100/n000088/0049_01.jpg
VGGFace2,n000088,Adrian_Pasdar,0050_01.jpg,vggface2_balanced_100_100/n000088/0050_01.jpg
VGGFace2,n000088,Adrian_Pasdar,0051_01.jpg,vggface2_balanced_100_100/n000088/0051_01.jpg
VGGFace2,n000088,Adrian_Pasdar,0052_03.jpg,vggface2_balanced_100_100/n000088/0052_03.jpg
VGGFace2,n000088,Adrian_Pasdar,0053_03.jpg,vggface2_balanced_100_100/n000088/0053_03.jpg
VGGFace2,n000088,Adrian_Pasdar,0054_01.jpg,vggface2_balanced_100_100/n000088/0054_01.jpg
VGGFace2,n000088,Adrian_Pasdar,0055_02.jpg,vggface2_balanced_100_100/n000088/0055_02.jpg
VGGFace2,n000088,Adrian_Pasdar,0056_02.jpg,vggface2_balanced_100_100/n000088/0056_02.jpg
VGGFace2,n000088,Adrian_Pasdar,0057_02.jpg,vggface2_balanced_100_100/n000088/0057_02.jpg
VGGFace2,n000088,Adrian_Pasdar,0058_03.jpg,vggface2_balanced_100_100/n000088/0058_03.jpg
VGGFace2,n000088,Adrian_Pasdar,0059_01.jpg,vggface2_balanced_100_100/n000088/0059_01.jpg
VGGFace2,n000088,Adrian_Pasdar,0060_01.jpg,vggface2_balanced_100_100/n000088/0060_01.jpg
VGGFace2,n000088,Adrian_Pasdar,0061_01.jpg,vggface2_balanced_100_100/n000088/0061_01.jpg
VGGFace2,n000088,Adrian_Pasdar,0062_02.jpg,vggface2_balanced_100_100/n000088/0062_02.jpg
VGGFace2,n000088,Adrian_Pasdar,0063_02.jpg,vggface2_balanced_100_100/n000088/0063_02.jpg
VGGFace2,n000088,Adrian_Pasdar,0064_02.jpg,vggface2_balanced_100_100/n000088/0064_02.jpg
VGGFace2,n000088,Adrian_Pasdar,0065_01.jpg,vggface2_balanced_100_100/n000088/0065_01.jpg
VGGFace2,n000088,Adrian_Pasdar,0066_01.jpg,vggface2_balanced_100_100/n000088/0066_01.jpg
VGGFace2,n000088,Adrian_Pasdar,0067_01.jpg,vggface2_balanced_100_100/n000088/0067_01.jpg
VGGFace2,n000088,Adrian_Pasdar,0068_01.jpg,vggface2_balanced_100_100/n000088/0068_01.jpg
VGGFace2,n000088,Adrian_Pasdar,0069_02.jpg,vggface2_balanced_100_100/n000088/0069_02.jpg
VGGFace2,n000088,Adrian_Pasdar,0070_01.jpg,vggface2_balanced_100_100/n000088/0070_01.jpg
VGGFace2,n000088,Adrian_Pasdar,0071_02.jpg,vggface2_balanced_100_100/n000088/0071_02.jpg
VGGFace2,n000088,Adrian_Pasdar,0072_03.jpg,vggface2_balanced_100_100/n000088/0072_03.jpg
VGGFace2,n000088,Adrian_Pasdar,0073_01.jpg,vggface2_balanced_100_100/n000088/0073_01.jpg
VGGFace2,n000088,Adrian_Pasdar,0074_01.jpg,vggface2_balanced_100_100/n000088/0074_01.jpg
VGGFace2,n000088,Adrian_Pasdar,0075_01.jpg,vggface2_balanced_100_100/n000088/0075_01.jpg
VGGFace2,n000088,Adrian_Pasdar,0076_03.jpg,vggface2_balanced_100_100/n000088/0076_03.jpg
VGGFace2,n000088,Adrian_Pasdar,0077_01.jpg,vggface2_balanced_100_100/n000088/0077_01.jpg
VGGFace2,n000088,Adrian_Pasdar,0078_01.jpg,vggface2_balanced_100_100/n000088/0078_01.jpg
VGGFace2,n000088,Adrian_Pasdar,0079_01.jpg,vggface2_balanced_100_100/n000088/0079_01.jpg
VGGFace2,n000088,Adrian_Pasdar,0080_01.jpg,vggface2_balanced_100_100/n000088/0080_01.jpg
VGGFace2,n000088,Adrian_Pasdar,0081_01.jpg,vggface2_balanced_100_100/n000088/0081_01.jpg
VGGFace2,n000088,Adrian_Pasdar,0082_02.jpg,vggface2_balanced_100_100/n000088/0082_02.jpg
VGGFace2,n000088,Adrian_Pasdar,0083_01.jpg,vggface2_balanced_100_100/n000088/0083_01.jpg
VGGFace2,n000088,Adrian_Pasdar,0084_01.jpg,vggface2_balanced_100_100/n000088/0084_01.jpg
VGGFace2,n000088,Adrian_Pasdar,0085_02.jpg,vggface2_balanced_100_100/n000088/0085_02.jpg
VGGFace2,n000088,Adrian_Pasdar,0086_01.jpg,vggface2_balanced_100_100/n000088/0086_01.jpg
VGGFace2,n000088,Adrian_Pasdar,0087_02.jpg,vggface2_balanced_100_100/n000088/0087_02.jpg
VGGFace2,n000088,Adrian_Pasdar,0088_01.jpg,vggface2_balanced_100_100/n000088/0088_01.jpg
VGGFace2,n000088,Adrian_Pasdar,0089_03.jpg,vggface2_balanced_100_100/n000088/0089_03.jpg
VGGFace2,n000088,Adrian_Pasdar,0090_03.jpg,vggface2_balanced_100_100/n000088/0090_03.jpg
VGGFace2,n000088,Adrian_Pasdar,0091_02.jpg,vggface2_balanced_100_100/n000088/0091_02.jpg
VGGFace2,n000088,Adrian_Pasdar,0092_06.jpg,vggface2_balanced_100_100/n000088/0092_06.jpg
VGGFace2,n000088,Adrian_Pasdar,0093_02.jpg,vggface2_balanced_100_100/n000088/0093_02.jpg
VGGFace2,n000088,Adrian_Pasdar,0094_01.jpg,vggface2_balanced_100_100/n000088/0094_01.jpg
VGGFace2,n000088,Adrian_Pasdar,0095_02.jpg,vggface2_balanced_100_100/n000088/0095_02.jpg
VGGFace2,n000088,Adrian_Pasdar,0096_01.jpg,vggface2_balanced_100_100/n000088/0096_01.jpg
VGGFace2,n000088,Adrian_Pasdar,0097_02.jpg,vggface2_balanced_100_100/n000088/0097_02.jpg
VGGFace2,n000088,Adrian_Pasdar,0098_02.jpg,vggface2_balanced_100_100/n000088/0098_02.jpg
VGGFace2,n000089,Adrian_Sutil,0001_04.jpg,vggface2_balanced_100_100/n000089/0001_04.jpg
VGGFace2,n000089,Adrian_Sutil,0002_01.jpg,vggface2_balanced_100_100/n000089/0002_01.jpg
VGGFace2,n000089,Adrian_Sutil,0003_01.jpg,vggface2_balanced_100_100/n000089/0003_01.jpg
VGGFace2,n000089,Adrian_Sutil,0004_01.jpg,vggface2_balanced_100_100/n000089/0004_01.jpg
VGGFace2,n000089,Adrian_Sutil,0005_01.jpg,vggface2_balanced_100_100/n000089/0005_01.jpg
VGGFace2,n000089,Adrian_Sutil,0006_01.jpg,vggface2_balanced_100_100/n000089/0006_01.jpg
VGGFace2,n000089,Adrian_Sutil,0007_01.jpg,vggface2_balanced_100_100/n000089/0007_01.jpg
VGGFace2,n000089,Adrian_Sutil,0008_02.jpg,vggface2_balanced_100_100/n000089/0008_02.jpg
VGGFace2,n000089,Adrian_Sutil,0009_01.jpg,vggface2_balanced_100_100/n000089/0009_01.jpg
VGGFace2,n000089,Adrian_Sutil,0010_01.jpg,vggface2_balanced_100_100/n000089/0010_01.jpg
VGGFace2,n000089,Adrian_Sutil,0011_01.jpg,vggface2_balanced_100_100/n000089/0011_01.jpg
VGGFace2,n000089,Adrian_Sutil,0012_01.jpg,vggface2_balanced_100_100/n000089/0012_01.jpg
VGGFace2,n000089,Adrian_Sutil,0013_02.jpg,vggface2_balanced_100_100/n000089/0013_02.jpg
VGGFace2,n000089,Adrian_Sutil,0014_01.jpg,vggface2_balanced_100_100/n000089/0014_01.jpg
VGGFace2,n000089,Adrian_Sutil,0015_01.jpg,vggface2_balanced_100_100/n000089/0015_01.jpg
VGGFace2,n000089,Adrian_Sutil,0016_01.jpg,vggface2_balanced_100_100/n000089/0016_01.jpg
VGGFace2,n000089,Adrian_Sutil,0017_01.jpg,vggface2_balanced_100_100/n000089/0017_01.jpg
VGGFace2,n000089,Adrian_Sutil,0018_01.jpg,vggface2_balanced_100_100/n000089/0018_01.jpg
VGGFace2,n000089,Adrian_Sutil,0019_01.jpg,vggface2_balanced_100_100/n000089/0019_01.jpg
VGGFace2,n000089,Adrian_Sutil,0020_01.jpg,vggface2_balanced_100_100/n000089/0020_01.jpg
VGGFace2,n000089,Adrian_Sutil,0021_01.jpg,vggface2_balanced_100_100/n000089/0021_01.jpg
VGGFace2,n000089,Adrian_Sutil,0022_01.jpg,vggface2_balanced_100_100/n000089/0022_01.jpg
VGGFace2,n000089,Adrian_Sutil,0023_02.jpg,vggface2_balanced_100_100/n000089/0023_02.jpg
VGGFace2,n000089,Adrian_Sutil,0024_01.jpg,vggface2_balanced_100_100/n000089/0024_01.jpg
VGGFace2,n000089,Adrian_Sutil,0025_01.jpg,vggface2_balanced_100_100/n000089/0025_01.jpg
VGGFace2,n000089,Adrian_Sutil,0026_01.jpg,vggface2_balanced_100_100/n000089/0026_01.jpg
VGGFace2,n000089,Adrian_Sutil,0027_01.jpg,vggface2_balanced_100_100/n000089/0027_01.jpg
VGGFace2,n000089,Adrian_Sutil,0028_01.jpg,vggface2_balanced_100_100/n000089/0028_01.jpg
VGGFace2,n000089,Adrian_Sutil,0029_01.jpg,vggface2_balanced_100_100/n000089/0029_01.jpg
VGGFace2,n000089,Adrian_Sutil,0030_01.jpg,vggface2_balanced_100_100/n000089/0030_01.jpg
VGGFace2,n000089,Adrian_Sutil,0031_01.jpg,vggface2_balanced_100_100/n000089/0031_01.jpg
VGGFace2,n000089,Adrian_Sutil,0032_02.jpg,vggface2_balanced_100_100/n000089/0032_02.jpg
VGGFace2,n000089,Adrian_Sutil,0033_01.jpg,vggface2_balanced_100_100/n000089/0033_01.jpg
VGGFace2,n000089,Adrian_Sutil,0034_01.jpg,vggface2_balanced_100_100/n000089/0034_01.jpg
VGGFace2,n000089,Adrian_Sutil,0035_01.jpg,vggface2_balanced_100_100/n000089/0035_01.jpg
VGGFace2,n000089,Adrian_Sutil,0036_01.jpg,vggface2_balanced_100_100/n000089/0036_01.jpg
VGGFace2,n000089,Adrian_Sutil,0037_01.jpg,vggface2_balanced_100_100/n000089/0037_01.jpg
VGGFace2,n000089,Adrian_Sutil,0038_01.jpg,vggface2_balanced_100_100/n000089/0038_01.jpg
VGGFace2,n000089,Adrian_Sutil,0039_04.jpg,vggface2_balanced_100_100/n000089/0039_04.jpg
VGGFace2,n000089,Adrian_Sutil,0040_02.jpg,vggface2_balanced_100_100/n000089/0040_02.jpg
VGGFace2,n000089,Adrian_Sutil,0041_01.jpg,vggface2_balanced_100_100/n000089/0041_01.jpg
VGGFace2,n000089,Adrian_Sutil,0042_03.jpg,vggface2_balanced_100_100/n000089/0042_03.jpg
VGGFace2,n000089,Adrian_Sutil,0043_01.jpg,vggface2_balanced_100_100/n000089/0043_01.jpg
VGGFace2,n000089,Adrian_Sutil,0044_01.jpg,vggface2_balanced_100_100/n000089/0044_01.jpg
VGGFace2,n000089,Adrian_Sutil,0045_01.jpg,vggface2_balanced_100_100/n000089/0045_01.jpg
VGGFace2,n000089,Adrian_Sutil,0046_01.jpg,vggface2_balanced_100_100/n000089/0046_01.jpg
VGGFace2,n000089,Adrian_Sutil,0047_01.jpg,vggface2_balanced_100_100/n000089/0047_01.jpg
VGGFace2,n000089,Adrian_Sutil,0048_01.jpg,vggface2_balanced_100_100/n000089/0048_01.jpg
VGGFace2,n000089,Adrian_Sutil,0049_01.jpg,vggface2_balanced_100_100/n000089/0049_01.jpg
VGGFace2,n000089,Adrian_Sutil,0050_01.jpg,vggface2_balanced_100_100/n000089/0050_01.jpg
VGGFace2,n000089,Adrian_Sutil,0051_01.jpg,vggface2_balanced_100_100/n000089/0051_01.jpg
VGGFace2,n000089,Adrian_Sutil,0052_01.jpg,vggface2_balanced_100_100/n000089/0052_01.jpg
VGGFace2,n000089,Adrian_Sutil,0053_02.jpg,vggface2_balanced_100_100/n000089/0053_02.jpg
VGGFace2,n000089,Adrian_Sutil,0054_01.jpg,vggface2_balanced_100_100/n000089/0054_01.jpg
VGGFace2,n000089,Adrian_Sutil,0055_02.jpg,vggface2_balanced_100_100/n000089/0055_02.jpg
VGGFace2,n000089,Adrian_Sutil,0056_01.jpg,vggface2_balanced_100_100/n000089/0056_01.jpg
VGGFace2,n000089,Adrian_Sutil,0057_01.jpg,vggface2_balanced_100_100/n000089/0057_01.jpg
VGGFace2,n000089,Adrian_Sutil,0058_01.jpg,vggface2_balanced_100_100/n000089/0058_01.jpg
VGGFace2,n000089,Adrian_Sutil,0059_01.jpg,vggface2_balanced_100_100/n000089/0059_01.jpg
VGGFace2,n000089,Adrian_Sutil,0060_01.jpg,vggface2_balanced_100_100/n000089/0060_01.jpg
VGGFace2,n000089,Adrian_Sutil,0061_01.jpg,vggface2_balanced_100_100/n000089/0061_01.jpg
VGGFace2,n000089,Adrian_Sutil,0062_01.jpg,vggface2_balanced_100_100/n000089/0062_01.jpg
VGGFace2,n000089,Adrian_Sutil,0063_01.jpg,vggface2_balanced_100_100/n000089/0063_01.jpg
VGGFace2,n000089,Adrian_Sutil,0064_01.jpg,vggface2_balanced_100_100/n000089/0064_01.jpg
VGGFace2,n000089,Adrian_Sutil,0065_01.jpg,vggface2_balanced_100_100/n000089/0065_01.jpg
VGGFace2,n000089,Adrian_Sutil,0066_01.jpg,vggface2_balanced_100_100/n000089/0066_01.jpg
VGGFace2,n000089,Adrian_Sutil,0067_01.jpg,vggface2_balanced_100_100/n000089/0067_01.jpg
VGGFace2,n000089,Adrian_Sutil,0068_01.jpg,vggface2_balanced_100_100/n000089/0068_01.jpg
VGGFace2,n000089,Adrian_Sutil,0069_01.jpg,vggface2_balanced_100_100/n000089/0069_01.jpg
VGGFace2,n000089,Adrian_Sutil,0070_01.jpg,vggface2_balanced_100_100/n000089/0070_01.jpg
VGGFace2,n000089,Adrian_Sutil,0071_07.jpg,vggface2_balanced_100_100/n000089/0071_07.jpg
VGGFace2,n000089,Adrian_Sutil,0072_01.jpg,vggface2_balanced_100_100/n000089/0072_01.jpg
VGGFace2,n000089,Adrian_Sutil,0073_01.jpg,vggface2_balanced_100_100/n000089/0073_01.jpg
VGGFace2,n000089,Adrian_Sutil,0074_01.jpg,vggface2_balanced_100_100/n000089/0074_01.jpg
VGGFace2,n000089,Adrian_Sutil,0075_01.jpg,vggface2_balanced_100_100/n000089/0075_01.jpg
VGGFace2,n000089,Adrian_Sutil,0076_01.jpg,vggface2_balanced_100_100/n000089/0076_01.jpg
VGGFace2,n000089,Adrian_Sutil,0077_01.jpg,vggface2_balanced_100_100/n000089/0077_01.jpg
VGGFace2,n000089,Adrian_Sutil,0078_05.jpg,vggface2_balanced_100_100/n000089/0078_05.jpg
VGGFace2,n000089,Adrian_Sutil,0079_01.jpg,vggface2_balanced_100_100/n000089/0079_01.jpg
VGGFace2,n000089,Adrian_Sutil,0080_01.jpg,vggface2_balanced_100_100/n000089/0080_01.jpg
VGGFace2,n000089,Adrian_Sutil,0081_01.jpg,vggface2_balanced_100_100/n000089/0081_01.jpg
VGGFace2,n000089,Adrian_Sutil,0082_01.jpg,vggface2_balanced_100_100/n000089/0082_01.jpg
VGGFace2,n000089,Adrian_Sutil,0083_02.jpg,vggface2_balanced_100_100/n000089/0083_02.jpg
VGGFace2,n000089,Adrian_Sutil,0084_03.jpg,vggface2_balanced_100_100/n000089/0084_03.jpg
VGGFace2,n000089,Adrian_Sutil,0085_02.jpg,vggface2_balanced_100_100/n000089/0085_02.jpg
VGGFace2,n000089,Adrian_Sutil,0085_10.jpg,vggface2_balanced_100_100/n000089/0085_10.jpg
VGGFace2,n000089,Adrian_Sutil,0087_02.jpg,vggface2_balanced_100_100/n000089/0087_02.jpg
VGGFace2,n000089,Adrian_Sutil,0088_02.jpg,vggface2_balanced_100_100/n000089/0088_02.jpg
VGGFace2,n000089,Adrian_Sutil,0089_01.jpg,vggface2_balanced_100_100/n000089/0089_01.jpg
VGGFace2,n000089,Adrian_Sutil,0090_01.jpg,vggface2_balanced_100_100/n000089/0090_01.jpg
VGGFace2,n000089,Adrian_Sutil,0091_01.jpg,vggface2_balanced_100_100/n000089/0091_01.jpg
VGGFace2,n000089,Adrian_Sutil,0092_01.jpg,vggface2_balanced_100_100/n000089/0092_01.jpg
VGGFace2,n000089,Adrian_Sutil,0093_01.jpg,vggface2_balanced_100_100/n000089/0093_01.jpg
VGGFace2,n000089,Adrian_Sutil,0094_01.jpg,vggface2_balanced_100_100/n000089/0094_01.jpg
VGGFace2,n000089,Adrian_Sutil,0095_01.jpg,vggface2_balanced_100_100/n000089/0095_01.jpg
VGGFace2,n000089,Adrian_Sutil,0096_01.jpg,vggface2_balanced_100_100/n000089/0096_01.jpg
VGGFace2,n000089,Adrian_Sutil,0097_01.jpg,vggface2_balanced_100_100/n000089/0097_01.jpg
VGGFace2,n000089,Adrian_Sutil,0098_01.jpg,vggface2_balanced_100_100/n000089/0098_01.jpg
VGGFace2,n000089,Adrian_Sutil,0099_01.jpg,vggface2_balanced_100_100/n000089/0099_01.jpg
VGGFace2,n000089,Adrian_Sutil,0100_02.jpg,vggface2_balanced_100_100/n000089/0100_02.jpg
VGGFace2,n000090,Adriana_Ugarte,0001_01.jpg,vggface2_balanced_100_100/n000090/0001_01.jpg
VGGFace2,n000090,Adriana_Ugarte,0002_01.jpg,vggface2_balanced_100_100/n000090/0002_01.jpg
VGGFace2,n000090,Adriana_Ugarte,0003_01.jpg,vggface2_balanced_100_100/n000090/0003_01.jpg
VGGFace2,n000090,Adriana_Ugarte,0004_01.jpg,vggface2_balanced_100_100/n000090/0004_01.jpg
VGGFace2,n000090,Adriana_Ugarte,0005_01.jpg,vggface2_balanced_100_100/n000090/0005_01.jpg
VGGFace2,n000090,Adriana_Ugarte,0006_01.jpg,vggface2_balanced_100_100/n000090/0006_01.jpg
VGGFace2,n000090,Adriana_Ugarte,0007_01.jpg,vggface2_balanced_100_100/n000090/0007_01.jpg
VGGFace2,n000090,Adriana_Ugarte,0008_01.jpg,vggface2_balanced_100_100/n000090/0008_01.jpg
VGGFace2,n000090,Adriana_Ugarte,0009_01.jpg,vggface2_balanced_100_100/n000090/0009_01.jpg
VGGFace2,n000090,Adriana_Ugarte,0010_01.jpg,vggface2_balanced_100_100/n000090/0010_01.jpg
VGGFace2,n000090,Adriana_Ugarte,0011_01.jpg,vggface2_balanced_100_100/n000090/0011_01.jpg
VGGFace2,n000090,Adriana_Ugarte,0012_01.jpg,vggface2_balanced_100_100/n000090/0012_01.jpg
VGGFace2,n000090,Adriana_Ugarte,0012_02.jpg,vggface2_balanced_100_100/n000090/0012_02.jpg
VGGFace2,n000090,Adriana_Ugarte,0013_01.jpg,vggface2_balanced_100_100/n000090/0013_01.jpg
VGGFace2,n000090,Adriana_Ugarte,0013_03.jpg,vggface2_balanced_100_100/n000090/0013_03.jpg
VGGFace2,n000090,Adriana_Ugarte,0014_01.jpg,vggface2_balanced_100_100/n000090/0014_01.jpg
VGGFace2,n000090,Adriana_Ugarte,0015_01.jpg,vggface2_balanced_100_100/n000090/0015_01.jpg
VGGFace2,n000090,Adriana_Ugarte,0017_01.jpg,vggface2_balanced_100_100/n000090/0017_01.jpg
VGGFace2,n000090,Adriana_Ugarte,0018_01.jpg,vggface2_balanced_100_100/n000090/0018_01.jpg
VGGFace2,n000090,Adriana_Ugarte,0019_01.jpg,vggface2_balanced_100_100/n000090/0019_01.jpg
VGGFace2,n000090,Adriana_Ugarte,0020_01.jpg,vggface2_balanced_100_100/n000090/0020_01.jpg
VGGFace2,n000090,Adriana_Ugarte,0021_01.jpg,vggface2_balanced_100_100/n000090/0021_01.jpg
VGGFace2,n000090,Adriana_Ugarte,0022_01.jpg,vggface2_balanced_100_100/n000090/0022_01.jpg
VGGFace2,n000090,Adriana_Ugarte,0023_01.jpg,vggface2_balanced_100_100/n000090/0023_01.jpg
VGGFace2,n000090,Adriana_Ugarte,0024_01.jpg,vggface2_balanced_100_100/n000090/0024_01.jpg
VGGFace2,n000090,Adriana_Ugarte,0025_01.jpg,vggface2_balanced_100_100/n000090/0025_01.jpg
VGGFace2,n000090,Adriana_Ugarte,0026_01.jpg,vggface2_balanced_100_100/n000090/0026_01.jpg
VGGFace2,n000090,Adriana_Ugarte,0027_01.jpg,vggface2_balanced_100_100/n000090/0027_01.jpg
VGGFace2,n000090,Adriana_Ugarte,0028_01.jpg,vggface2_balanced_100_100/n000090/0028_01.jpg
VGGFace2,n000090,Adriana_Ugarte,0029_01.jpg,vggface2_balanced_100_100/n000090/0029_01.jpg
VGGFace2,n000090,Adriana_Ugarte,0030_01.jpg,vggface2_balanced_100_100/n000090/0030_01.jpg
VGGFace2,n000090,Adriana_Ugarte,0031_01.jpg,vggface2_balanced_100_100/n000090/0031_01.jpg
VGGFace2,n000090,Adriana_Ugarte,0032_01.jpg,vggface2_balanced_100_100/n000090/0032_01.jpg
VGGFace2,n000090,Adriana_Ugarte,0033_01.jpg,vggface2_balanced_100_100/n000090/0033_01.jpg
VGGFace2,n000090,Adriana_Ugarte,0034_01.jpg,vggface2_balanced_100_100/n000090/0034_01.jpg
VGGFace2,n000090,Adriana_Ugarte,0035_01.jpg,vggface2_balanced_100_100/n000090/0035_01.jpg
VGGFace2,n000090,Adriana_Ugarte,0036_01.jpg,vggface2_balanced_100_100/n000090/0036_01.jpg
VGGFace2,n000090,Adriana_Ugarte,0037_02.jpg,vggface2_balanced_100_100/n000090/0037_02.jpg
VGGFace2,n000090,Adriana_Ugarte,0038_01.jpg,vggface2_balanced_100_100/n000090/0038_01.jpg
VGGFace2,n000090,Adriana_Ugarte,0039_01.jpg,vggface2_balanced_100_100/n000090/0039_01.jpg
VGGFace2,n000090,Adriana_Ugarte,0040_01.jpg,vggface2_balanced_100_100/n000090/0040_01.jpg
VGGFace2,n000090,Adriana_Ugarte,0041_01.jpg,vggface2_balanced_100_100/n000090/0041_01.jpg
VGGFace2,n000090,Adriana_Ugarte,0042_01.jpg,vggface2_balanced_100_100/n000090/0042_01.jpg
VGGFace2,n000090,Adriana_Ugarte,0043_01.jpg,vggface2_balanced_100_100/n000090/0043_01.jpg
VGGFace2,n000090,Adriana_Ugarte,0044_01.jpg,vggface2_balanced_100_100/n000090/0044_01.jpg
VGGFace2,n000090,Adriana_Ugarte,0045_01.jpg,vggface2_balanced_100_100/n000090/0045_01.jpg
VGGFace2,n000090,Adriana_Ugarte,0046_01.jpg,vggface2_balanced_100_100/n000090/0046_01.jpg
VGGFace2,n000090,Adriana_Ugarte,0047_01.jpg,vggface2_balanced_100_100/n000090/0047_01.jpg
VGGFace2,n000090,Adriana_Ugarte,0048_01.jpg,vggface2_balanced_100_100/n000090/0048_01.jpg
VGGFace2,n000090,Adriana_Ugarte,0049_01.jpg,vggface2_balanced_100_100/n000090/0049_01.jpg
VGGFace2,n000090,Adriana_Ugarte,0050_02.jpg,vggface2_balanced_100_100/n000090/0050_02.jpg
VGGFace2,n000090,Adriana_Ugarte,0051_01.jpg,vggface2_balanced_100_100/n000090/0051_01.jpg
VGGFace2,n000090,Adriana_Ugarte,0051_02.jpg,vggface2_balanced_100_100/n000090/0051_02.jpg
VGGFace2,n000090,Adriana_Ugarte,0052_01.jpg,vggface2_balanced_100_100/n000090/0052_01.jpg
VGGFace2,n000090,Adriana_Ugarte,0053_01.jpg,vggface2_balanced_100_100/n000090/0053_01.jpg
VGGFace2,n000090,Adriana_Ugarte,0054_01.jpg,vggface2_balanced_100_100/n000090/0054_01.jpg
VGGFace2,n000090,Adriana_Ugarte,0055_01.jpg,vggface2_balanced_100_100/n000090/0055_01.jpg
VGGFace2,n000090,Adriana_Ugarte,0056_01.jpg,vggface2_balanced_100_100/n000090/0056_01.jpg
VGGFace2,n000090,Adriana_Ugarte,0056_02.jpg,vggface2_balanced_100_100/n000090/0056_02.jpg
VGGFace2,n000090,Adriana_Ugarte,0057_01.jpg,vggface2_balanced_100_100/n000090/0057_01.jpg
VGGFace2,n000090,Adriana_Ugarte,0058_01.jpg,vggface2_balanced_100_100/n000090/0058_01.jpg
VGGFace2,n000090,Adriana_Ugarte,0059_01.jpg,vggface2_balanced_100_100/n000090/0059_01.jpg
VGGFace2,n000090,Adriana_Ugarte,0060_01.jpg,vggface2_balanced_100_100/n000090/0060_01.jpg
VGGFace2,n000090,Adriana_Ugarte,0061_01.jpg,vggface2_balanced_100_100/n000090/0061_01.jpg
VGGFace2,n000090,Adriana_Ugarte,0062_01.jpg,vggface2_balanced_100_100/n000090/0062_01.jpg
VGGFace2,n000090,Adriana_Ugarte,0062_02.jpg,vggface2_balanced_100_100/n000090/0062_02.jpg
VGGFace2,n000090,Adriana_Ugarte,0062_03.jpg,vggface2_balanced_100_100/n000090/0062_03.jpg
VGGFace2,n000090,Adriana_Ugarte,0063_02.jpg,vggface2_balanced_100_100/n000090/0063_02.jpg
VGGFace2,n000090,Adriana_Ugarte,0064_02.jpg,vggface2_balanced_100_100/n000090/0064_02.jpg
VGGFace2,n000090,Adriana_Ugarte,0065_01.jpg,vggface2_balanced_100_100/n000090/0065_01.jpg
VGGFace2,n000090,Adriana_Ugarte,0066_01.jpg,vggface2_balanced_100_100/n000090/0066_01.jpg
VGGFace2,n000090,Adriana_Ugarte,0067_01.jpg,vggface2_balanced_100_100/n000090/0067_01.jpg
VGGFace2,n000090,Adriana_Ugarte,0068_01.jpg,vggface2_balanced_100_100/n000090/0068_01.jpg
VGGFace2,n000090,Adriana_Ugarte,0069_01.jpg,vggface2_balanced_100_100/n000090/0069_01.jpg
VGGFace2,n000090,Adriana_Ugarte,0070_01.jpg,vggface2_balanced_100_100/n000090/0070_01.jpg
VGGFace2,n000090,Adriana_Ugarte,0071_01.jpg,vggface2_balanced_100_100/n000090/0071_01.jpg
VGGFace2,n000090,Adriana_Ugarte,0072_01.jpg,vggface2_balanced_100_100/n000090/0072_01.jpg
VGGFace2,n000090,Adriana_Ugarte,0073_01.jpg,vggface2_balanced_100_100/n000090/0073_01.jpg
VGGFace2,n000090,Adriana_Ugarte,0074_01.jpg,vggface2_balanced_100_100/n000090/0074_01.jpg
VGGFace2,n000090,Adriana_Ugarte,0075_01.jpg,vggface2_balanced_100_100/n000090/0075_01.jpg
VGGFace2,n000090,Adriana_Ugarte,0076_01.jpg,vggface2_balanced_100_100/n000090/0076_01.jpg
VGGFace2,n000090,Adriana_Ugarte,0077_01.jpg,vggface2_balanced_100_100/n000090/0077_01.jpg
VGGFace2,n000090,Adriana_Ugarte,0078_01.jpg,vggface2_balanced_100_100/n000090/0078_01.jpg
VGGFace2,n000090,Adriana_Ugarte,0079_01.jpg,vggface2_balanced_100_100/n000090/0079_01.jpg
VGGFace2,n000090,Adriana_Ugarte,0080_01.jpg,vggface2_balanced_100_100/n000090/0080_01.jpg
VGGFace2,n000090,Adriana_Ugarte,0081_01.jpg,vggface2_balanced_100_100/n000090/0081_01.jpg
VGGFace2,n000090,Adriana_Ugarte,0082_01.jpg,vggface2_balanced_100_100/n000090/0082_01.jpg
VGGFace2,n000090,Adriana_Ugarte,0083_01.jpg,vggface2_balanced_100_100/n000090/0083_01.jpg
VGGFace2,n000090,Adriana_Ugarte,0084_02.jpg,vggface2_balanced_100_100/n000090/0084_02.jpg
VGGFace2,n000090,Adriana_Ugarte,0085_01.jpg,vggface2_balanced_100_100/n000090/0085_01.jpg
VGGFace2,n000090,Adriana_Ugarte,0086_01.jpg,vggface2_balanced_100_100/n000090/0086_01.jpg
VGGFace2,n000090,Adriana_Ugarte,0087_01.jpg,vggface2_balanced_100_100/n000090/0087_01.jpg
VGGFace2,n000090,Adriana_Ugarte,0088_01.jpg,vggface2_balanced_100_100/n000090/0088_01.jpg
VGGFace2,n000090,Adriana_Ugarte,0089_01.jpg,vggface2_balanced_100_100/n000090/0089_01.jpg
VGGFace2,n000090,Adriana_Ugarte,0090_01.jpg,vggface2_balanced_100_100/n000090/0090_01.jpg
VGGFace2,n000090,Adriana_Ugarte,0091_02.jpg,vggface2_balanced_100_100/n000090/0091_02.jpg
VGGFace2,n000090,Adriana_Ugarte,0092_01.jpg,vggface2_balanced_100_100/n000090/0092_01.jpg
VGGFace2,n000090,Adriana_Ugarte,0093_01.jpg,vggface2_balanced_100_100/n000090/0093_01.jpg
VGGFace2,n000090,Adriana_Ugarte,0094_01.jpg,vggface2_balanced_100_100/n000090/0094_01.jpg
VGGFace2,n000090,Adriana_Ugarte,0095_01.jpg,vggface2_balanced_100_100/n000090/0095_01.jpg
VGGFace2,n000091,Adriana_Vasini,0001_01.jpg,vggface2_balanced_100_100/n000091/0001_01.jpg
VGGFace2,n000091,Adriana_Vasini,0001_02.jpg,vggface2_balanced_100_100/n000091/0001_02.jpg
VGGFace2,n000091,Adriana_Vasini,0002_01.jpg,vggface2_balanced_100_100/n000091/0002_01.jpg
VGGFace2,n000091,Adriana_Vasini,0003_01.jpg,vggface2_balanced_100_100/n000091/0003_01.jpg
VGGFace2,n000091,Adriana_Vasini,0004_01.jpg,vggface2_balanced_100_100/n000091/0004_01.jpg
VGGFace2,n000091,Adriana_Vasini,0005_01.jpg,vggface2_balanced_100_100/n000091/0005_01.jpg
VGGFace2,n000091,Adriana_Vasini,0006_02.jpg,vggface2_balanced_100_100/n000091/0006_02.jpg
VGGFace2,n000091,Adriana_Vasini,0007_01.jpg,vggface2_balanced_100_100/n000091/0007_01.jpg
VGGFace2,n000091,Adriana_Vasini,0008_01.jpg,vggface2_balanced_100_100/n000091/0008_01.jpg
VGGFace2,n000091,Adriana_Vasini,0009_03.jpg,vggface2_balanced_100_100/n000091/0009_03.jpg
VGGFace2,n000091,Adriana_Vasini,0010_01.jpg,vggface2_balanced_100_100/n000091/0010_01.jpg
VGGFace2,n000091,Adriana_Vasini,0011_02.jpg,vggface2_balanced_100_100/n000091/0011_02.jpg
VGGFace2,n000091,Adriana_Vasini,0011_03.jpg,vggface2_balanced_100_100/n000091/0011_03.jpg
VGGFace2,n000091,Adriana_Vasini,0012_01.jpg,vggface2_balanced_100_100/n000091/0012_01.jpg
VGGFace2,n000091,Adriana_Vasini,0013_01.jpg,vggface2_balanced_100_100/n000091/0013_01.jpg
VGGFace2,n000091,Adriana_Vasini,0014_01.jpg,vggface2_balanced_100_100/n000091/0014_01.jpg
VGGFace2,n000091,Adriana_Vasini,0015_01.jpg,vggface2_balanced_100_100/n000091/0015_01.jpg
VGGFace2,n000091,Adriana_Vasini,0016_01.jpg,vggface2_balanced_100_100/n000091/0016_01.jpg
VGGFace2,n000091,Adriana_Vasini,0017_01.jpg,vggface2_balanced_100_100/n000091/0017_01.jpg
VGGFace2,n000091,Adriana_Vasini,0018_01.jpg,vggface2_balanced_100_100/n000091/0018_01.jpg
VGGFace2,n000091,Adriana_Vasini,0019_01.jpg,vggface2_balanced_100_100/n000091/0019_01.jpg
VGGFace2,n000091,Adriana_Vasini,0020_01.jpg,vggface2_balanced_100_100/n000091/0020_01.jpg
VGGFace2,n000091,Adriana_Vasini,0021_01.jpg,vggface2_balanced_100_100/n000091/0021_01.jpg
VGGFace2,n000091,Adriana_Vasini,0022_01.jpg,vggface2_balanced_100_100/n000091/0022_01.jpg
VGGFace2,n000091,Adriana_Vasini,0022_02.jpg,vggface2_balanced_100_100/n000091/0022_02.jpg
VGGFace2,n000091,Adriana_Vasini,0023_01.jpg,vggface2_balanced_100_100/n000091/0023_01.jpg
VGGFace2,n000091,Adriana_Vasini,0024_03.jpg,vggface2_balanced_100_100/n000091/0024_03.jpg
VGGFace2,n000091,Adriana_Vasini,0025_01.jpg,vggface2_balanced_100_100/n000091/0025_01.jpg
VGGFace2,n000091,Adriana_Vasini,0026_01.jpg,vggface2_balanced_100_100/n000091/0026_01.jpg
VGGFace2,n000091,Adriana_Vasini,0027_01.jpg,vggface2_balanced_100_100/n000091/0027_01.jpg
VGGFace2,n000091,Adriana_Vasini,0028_01.jpg,vggface2_balanced_100_100/n000091/0028_01.jpg
VGGFace2,n000091,Adriana_Vasini,0029_01.jpg,vggface2_balanced_100_100/n000091/0029_01.jpg
VGGFace2,n000091,Adriana_Vasini,0030_01.jpg,vggface2_balanced_100_100/n000091/0030_01.jpg
VGGFace2,n000091,Adriana_Vasini,0031_01.jpg,vggface2_balanced_100_100/n000091/0031_01.jpg
VGGFace2,n000091,Adriana_Vasini,0032_01.jpg,vggface2_balanced_100_100/n000091/0032_01.jpg
VGGFace2,n000091,Adriana_Vasini,0033_01.jpg,vggface2_balanced_100_100/n000091/0033_01.jpg
VGGFace2,n000091,Adriana_Vasini,0034_01.jpg,vggface2_balanced_100_100/n000091/0034_01.jpg
VGGFace2,n000091,Adriana_Vasini,0035_01.jpg,vggface2_balanced_100_100/n000091/0035_01.jpg
VGGFace2,n000091,Adriana_Vasini,0037_01.jpg,vggface2_balanced_100_100/n000091/0037_01.jpg
VGGFace2,n000091,Adriana_Vasini,0038_01.jpg,vggface2_balanced_100_100/n000091/0038_01.jpg
VGGFace2,n000091,Adriana_Vasini,0039_01.jpg,vggface2_balanced_100_100/n000091/0039_01.jpg
VGGFace2,n000091,Adriana_Vasini,0040_03.jpg,vggface2_balanced_100_100/n000091/0040_03.jpg
VGGFace2,n000091,Adriana_Vasini,0040_07.jpg,vggface2_balanced_100_100/n000091/0040_07.jpg
VGGFace2,n000091,Adriana_Vasini,0041_01.jpg,vggface2_balanced_100_100/n000091/0041_01.jpg
VGGFace2,n000091,Adriana_Vasini,0042_01.jpg,vggface2_balanced_100_100/n000091/0042_01.jpg
VGGFace2,n000091,Adriana_Vasini,0043_01.jpg,vggface2_balanced_100_100/n000091/0043_01.jpg
VGGFace2,n000091,Adriana_Vasini,0044_01.jpg,vggface2_balanced_100_100/n000091/0044_01.jpg
VGGFace2,n000091,Adriana_Vasini,0045_02.jpg,vggface2_balanced_100_100/n000091/0045_02.jpg
VGGFace2,n000091,Adriana_Vasini,0046_01.jpg,vggface2_balanced_100_100/n000091/0046_01.jpg
VGGFace2,n000091,Adriana_Vasini,0046_02.jpg,vggface2_balanced_100_100/n000091/0046_02.jpg
VGGFace2,n000091,Adriana_Vasini,0047_01.jpg,vggface2_balanced_100_100/n000091/0047_01.jpg
VGGFace2,n000091,Adriana_Vasini,0048_01.jpg,vggface2_balanced_100_100/n000091/0048_01.jpg
VGGFace2,n000091,Adriana_Vasini,0049_01.jpg,vggface2_balanced_100_100/n000091/0049_01.jpg
VGGFace2,n000091,Adriana_Vasini,0050_05.jpg,vggface2_balanced_100_100/n000091/0050_05.jpg
VGGFace2,n000091,Adriana_Vasini,0051_01.jpg,vggface2_balanced_100_100/n000091/0051_01.jpg
VGGFace2,n000091,Adriana_Vasini,0051_02.jpg,vggface2_balanced_100_100/n000091/0051_02.jpg
VGGFace2,n000091,Adriana_Vasini,0052_01.jpg,vggface2_balanced_100_100/n000091/0052_01.jpg
VGGFace2,n000091,Adriana_Vasini,0053_01.jpg,vggface2_balanced_100_100/n000091/0053_01.jpg
VGGFace2,n000091,Adriana_Vasini,0054_01.jpg,vggface2_balanced_100_100/n000091/0054_01.jpg
VGGFace2,n000091,Adriana_Vasini,0055_01.jpg,vggface2_balanced_100_100/n000091/0055_01.jpg
VGGFace2,n000091,Adriana_Vasini,0056_01.jpg,vggface2_balanced_100_100/n000091/0056_01.jpg
VGGFace2,n000091,Adriana_Vasini,0057_01.jpg,vggface2_balanced_100_100/n000091/0057_01.jpg
VGGFace2,n000091,Adriana_Vasini,0058_01.jpg,vggface2_balanced_100_100/n000091/0058_01.jpg
VGGFace2,n000091,Adriana_Vasini,0059_03.jpg,vggface2_balanced_100_100/n000091/0059_03.jpg
VGGFace2,n000091,Adriana_Vasini,0060_01.jpg,vggface2_balanced_100_100/n000091/0060_01.jpg
VGGFace2,n000091,Adriana_Vasini,0061_01.jpg,vggface2_balanced_100_100/n000091/0061_01.jpg
VGGFace2,n000091,Adriana_Vasini,0062_03.jpg,vggface2_balanced_100_100/n000091/0062_03.jpg
VGGFace2,n000091,Adriana_Vasini,0063_02.jpg,vggface2_balanced_100_100/n000091/0063_02.jpg
VGGFace2,n000091,Adriana_Vasini,0064_01.jpg,vggface2_balanced_100_100/n000091/0064_01.jpg
VGGFace2,n000091,Adriana_Vasini,0065_03.jpg,vggface2_balanced_100_100/n000091/0065_03.jpg
VGGFace2,n000091,Adriana_Vasini,0066_01.jpg,vggface2_balanced_100_100/n000091/0066_01.jpg
VGGFace2,n000091,Adriana_Vasini,0067_01.jpg,vggface2_balanced_100_100/n000091/0067_01.jpg
VGGFace2,n000091,Adriana_Vasini,0068_02.jpg,vggface2_balanced_100_100/n000091/0068_02.jpg
VGGFace2,n000091,Adriana_Vasini,0069_01.jpg,vggface2_balanced_100_100/n000091/0069_01.jpg
VGGFace2,n000091,Adriana_Vasini,0070_01.jpg,vggface2_balanced_100_100/n000091/0070_01.jpg
VGGFace2,n000091,Adriana_Vasini,0071_02.jpg,vggface2_balanced_100_100/n000091/0071_02.jpg
VGGFace2,n000091,Adriana_Vasini,0072_01.jpg,vggface2_balanced_100_100/n000091/0072_01.jpg
VGGFace2,n000091,Adriana_Vasini,0073_01.jpg,vggface2_balanced_100_100/n000091/0073_01.jpg
VGGFace2,n000091,Adriana_Vasini,0074_02.jpg,vggface2_balanced_100_100/n000091/0074_02.jpg
VGGFace2,n000091,Adriana_Vasini,0075_06.jpg,vggface2_balanced_100_100/n000091/0075_06.jpg
VGGFace2,n000091,Adriana_Vasini,0076_02.jpg,vggface2_balanced_100_100/n000091/0076_02.jpg
VGGFace2,n000091,Adriana_Vasini,0077_01.jpg,vggface2_balanced_100_100/n000091/0077_01.jpg
VGGFace2,n000091,Adriana_Vasini,0078_03.jpg,vggface2_balanced_100_100/n000091/0078_03.jpg
VGGFace2,n000091,Adriana_Vasini,0078_05.jpg,vggface2_balanced_100_100/n000091/0078_05.jpg
VGGFace2,n000091,Adriana_Vasini,0079_01.jpg,vggface2_balanced_100_100/n000091/0079_01.jpg
VGGFace2,n000091,Adriana_Vasini,0080_01.jpg,vggface2_balanced_100_100/n000091/0080_01.jpg
VGGFace2,n000091,Adriana_Vasini,0081_01.jpg,vggface2_balanced_100_100/n000091/0081_01.jpg
VGGFace2,n000091,Adriana_Vasini,0083_01.jpg,vggface2_balanced_100_100/n000091/0083_01.jpg
VGGFace2,n000091,Adriana_Vasini,0084_02.jpg,vggface2_balanced_100_100/n000091/0084_02.jpg
VGGFace2,n000091,Adriana_Vasini,0085_01.jpg,vggface2_balanced_100_100/n000091/0085_01.jpg
VGGFace2,n000091,Adriana_Vasini,0086_01.jpg,vggface2_balanced_100_100/n000091/0086_01.jpg
VGGFace2,n000091,Adriana_Vasini,0087_01.jpg,vggface2_balanced_100_100/n000091/0087_01.jpg
VGGFace2,n000091,Adriana_Vasini,0088_01.jpg,vggface2_balanced_100_100/n000091/0088_01.jpg
VGGFace2,n000091,Adriana_Vasini,0089_01.jpg,vggface2_balanced_100_100/n000091/0089_01.jpg
VGGFace2,n000091,Adriana_Vasini,0090_01.jpg,vggface2_balanced_100_100/n000091/0090_01.jpg
VGGFace2,n000091,Adriana_Vasini,0091_01.jpg,vggface2_balanced_100_100/n000091/0091_01.jpg
VGGFace2,n000091,Adriana_Vasini,0092_02.jpg,vggface2_balanced_100_100/n000091/0092_02.jpg
VGGFace2,n000091,Adriana_Vasini,0093_01.jpg,vggface2_balanced_100_100/n000091/0093_01.jpg
VGGFace2,n000091,Adriana_Vasini,0094_01.jpg,vggface2_balanced_100_100/n000091/0094_01.jpg
VGGFace2,n000091,Adriana_Vasini,0095_01.jpg,vggface2_balanced_100_100/n000091/0095_01.jpg
VGGFace2,n000092,Adrianna_Costa,0001_01.jpg,vggface2_balanced_100_100/n000092/0001_01.jpg
VGGFace2,n000092,Adrianna_Costa,0002_02.jpg,vggface2_balanced_100_100/n000092/0002_02.jpg
VGGFace2,n000092,Adrianna_Costa,0003_01.jpg,vggface2_balanced_100_100/n000092/0003_01.jpg
VGGFace2,n000092,Adrianna_Costa,0004_01.jpg,vggface2_balanced_100_100/n000092/0004_01.jpg
VGGFace2,n000092,Adrianna_Costa,0005_01.jpg,vggface2_balanced_100_100/n000092/0005_01.jpg
VGGFace2,n000092,Adrianna_Costa,0006_01.jpg,vggface2_balanced_100_100/n000092/0006_01.jpg
VGGFace2,n000092,Adrianna_Costa,0007_01.jpg,vggface2_balanced_100_100/n000092/0007_01.jpg
VGGFace2,n000092,Adrianna_Costa,0008_01.jpg,vggface2_balanced_100_100/n000092/0008_01.jpg
VGGFace2,n000092,Adrianna_Costa,0009_01.jpg,vggface2_balanced_100_100/n000092/0009_01.jpg
VGGFace2,n000092,Adrianna_Costa,0010_01.jpg,vggface2_balanced_100_100/n000092/0010_01.jpg
VGGFace2,n000092,Adrianna_Costa,0011_01.jpg,vggface2_balanced_100_100/n000092/0011_01.jpg
VGGFace2,n000092,Adrianna_Costa,0012_01.jpg,vggface2_balanced_100_100/n000092/0012_01.jpg
VGGFace2,n000092,Adrianna_Costa,0013_01.jpg,vggface2_balanced_100_100/n000092/0013_01.jpg
VGGFace2,n000092,Adrianna_Costa,0014_01.jpg,vggface2_balanced_100_100/n000092/0014_01.jpg
VGGFace2,n000092,Adrianna_Costa,0015_02.jpg,vggface2_balanced_100_100/n000092/0015_02.jpg
VGGFace2,n000092,Adrianna_Costa,0016_01.jpg,vggface2_balanced_100_100/n000092/0016_01.jpg
VGGFace2,n000092,Adrianna_Costa,0017_02.jpg,vggface2_balanced_100_100/n000092/0017_02.jpg
VGGFace2,n000092,Adrianna_Costa,0018_01.jpg,vggface2_balanced_100_100/n000092/0018_01.jpg
VGGFace2,n000092,Adrianna_Costa,0019_01.jpg,vggface2_balanced_100_100/n000092/0019_01.jpg
VGGFace2,n000092,Adrianna_Costa,0020_01.jpg,vggface2_balanced_100_100/n000092/0020_01.jpg
VGGFace2,n000092,Adrianna_Costa,0021_01.jpg,vggface2_balanced_100_100/n000092/0021_01.jpg
VGGFace2,n000092,Adrianna_Costa,0022_01.jpg,vggface2_balanced_100_100/n000092/0022_01.jpg
VGGFace2,n000092,Adrianna_Costa,0023_02.jpg,vggface2_balanced_100_100/n000092/0023_02.jpg
VGGFace2,n000092,Adrianna_Costa,0024_01.jpg,vggface2_balanced_100_100/n000092/0024_01.jpg
VGGFace2,n000092,Adrianna_Costa,0025_01.jpg,vggface2_balanced_100_100/n000092/0025_01.jpg
VGGFace2,n000092,Adrianna_Costa,0026_02.jpg,vggface2_balanced_100_100/n000092/0026_02.jpg
VGGFace2,n000092,Adrianna_Costa,0027_02.jpg,vggface2_balanced_100_100/n000092/0027_02.jpg
VGGFace2,n000092,Adrianna_Costa,0028_01.jpg,vggface2_balanced_100_100/n000092/0028_01.jpg
VGGFace2,n000092,Adrianna_Costa,0029_01.jpg,vggface2_balanced_100_100/n000092/0029_01.jpg
VGGFace2,n000092,Adrianna_Costa,0030_01.jpg,vggface2_balanced_100_100/n000092/0030_01.jpg
VGGFace2,n000092,Adrianna_Costa,0031_01.jpg,vggface2_balanced_100_100/n000092/0031_01.jpg
VGGFace2,n000092,Adrianna_Costa,0032_01.jpg,vggface2_balanced_100_100/n000092/0032_01.jpg
VGGFace2,n000092,Adrianna_Costa,0033_01.jpg,vggface2_balanced_100_100/n000092/0033_01.jpg
VGGFace2,n000092,Adrianna_Costa,0034_01.jpg,vggface2_balanced_100_100/n000092/0034_01.jpg
VGGFace2,n000092,Adrianna_Costa,0035_01.jpg,vggface2_balanced_100_100/n000092/0035_01.jpg
VGGFace2,n000092,Adrianna_Costa,0036_01.jpg,vggface2_balanced_100_100/n000092/0036_01.jpg
VGGFace2,n000092,Adrianna_Costa,0037_04.jpg,vggface2_balanced_100_100/n000092/0037_04.jpg
VGGFace2,n000092,Adrianna_Costa,0038_01.jpg,vggface2_balanced_100_100/n000092/0038_01.jpg
VGGFace2,n000092,Adrianna_Costa,0039_01.jpg,vggface2_balanced_100_100/n000092/0039_01.jpg
VGGFace2,n000092,Adrianna_Costa,0040_01.jpg,vggface2_balanced_100_100/n000092/0040_01.jpg
VGGFace2,n000092,Adrianna_Costa,0041_01.jpg,vggface2_balanced_100_100/n000092/0041_01.jpg
VGGFace2,n000092,Adrianna_Costa,0042_01.jpg,vggface2_balanced_100_100/n000092/0042_01.jpg
VGGFace2,n000092,Adrianna_Costa,0043_02.jpg,vggface2_balanced_100_100/n000092/0043_02.jpg
VGGFace2,n000092,Adrianna_Costa,0044_01.jpg,vggface2_balanced_100_100/n000092/0044_01.jpg
VGGFace2,n000092,Adrianna_Costa,0045_01.jpg,vggface2_balanced_100_100/n000092/0045_01.jpg
VGGFace2,n000092,Adrianna_Costa,0046_01.jpg,vggface2_balanced_100_100/n000092/0046_01.jpg
VGGFace2,n000092,Adrianna_Costa,0047_01.jpg,vggface2_balanced_100_100/n000092/0047_01.jpg
VGGFace2,n000092,Adrianna_Costa,0048_01.jpg,vggface2_balanced_100_100/n000092/0048_01.jpg
VGGFace2,n000092,Adrianna_Costa,0049_01.jpg,vggface2_balanced_100_100/n000092/0049_01.jpg
VGGFace2,n000092,Adrianna_Costa,0050_01.jpg,vggface2_balanced_100_100/n000092/0050_01.jpg
VGGFace2,n000092,Adrianna_Costa,0051_02.jpg,vggface2_balanced_100_100/n000092/0051_02.jpg
VGGFace2,n000092,Adrianna_Costa,0052_01.jpg,vggface2_balanced_100_100/n000092/0052_01.jpg
VGGFace2,n000092,Adrianna_Costa,0053_02.jpg,vggface2_balanced_100_100/n000092/0053_02.jpg
VGGFace2,n000092,Adrianna_Costa,0054_01.jpg,vggface2_balanced_100_100/n000092/0054_01.jpg
VGGFace2,n000092,Adrianna_Costa,0055_02.jpg,vggface2_balanced_100_100/n000092/0055_02.jpg
VGGFace2,n000092,Adrianna_Costa,0056_01.jpg,vggface2_balanced_100_100/n000092/0056_01.jpg
VGGFace2,n000092,Adrianna_Costa,0057_01.jpg,vggface2_balanced_100_100/n000092/0057_01.jpg
VGGFace2,n000092,Adrianna_Costa,0058_01.jpg,vggface2_balanced_100_100/n000092/0058_01.jpg
VGGFace2,n000092,Adrianna_Costa,0059_02.jpg,vggface2_balanced_100_100/n000092/0059_02.jpg
VGGFace2,n000092,Adrianna_Costa,0060_01.jpg,vggface2_balanced_100_100/n000092/0060_01.jpg
VGGFace2,n000092,Adrianna_Costa,0061_03.jpg,vggface2_balanced_100_100/n000092/0061_03.jpg
VGGFace2,n000092,Adrianna_Costa,0062_01.jpg,vggface2_balanced_100_100/n000092/0062_01.jpg
VGGFace2,n000092,Adrianna_Costa,0063_01.jpg,vggface2_balanced_100_100/n000092/0063_01.jpg
VGGFace2,n000092,Adrianna_Costa,0064_01.jpg,vggface2_balanced_100_100/n000092/0064_01.jpg
VGGFace2,n000092,Adrianna_Costa,0065_01.jpg,vggface2_balanced_100_100/n000092/0065_01.jpg
VGGFace2,n000092,Adrianna_Costa,0066_01.jpg,vggface2_balanced_100_100/n000092/0066_01.jpg
VGGFace2,n000092,Adrianna_Costa,0067_01.jpg,vggface2_balanced_100_100/n000092/0067_01.jpg
VGGFace2,n000092,Adrianna_Costa,0068_02.jpg,vggface2_balanced_100_100/n000092/0068_02.jpg
VGGFace2,n000092,Adrianna_Costa,0069_01.jpg,vggface2_balanced_100_100/n000092/0069_01.jpg
VGGFace2,n000092,Adrianna_Costa,0070_01.jpg,vggface2_balanced_100_100/n000092/0070_01.jpg
VGGFace2,n000092,Adrianna_Costa,0071_01.jpg,vggface2_balanced_100_100/n000092/0071_01.jpg
VGGFace2,n000092,Adrianna_Costa,0072_01.jpg,vggface2_balanced_100_100/n000092/0072_01.jpg
VGGFace2,n000092,Adrianna_Costa,0073_01.jpg,vggface2_balanced_100_100/n000092/0073_01.jpg
VGGFace2,n000092,Adrianna_Costa,0074_01.jpg,vggface2_balanced_100_100/n000092/0074_01.jpg
VGGFace2,n000092,Adrianna_Costa,0075_01.jpg,vggface2_balanced_100_100/n000092/0075_01.jpg
VGGFace2,n000092,Adrianna_Costa,0076_01.jpg,vggface2_balanced_100_100/n000092/0076_01.jpg
VGGFace2,n000092,Adrianna_Costa,0077_01.jpg,vggface2_balanced_100_100/n000092/0077_01.jpg
VGGFace2,n000092,Adrianna_Costa,0078_01.jpg,vggface2_balanced_100_100/n000092/0078_01.jpg
VGGFace2,n000092,Adrianna_Costa,0079_01.jpg,vggface2_balanced_100_100/n000092/0079_01.jpg
VGGFace2,n000092,Adrianna_Costa,0080_02.jpg,vggface2_balanced_100_100/n000092/0080_02.jpg
VGGFace2,n000092,Adrianna_Costa,0081_01.jpg,vggface2_balanced_100_100/n000092/0081_01.jpg
VGGFace2,n000092,Adrianna_Costa,0082_01.jpg,vggface2_balanced_100_100/n000092/0082_01.jpg
VGGFace2,n000092,Adrianna_Costa,0083_01.jpg,vggface2_balanced_100_100/n000092/0083_01.jpg
VGGFace2,n000092,Adrianna_Costa,0084_02.jpg,vggface2_balanced_100_100/n000092/0084_02.jpg
VGGFace2,n000092,Adrianna_Costa,0085_01.jpg,vggface2_balanced_100_100/n000092/0085_01.jpg
VGGFace2,n000092,Adrianna_Costa,0086_01.jpg,vggface2_balanced_100_100/n000092/0086_01.jpg
VGGFace2,n000092,Adrianna_Costa,0087_01.jpg,vggface2_balanced_100_100/n000092/0087_01.jpg
VGGFace2,n000092,Adrianna_Costa,0088_01.jpg,vggface2_balanced_100_100/n000092/0088_01.jpg
VGGFace2,n000092,Adrianna_Costa,0089_01.jpg,vggface2_balanced_100_100/n000092/0089_01.jpg
VGGFace2,n000092,Adrianna_Costa,0090_01.jpg,vggface2_balanced_100_100/n000092/0090_01.jpg
VGGFace2,n000092,Adrianna_Costa,0091_01.jpg,vggface2_balanced_100_100/n000092/0091_01.jpg
VGGFace2,n000092,Adrianna_Costa,0092_01.jpg,vggface2_balanced_100_100/n000092/0092_01.jpg
VGGFace2,n000092,Adrianna_Costa,0093_01.jpg,vggface2_balanced_100_100/n000092/0093_01.jpg
VGGFace2,n000092,Adrianna_Costa,0094_02.jpg,vggface2_balanced_100_100/n000092/0094_02.jpg
VGGFace2,n000092,Adrianna_Costa,0095_01.jpg,vggface2_balanced_100_100/n000092/0095_01.jpg
VGGFace2,n000092,Adrianna_Costa,0096_01.jpg,vggface2_balanced_100_100/n000092/0096_01.jpg
VGGFace2,n000092,Adrianna_Costa,0097_01.jpg,vggface2_balanced_100_100/n000092/0097_01.jpg
VGGFace2,n000092,Adrianna_Costa,0098_01.jpg,vggface2_balanced_100_100/n000092/0098_01.jpg
VGGFace2,n000092,Adrianna_Costa,0099_01.jpg,vggface2_balanced_100_100/n000092/0099_01.jpg
VGGFace2,n000092,Adrianna_Costa,0100_01.jpg,vggface2_balanced_100_100/n000092/0100_01.jpg
VGGFace2,n000093,Adrianne_León,0001_01.jpg,vggface2_balanced_100_100/n000093/0001_01.jpg
VGGFace2,n000093,Adrianne_León,0002_02.jpg,vggface2_balanced_100_100/n000093/0002_02.jpg
VGGFace2,n000093,Adrianne_León,0003_01.jpg,vggface2_balanced_100_100/n000093/0003_01.jpg
VGGFace2,n000093,Adrianne_León,0004_01.jpg,vggface2_balanced_100_100/n000093/0004_01.jpg
VGGFace2,n000093,Adrianne_León,0005_01.jpg,vggface2_balanced_100_100/n000093/0005_01.jpg
VGGFace2,n000093,Adrianne_León,0006_01.jpg,vggface2_balanced_100_100/n000093/0006_01.jpg
VGGFace2,n000093,Adrianne_León,0007_01.jpg,vggface2_balanced_100_100/n000093/0007_01.jpg
VGGFace2,n000093,Adrianne_León,0008_02.jpg,vggface2_balanced_100_100/n000093/0008_02.jpg
VGGFace2,n000093,Adrianne_León,0009_01.jpg,vggface2_balanced_100_100/n000093/0009_01.jpg
VGGFace2,n000093,Adrianne_León,0010_01.jpg,vggface2_balanced_100_100/n000093/0010_01.jpg
VGGFace2,n000093,Adrianne_León,0011_01.jpg,vggface2_balanced_100_100/n000093/0011_01.jpg
VGGFace2,n000093,Adrianne_León,0012_01.jpg,vggface2_balanced_100_100/n000093/0012_01.jpg
VGGFace2,n000093,Adrianne_León,0013_01.jpg,vggface2_balanced_100_100/n000093/0013_01.jpg
VGGFace2,n000093,Adrianne_León,0014_01.jpg,vggface2_balanced_100_100/n000093/0014_01.jpg
VGGFace2,n000093,Adrianne_León,0015_01.jpg,vggface2_balanced_100_100/n000093/0015_01.jpg
VGGFace2,n000093,Adrianne_León,0016_01.jpg,vggface2_balanced_100_100/n000093/0016_01.jpg
VGGFace2,n000093,Adrianne_León,0017_01.jpg,vggface2_balanced_100_100/n000093/0017_01.jpg
VGGFace2,n000093,Adrianne_León,0018_01.jpg,vggface2_balanced_100_100/n000093/0018_01.jpg
VGGFace2,n000093,Adrianne_León,0019_01.jpg,vggface2_balanced_100_100/n000093/0019_01.jpg
VGGFace2,n000093,Adrianne_León,0020_01.jpg,vggface2_balanced_100_100/n000093/0020_01.jpg
VGGFace2,n000093,Adrianne_León,0021_04.jpg,vggface2_balanced_100_100/n000093/0021_04.jpg
VGGFace2,n000093,Adrianne_León,0022_01.jpg,vggface2_balanced_100_100/n000093/0022_01.jpg
VGGFace2,n000093,Adrianne_León,0023_01.jpg,vggface2_balanced_100_100/n000093/0023_01.jpg
VGGFace2,n000093,Adrianne_León,0024_01.jpg,vggface2_balanced_100_100/n000093/0024_01.jpg
VGGFace2,n000093,Adrianne_León,0025_02.jpg,vggface2_balanced_100_100/n000093/0025_02.jpg
VGGFace2,n000093,Adrianne_León,0026_02.jpg,vggface2_balanced_100_100/n000093/0026_02.jpg
VGGFace2,n000093,Adrianne_León,0027_01.jpg,vggface2_balanced_100_100/n000093/0027_01.jpg
VGGFace2,n000093,Adrianne_León,0028_01.jpg,vggface2_balanced_100_100/n000093/0028_01.jpg
VGGFace2,n000093,Adrianne_León,0029_01.jpg,vggface2_balanced_100_100/n000093/0029_01.jpg
VGGFace2,n000093,Adrianne_León,0030_01.jpg,vggface2_balanced_100_100/n000093/0030_01.jpg
VGGFace2,n000093,Adrianne_León,0031_02.jpg,vggface2_balanced_100_100/n000093/0031_02.jpg
VGGFace2,n000093,Adrianne_León,0032_01.jpg,vggface2_balanced_100_100/n000093/0032_01.jpg
VGGFace2,n000093,Adrianne_León,0033_01.jpg,vggface2_balanced_100_100/n000093/0033_01.jpg
VGGFace2,n000093,Adrianne_León,0034_01.jpg,vggface2_balanced_100_100/n000093/0034_01.jpg
VGGFace2,n000093,Adrianne_León,0035_01.jpg,vggface2_balanced_100_100/n000093/0035_01.jpg
VGGFace2,n000093,Adrianne_León,0036_01.jpg,vggface2_balanced_100_100/n000093/0036_01.jpg
VGGFace2,n000093,Adrianne_León,0037_01.jpg,vggface2_balanced_100_100/n000093/0037_01.jpg
VGGFace2,n000093,Adrianne_León,0038_01.jpg,vggface2_balanced_100_100/n000093/0038_01.jpg
VGGFace2,n000093,Adrianne_León,0039_01.jpg,vggface2_balanced_100_100/n000093/0039_01.jpg
VGGFace2,n000093,Adrianne_León,0040_01.jpg,vggface2_balanced_100_100/n000093/0040_01.jpg
VGGFace2,n000093,Adrianne_León,0041_02.jpg,vggface2_balanced_100_100/n000093/0041_02.jpg
VGGFace2,n000093,Adrianne_León,0042_01.jpg,vggface2_balanced_100_100/n000093/0042_01.jpg
VGGFace2,n000093,Adrianne_León,0043_01.jpg,vggface2_balanced_100_100/n000093/0043_01.jpg
VGGFace2,n000093,Adrianne_León,0044_01.jpg,vggface2_balanced_100_100/n000093/0044_01.jpg
VGGFace2,n000093,Adrianne_León,0045_02.jpg,vggface2_balanced_100_100/n000093/0045_02.jpg
VGGFace2,n000093,Adrianne_León,0046_03.jpg,vggface2_balanced_100_100/n000093/0046_03.jpg
VGGFace2,n000093,Adrianne_León,0047_01.jpg,vggface2_balanced_100_100/n000093/0047_01.jpg
VGGFace2,n000093,Adrianne_León,0048_01.jpg,vggface2_balanced_100_100/n000093/0048_01.jpg
VGGFace2,n000093,Adrianne_León,0049_01.jpg,vggface2_balanced_100_100/n000093/0049_01.jpg
VGGFace2,n000093,Adrianne_León,0050_01.jpg,vggface2_balanced_100_100/n000093/0050_01.jpg
VGGFace2,n000093,Adrianne_León,0051_01.jpg,vggface2_balanced_100_100/n000093/0051_01.jpg
VGGFace2,n000093,Adrianne_León,0052_01.jpg,vggface2_balanced_100_100/n000093/0052_01.jpg
VGGFace2,n000093,Adrianne_León,0053_01.jpg,vggface2_balanced_100_100/n000093/0053_01.jpg
VGGFace2,n000093,Adrianne_León,0054_02.jpg,vggface2_balanced_100_100/n000093/0054_02.jpg
VGGFace2,n000093,Adrianne_León,0055_02.jpg,vggface2_balanced_100_100/n000093/0055_02.jpg
VGGFace2,n000093,Adrianne_León,0056_01.jpg,vggface2_balanced_100_100/n000093/0056_01.jpg
VGGFace2,n000093,Adrianne_León,0057_01.jpg,vggface2_balanced_100_100/n000093/0057_01.jpg
VGGFace2,n000093,Adrianne_León,0058_01.jpg,vggface2_balanced_100_100/n000093/0058_01.jpg
VGGFace2,n000093,Adrianne_León,0058_02.jpg,vggface2_balanced_100_100/n000093/0058_02.jpg
VGGFace2,n000093,Adrianne_León,0059_02.jpg,vggface2_balanced_100_100/n000093/0059_02.jpg
VGGFace2,n000093,Adrianne_León,0060_01.jpg,vggface2_balanced_100_100/n000093/0060_01.jpg
VGGFace2,n000093,Adrianne_León,0061_01.jpg,vggface2_balanced_100_100/n000093/0061_01.jpg
VGGFace2,n000093,Adrianne_León,0062_03.jpg,vggface2_balanced_100_100/n000093/0062_03.jpg
VGGFace2,n000093,Adrianne_León,0063_01.jpg,vggface2_balanced_100_100/n000093/0063_01.jpg
VGGFace2,n000093,Adrianne_León,0064_02.jpg,vggface2_balanced_100_100/n000093/0064_02.jpg
VGGFace2,n000093,Adrianne_León,0065_03.jpg,vggface2_balanced_100_100/n000093/0065_03.jpg
VGGFace2,n000093,Adrianne_León,0066_01.jpg,vggface2_balanced_100_100/n000093/0066_01.jpg
VGGFace2,n000093,Adrianne_León,0067_02.jpg,vggface2_balanced_100_100/n000093/0067_02.jpg
VGGFace2,n000093,Adrianne_León,0068_01.jpg,vggface2_balanced_100_100/n000093/0068_01.jpg
VGGFace2,n000093,Adrianne_León,0069_01.jpg,vggface2_balanced_100_100/n000093/0069_01.jpg
VGGFace2,n000093,Adrianne_León,0070_01.jpg,vggface2_balanced_100_100/n000093/0070_01.jpg
VGGFace2,n000093,Adrianne_León,0073_01.jpg,vggface2_balanced_100_100/n000093/0073_01.jpg
VGGFace2,n000093,Adrianne_León,0074_02.jpg,vggface2_balanced_100_100/n000093/0074_02.jpg
VGGFace2,n000093,Adrianne_León,0075_02.jpg,vggface2_balanced_100_100/n000093/0075_02.jpg
VGGFace2,n000093,Adrianne_León,0075_03.jpg,vggface2_balanced_100_100/n000093/0075_03.jpg
VGGFace2,n000093,Adrianne_León,0076_01.jpg,vggface2_balanced_100_100/n000093/0076_01.jpg
VGGFace2,n000093,Adrianne_León,0077_01.jpg,vggface2_balanced_100_100/n000093/0077_01.jpg
VGGFace2,n000093,Adrianne_León,0078_01.jpg,vggface2_balanced_100_100/n000093/0078_01.jpg
VGGFace2,n000093,Adrianne_León,0079_01.jpg,vggface2_balanced_100_100/n000093/0079_01.jpg
VGGFace2,n000093,Adrianne_León,0080_01.jpg,vggface2_balanced_100_100/n000093/0080_01.jpg
VGGFace2,n000093,Adrianne_León,0081_02.jpg,vggface2_balanced_100_100/n000093/0081_02.jpg
VGGFace2,n000093,Adrianne_León,0082_01.jpg,vggface2_balanced_100_100/n000093/0082_01.jpg
VGGFace2,n000093,Adrianne_León,0083_03.jpg,vggface2_balanced_100_100/n000093/0083_03.jpg
VGGFace2,n000093,Adrianne_León,0084_01.jpg,vggface2_balanced_100_100/n000093/0084_01.jpg
VGGFace2,n000093,Adrianne_León,0085_01.jpg,vggface2_balanced_100_100/n000093/0085_01.jpg
VGGFace2,n000093,Adrianne_León,0086_01.jpg,vggface2_balanced_100_100/n000093/0086_01.jpg
VGGFace2,n000093,Adrianne_León,0088_02.jpg,vggface2_balanced_100_100/n000093/0088_02.jpg
VGGFace2,n000093,Adrianne_León,0089_01.jpg,vggface2_balanced_100_100/n000093/0089_01.jpg
VGGFace2,n000093,Adrianne_León,0090_01.jpg,vggface2_balanced_100_100/n000093/0090_01.jpg
VGGFace2,n000093,Adrianne_León,0091_01.jpg,vggface2_balanced_100_100/n000093/0091_01.jpg
VGGFace2,n000093,Adrianne_León,0092_01.jpg,vggface2_balanced_100_100/n000093/0092_01.jpg
VGGFace2,n000093,Adrianne_León,0094_02.jpg,vggface2_balanced_100_100/n000093/0094_02.jpg
VGGFace2,n000093,Adrianne_León,0095_01.jpg,vggface2_balanced_100_100/n000093/0095_01.jpg
VGGFace2,n000093,Adrianne_León,0096_01.jpg,vggface2_balanced_100_100/n000093/0096_01.jpg
VGGFace2,n000093,Adrianne_León,0098_02.jpg,vggface2_balanced_100_100/n000093/0098_02.jpg
VGGFace2,n000093,Adrianne_León,0099_01.jpg,vggface2_balanced_100_100/n000093/0099_01.jpg
VGGFace2,n000093,Adrianne_León,0101_04.jpg,vggface2_balanced_100_100/n000093/0101_04.jpg
VGGFace2,n000093,Adrianne_León,0102_01.jpg,vggface2_balanced_100_100/n000093/0102_01.jpg
VGGFace2,n000093,Adrianne_León,0103_01.jpg,vggface2_balanced_100_100/n000093/0103_01.jpg
VGGFace2,n000093,Adrianne_León,0104_01.jpg,vggface2_balanced_100_100/n000093/0104_01.jpg
VGGFace2,n000094,Adriano_Leite_Ribeiro,0001_01.jpg,vggface2_balanced_100_100/n000094/0001_01.jpg
VGGFace2,n000094,Adriano_Leite_Ribeiro,0002_01.jpg,vggface2_balanced_100_100/n000094/0002_01.jpg
VGGFace2,n000094,Adriano_Leite_Ribeiro,0003_01.jpg,vggface2_balanced_100_100/n000094/0003_01.jpg
VGGFace2,n000094,Adriano_Leite_Ribeiro,0004_01.jpg,vggface2_balanced_100_100/n000094/0004_01.jpg
VGGFace2,n000094,Adriano_Leite_Ribeiro,0005_01.jpg,vggface2_balanced_100_100/n000094/0005_01.jpg
VGGFace2,n000094,Adriano_Leite_Ribeiro,0006_01.jpg,vggface2_balanced_100_100/n000094/0006_01.jpg
VGGFace2,n000094,Adriano_Leite_Ribeiro,0007_01.jpg,vggface2_balanced_100_100/n000094/0007_01.jpg
VGGFace2,n000094,Adriano_Leite_Ribeiro,0008_01.jpg,vggface2_balanced_100_100/n000094/0008_01.jpg
VGGFace2,n000094,Adriano_Leite_Ribeiro,0009_01.jpg,vggface2_balanced_100_100/n000094/0009_01.jpg
VGGFace2,n000094,Adriano_Leite_Ribeiro,0010_01.jpg,vggface2_balanced_100_100/n000094/0010_01.jpg
VGGFace2,n000094,Adriano_Leite_Ribeiro,0011_01.jpg,vggface2_balanced_100_100/n000094/0011_01.jpg
VGGFace2,n000094,Adriano_Leite_Ribeiro,0012_01.jpg,vggface2_balanced_100_100/n000094/0012_01.jpg
VGGFace2,n000094,Adriano_Leite_Ribeiro,0013_01.jpg,vggface2_balanced_100_100/n000094/0013_01.jpg
VGGFace2,n000094,Adriano_Leite_Ribeiro,0014_05.jpg,vggface2_balanced_100_100/n000094/0014_05.jpg
VGGFace2,n000094,Adriano_Leite_Ribeiro,0015_01.jpg,vggface2_balanced_100_100/n000094/0015_01.jpg
VGGFace2,n000094,Adriano_Leite_Ribeiro,0016_01.jpg,vggface2_balanced_100_100/n000094/0016_01.jpg
VGGFace2,n000094,Adriano_Leite_Ribeiro,0017_01.jpg,vggface2_balanced_100_100/n000094/0017_01.jpg
VGGFace2,n000094,Adriano_Leite_Ribeiro,0018_01.jpg,vggface2_balanced_100_100/n000094/0018_01.jpg
VGGFace2,n000094,Adriano_Leite_Ribeiro,0019_01.jpg,vggface2_balanced_100_100/n000094/0019_01.jpg
VGGFace2,n000094,Adriano_Leite_Ribeiro,0020_02.jpg,vggface2_balanced_100_100/n000094/0020_02.jpg
VGGFace2,n000094,Adriano_Leite_Ribeiro,0021_01.jpg,vggface2_balanced_100_100/n000094/0021_01.jpg
VGGFace2,n000094,Adriano_Leite_Ribeiro,0022_01.jpg,vggface2_balanced_100_100/n000094/0022_01.jpg
VGGFace2,n000094,Adriano_Leite_Ribeiro,0023_01.jpg,vggface2_balanced_100_100/n000094/0023_01.jpg
VGGFace2,n000094,Adriano_Leite_Ribeiro,0024_01.jpg,vggface2_balanced_100_100/n000094/0024_01.jpg
VGGFace2,n000094,Adriano_Leite_Ribeiro,0025_01.jpg,vggface2_balanced_100_100/n000094/0025_01.jpg
VGGFace2,n000094,Adriano_Leite_Ribeiro,0026_01.jpg,vggface2_balanced_100_100/n000094/0026_01.jpg
VGGFace2,n000094,Adriano_Leite_Ribeiro,0027_01.jpg,vggface2_balanced_100_100/n000094/0027_01.jpg
VGGFace2,n000094,Adriano_Leite_Ribeiro,0028_01.jpg,vggface2_balanced_100_100/n000094/0028_01.jpg
VGGFace2,n000094,Adriano_Leite_Ribeiro,0029_01.jpg,vggface2_balanced_100_100/n000094/0029_01.jpg
VGGFace2,n000094,Adriano_Leite_Ribeiro,0030_01.jpg,vggface2_balanced_100_100/n000094/0030_01.jpg
VGGFace2,n000094,Adriano_Leite_Ribeiro,0031_01.jpg,vggface2_balanced_100_100/n000094/0031_01.jpg
VGGFace2,n000094,Adriano_Leite_Ribeiro,0032_01.jpg,vggface2_balanced_100_100/n000094/0032_01.jpg
VGGFace2,n000094,Adriano_Leite_Ribeiro,0033_01.jpg,vggface2_balanced_100_100/n000094/0033_01.jpg
VGGFace2,n000094,Adriano_Leite_Ribeiro,0034_01.jpg,vggface2_balanced_100_100/n000094/0034_01.jpg
VGGFace2,n000094,Adriano_Leite_Ribeiro,0035_02.jpg,vggface2_balanced_100_100/n000094/0035_02.jpg
VGGFace2,n000094,Adriano_Leite_Ribeiro,0036_01.jpg,vggface2_balanced_100_100/n000094/0036_01.jpg
VGGFace2,n000094,Adriano_Leite_Ribeiro,0037_01.jpg,vggface2_balanced_100_100/n000094/0037_01.jpg
VGGFace2,n000094,Adriano_Leite_Ribeiro,0038_01.jpg,vggface2_balanced_100_100/n000094/0038_01.jpg
VGGFace2,n000094,Adriano_Leite_Ribeiro,0039_01.jpg,vggface2_balanced_100_100/n000094/0039_01.jpg
VGGFace2,n000094,Adriano_Leite_Ribeiro,0040_01.jpg,vggface2_balanced_100_100/n000094/0040_01.jpg
VGGFace2,n000094,Adriano_Leite_Ribeiro,0041_01.jpg,vggface2_balanced_100_100/n000094/0041_01.jpg
VGGFace2,n000094,Adriano_Leite_Ribeiro,0042_01.jpg,vggface2_balanced_100_100/n000094/0042_01.jpg
VGGFace2,n000094,Adriano_Leite_Ribeiro,0043_01.jpg,vggface2_balanced_100_100/n000094/0043_01.jpg
VGGFace2,n000094,Adriano_Leite_Ribeiro,0044_01.jpg,vggface2_balanced_100_100/n000094/0044_01.jpg
VGGFace2,n000094,Adriano_Leite_Ribeiro,0045_01.jpg,vggface2_balanced_100_100/n000094/0045_01.jpg
VGGFace2,n000094,Adriano_Leite_Ribeiro,0046_01.jpg,vggface2_balanced_100_100/n000094/0046_01.jpg
VGGFace2,n000094,Adriano_Leite_Ribeiro,0047_01.jpg,vggface2_balanced_100_100/n000094/0047_01.jpg
VGGFace2,n000094,Adriano_Leite_Ribeiro,0048_01.jpg,vggface2_balanced_100_100/n000094/0048_01.jpg
VGGFace2,n000094,Adriano_Leite_Ribeiro,0049_01.jpg,vggface2_balanced_100_100/n000094/0049_01.jpg
VGGFace2,n000094,Adriano_Leite_Ribeiro,0050_01.jpg,vggface2_balanced_100_100/n000094/0050_01.jpg
VGGFace2,n000094,Adriano_Leite_Ribeiro,0051_01.jpg,vggface2_balanced_100_100/n000094/0051_01.jpg
VGGFace2,n000094,Adriano_Leite_Ribeiro,0052_01.jpg,vggface2_balanced_100_100/n000094/0052_01.jpg
VGGFace2,n000094,Adriano_Leite_Ribeiro,0053_01.jpg,vggface2_balanced_100_100/n000094/0053_01.jpg
VGGFace2,n000094,Adriano_Leite_Ribeiro,0054_01.jpg,vggface2_balanced_100_100/n000094/0054_01.jpg
VGGFace2,n000094,Adriano_Leite_Ribeiro,0054_02.jpg,vggface2_balanced_100_100/n000094/0054_02.jpg
VGGFace2,n000094,Adriano_Leite_Ribeiro,0055_01.jpg,vggface2_balanced_100_100/n000094/0055_01.jpg
VGGFace2,n000094,Adriano_Leite_Ribeiro,0056_01.jpg,vggface2_balanced_100_100/n000094/0056_01.jpg
VGGFace2,n000094,Adriano_Leite_Ribeiro,0057_01.jpg,vggface2_balanced_100_100/n000094/0057_01.jpg
VGGFace2,n000094,Adriano_Leite_Ribeiro,0058_01.jpg,vggface2_balanced_100_100/n000094/0058_01.jpg
VGGFace2,n000094,Adriano_Leite_Ribeiro,0059_01.jpg,vggface2_balanced_100_100/n000094/0059_01.jpg
VGGFace2,n000094,Adriano_Leite_Ribeiro,0060_01.jpg,vggface2_balanced_100_100/n000094/0060_01.jpg
VGGFace2,n000094,Adriano_Leite_Ribeiro,0061_02.jpg,vggface2_balanced_100_100/n000094/0061_02.jpg
VGGFace2,n000094,Adriano_Leite_Ribeiro,0062_01.jpg,vggface2_balanced_100_100/n000094/0062_01.jpg
VGGFace2,n000094,Adriano_Leite_Ribeiro,0063_01.jpg,vggface2_balanced_100_100/n000094/0063_01.jpg
VGGFace2,n000094,Adriano_Leite_Ribeiro,0064_01.jpg,vggface2_balanced_100_100/n000094/0064_01.jpg
VGGFace2,n000094,Adriano_Leite_Ribeiro,0065_01.jpg,vggface2_balanced_100_100/n000094/0065_01.jpg
VGGFace2,n000094,Adriano_Leite_Ribeiro,0066_01.jpg,vggface2_balanced_100_100/n000094/0066_01.jpg
VGGFace2,n000094,Adriano_Leite_Ribeiro,0067_01.jpg,vggface2_balanced_100_100/n000094/0067_01.jpg
VGGFace2,n000094,Adriano_Leite_Ribeiro,0068_01.jpg,vggface2_balanced_100_100/n000094/0068_01.jpg
VGGFace2,n000094,Adriano_Leite_Ribeiro,0068_02.jpg,vggface2_balanced_100_100/n000094/0068_02.jpg
VGGFace2,n000094,Adriano_Leite_Ribeiro,0069_01.jpg,vggface2_balanced_100_100/n000094/0069_01.jpg
VGGFace2,n000094,Adriano_Leite_Ribeiro,0070_01.jpg,vggface2_balanced_100_100/n000094/0070_01.jpg
VGGFace2,n000094,Adriano_Leite_Ribeiro,0071_01.jpg,vggface2_balanced_100_100/n000094/0071_01.jpg
VGGFace2,n000094,Adriano_Leite_Ribeiro,0072_01.jpg,vggface2_balanced_100_100/n000094/0072_01.jpg
VGGFace2,n000094,Adriano_Leite_Ribeiro,0073_01.jpg,vggface2_balanced_100_100/n000094/0073_01.jpg
VGGFace2,n000094,Adriano_Leite_Ribeiro,0075_01.jpg,vggface2_balanced_100_100/n000094/0075_01.jpg
VGGFace2,n000094,Adriano_Leite_Ribeiro,0076_02.jpg,vggface2_balanced_100_100/n000094/0076_02.jpg
VGGFace2,n000094,Adriano_Leite_Ribeiro,0077_01.jpg,vggface2_balanced_100_100/n000094/0077_01.jpg
VGGFace2,n000094,Adriano_Leite_Ribeiro,0077_02.jpg,vggface2_balanced_100_100/n000094/0077_02.jpg
VGGFace2,n000094,Adriano_Leite_Ribeiro,0078_01.jpg,vggface2_balanced_100_100/n000094/0078_01.jpg
VGGFace2,n000094,Adriano_Leite_Ribeiro,0079_01.jpg,vggface2_balanced_100_100/n000094/0079_01.jpg
VGGFace2,n000094,Adriano_Leite_Ribeiro,0080_01.jpg,vggface2_balanced_100_100/n000094/0080_01.jpg
VGGFace2,n000094,Adriano_Leite_Ribeiro,0081_01.jpg,vggface2_balanced_100_100/n000094/0081_01.jpg
VGGFace2,n000094,Adriano_Leite_Ribeiro,0082_01.jpg,vggface2_balanced_100_100/n000094/0082_01.jpg
VGGFace2,n000094,Adriano_Leite_Ribeiro,0083_01.jpg,vggface2_balanced_100_100/n000094/0083_01.jpg
VGGFace2,n000094,Adriano_Leite_Ribeiro,0084_01.jpg,vggface2_balanced_100_100/n000094/0084_01.jpg
VGGFace2,n000094,Adriano_Leite_Ribeiro,0085_01.jpg,vggface2_balanced_100_100/n000094/0085_01.jpg
VGGFace2,n000094,Adriano_Leite_Ribeiro,0086_01.jpg,vggface2_balanced_100_100/n000094/0086_01.jpg
VGGFace2,n000094,Adriano_Leite_Ribeiro,0087_01.jpg,vggface2_balanced_100_100/n000094/0087_01.jpg
VGGFace2,n000094,Adriano_Leite_Ribeiro,0088_01.jpg,vggface2_balanced_100_100/n000094/0088_01.jpg
VGGFace2,n000094,Adriano_Leite_Ribeiro,0089_01.jpg,vggface2_balanced_100_100/n000094/0089_01.jpg
VGGFace2,n000094,Adriano_Leite_Ribeiro,0090_01.jpg,vggface2_balanced_100_100/n000094/0090_01.jpg
VGGFace2,n000094,Adriano_Leite_Ribeiro,0090_02.jpg,vggface2_balanced_100_100/n000094/0090_02.jpg
VGGFace2,n000094,Adriano_Leite_Ribeiro,0091_01.jpg,vggface2_balanced_100_100/n000094/0091_01.jpg
VGGFace2,n000094,Adriano_Leite_Ribeiro,0092_01.jpg,vggface2_balanced_100_100/n000094/0092_01.jpg
VGGFace2,n000094,Adriano_Leite_Ribeiro,0093_01.jpg,vggface2_balanced_100_100/n000094/0093_01.jpg
VGGFace2,n000094,Adriano_Leite_Ribeiro,0094_01.jpg,vggface2_balanced_100_100/n000094/0094_01.jpg
VGGFace2,n000094,Adriano_Leite_Ribeiro,0095_01.jpg,vggface2_balanced_100_100/n000094/0095_01.jpg
VGGFace2,n000094,Adriano_Leite_Ribeiro,0096_01.jpg,vggface2_balanced_100_100/n000094/0096_01.jpg
VGGFace2,n000094,Adriano_Leite_Ribeiro,0097_01.jpg,vggface2_balanced_100_100/n000094/0097_01.jpg
VGGFace2,n000095,Adriean_Videanu,0001_01.jpg,vggface2_balanced_100_100/n000095/0001_01.jpg
VGGFace2,n000095,Adriean_Videanu,0002_01.jpg,vggface2_balanced_100_100/n000095/0002_01.jpg
VGGFace2,n000095,Adriean_Videanu,0003_01.jpg,vggface2_balanced_100_100/n000095/0003_01.jpg
VGGFace2,n000095,Adriean_Videanu,0004_01.jpg,vggface2_balanced_100_100/n000095/0004_01.jpg
VGGFace2,n000095,Adriean_Videanu,0005_01.jpg,vggface2_balanced_100_100/n000095/0005_01.jpg
VGGFace2,n000095,Adriean_Videanu,0006_01.jpg,vggface2_balanced_100_100/n000095/0006_01.jpg
VGGFace2,n000095,Adriean_Videanu,0007_01.jpg,vggface2_balanced_100_100/n000095/0007_01.jpg
VGGFace2,n000095,Adriean_Videanu,0008_01.jpg,vggface2_balanced_100_100/n000095/0008_01.jpg
VGGFace2,n000095,Adriean_Videanu,0009_01.jpg,vggface2_balanced_100_100/n000095/0009_01.jpg
VGGFace2,n000095,Adriean_Videanu,0010_01.jpg,vggface2_balanced_100_100/n000095/0010_01.jpg
VGGFace2,n000095,Adriean_Videanu,0011_01.jpg,vggface2_balanced_100_100/n000095/0011_01.jpg
VGGFace2,n000095,Adriean_Videanu,0012_01.jpg,vggface2_balanced_100_100/n000095/0012_01.jpg
VGGFace2,n000095,Adriean_Videanu,0013_01.jpg,vggface2_balanced_100_100/n000095/0013_01.jpg
VGGFace2,n000095,Adriean_Videanu,0014_01.jpg,vggface2_balanced_100_100/n000095/0014_01.jpg
VGGFace2,n000095,Adriean_Videanu,0015_04.jpg,vggface2_balanced_100_100/n000095/0015_04.jpg
VGGFace2,n000095,Adriean_Videanu,0016_01.jpg,vggface2_balanced_100_100/n000095/0016_01.jpg
VGGFace2,n000095,Adriean_Videanu,0017_01.jpg,vggface2_balanced_100_100/n000095/0017_01.jpg
VGGFace2,n000095,Adriean_Videanu,0018_01.jpg,vggface2_balanced_100_100/n000095/0018_01.jpg
VGGFace2,n000095,Adriean_Videanu,0019_01.jpg,vggface2_balanced_100_100/n000095/0019_01.jpg
VGGFace2,n000095,Adriean_Videanu,0020_01.jpg,vggface2_balanced_100_100/n000095/0020_01.jpg
VGGFace2,n000095,Adriean_Videanu,0021_01.jpg,vggface2_balanced_100_100/n000095/0021_01.jpg
VGGFace2,n000095,Adriean_Videanu,0022_01.jpg,vggface2_balanced_100_100/n000095/0022_01.jpg
VGGFace2,n000095,Adriean_Videanu,0023_01.jpg,vggface2_balanced_100_100/n000095/0023_01.jpg
VGGFace2,n000095,Adriean_Videanu,0024_01.jpg,vggface2_balanced_100_100/n000095/0024_01.jpg
VGGFace2,n000095,Adriean_Videanu,0025_01.jpg,vggface2_balanced_100_100/n000095/0025_01.jpg
VGGFace2,n000095,Adriean_Videanu,0026_01.jpg,vggface2_balanced_100_100/n000095/0026_01.jpg
VGGFace2,n000095,Adriean_Videanu,0027_01.jpg,vggface2_balanced_100_100/n000095/0027_01.jpg
VGGFace2,n000095,Adriean_Videanu,0028_02.jpg,vggface2_balanced_100_100/n000095/0028_02.jpg
VGGFace2,n000095,Adriean_Videanu,0029_01.jpg,vggface2_balanced_100_100/n000095/0029_01.jpg
VGGFace2,n000095,Adriean_Videanu,0030_01.jpg,vggface2_balanced_100_100/n000095/0030_01.jpg
VGGFace2,n000095,Adriean_Videanu,0030_02.jpg,vggface2_balanced_100_100/n000095/0030_02.jpg
VGGFace2,n000095,Adriean_Videanu,0031_01.jpg,vggface2_balanced_100_100/n000095/0031_01.jpg
VGGFace2,n000095,Adriean_Videanu,0032_01.jpg,vggface2_balanced_100_100/n000095/0032_01.jpg
VGGFace2,n000095,Adriean_Videanu,0033_01.jpg,vggface2_balanced_100_100/n000095/0033_01.jpg
VGGFace2,n000095,Adriean_Videanu,0034_01.jpg,vggface2_balanced_100_100/n000095/0034_01.jpg
VGGFace2,n000095,Adriean_Videanu,0035_01.jpg,vggface2_balanced_100_100/n000095/0035_01.jpg
VGGFace2,n000095,Adriean_Videanu,0036_01.jpg,vggface2_balanced_100_100/n000095/0036_01.jpg
VGGFace2,n000095,Adriean_Videanu,0037_01.jpg,vggface2_balanced_100_100/n000095/0037_01.jpg
VGGFace2,n000095,Adriean_Videanu,0038_01.jpg,vggface2_balanced_100_100/n000095/0038_01.jpg
VGGFace2,n000095,Adriean_Videanu,0039_01.jpg,vggface2_balanced_100_100/n000095/0039_01.jpg
VGGFace2,n000095,Adriean_Videanu,0040_01.jpg,vggface2_balanced_100_100/n000095/0040_01.jpg
VGGFace2,n000095,Adriean_Videanu,0041_02.jpg,vggface2_balanced_100_100/n000095/0041_02.jpg
VGGFace2,n000095,Adriean_Videanu,0041_03.jpg,vggface2_balanced_100_100/n000095/0041_03.jpg
VGGFace2,n000095,Adriean_Videanu,0042_01.jpg,vggface2_balanced_100_100/n000095/0042_01.jpg
VGGFace2,n000095,Adriean_Videanu,0043_01.jpg,vggface2_balanced_100_100/n000095/0043_01.jpg
VGGFace2,n000095,Adriean_Videanu,0044_03.jpg,vggface2_balanced_100_100/n000095/0044_03.jpg
VGGFace2,n000095,Adriean_Videanu,0045_01.jpg,vggface2_balanced_100_100/n000095/0045_01.jpg
VGGFace2,n000095,Adriean_Videanu,0046_02.jpg,vggface2_balanced_100_100/n000095/0046_02.jpg
VGGFace2,n000095,Adriean_Videanu,0047_02.jpg,vggface2_balanced_100_100/n000095/0047_02.jpg
VGGFace2,n000095,Adriean_Videanu,0048_01.jpg,vggface2_balanced_100_100/n000095/0048_01.jpg
VGGFace2,n000095,Adriean_Videanu,0049_01.jpg,vggface2_balanced_100_100/n000095/0049_01.jpg
VGGFace2,n000095,Adriean_Videanu,0050_01.jpg,vggface2_balanced_100_100/n000095/0050_01.jpg
VGGFace2,n000095,Adriean_Videanu,0051_01.jpg,vggface2_balanced_100_100/n000095/0051_01.jpg
VGGFace2,n000095,Adriean_Videanu,0052_01.jpg,vggface2_balanced_100_100/n000095/0052_01.jpg
VGGFace2,n000095,Adriean_Videanu,0053_01.jpg,vggface2_balanced_100_100/n000095/0053_01.jpg
VGGFace2,n000095,Adriean_Videanu,0054_01.jpg,vggface2_balanced_100_100/n000095/0054_01.jpg
VGGFace2,n000095,Adriean_Videanu,0055_01.jpg,vggface2_balanced_100_100/n000095/0055_01.jpg
VGGFace2,n000095,Adriean_Videanu,0056_01.jpg,vggface2_balanced_100_100/n000095/0056_01.jpg
VGGFace2,n000095,Adriean_Videanu,0056_03.jpg,vggface2_balanced_100_100/n000095/0056_03.jpg
VGGFace2,n000095,Adriean_Videanu,0057_01.jpg,vggface2_balanced_100_100/n000095/0057_01.jpg
VGGFace2,n000095,Adriean_Videanu,0058_01.jpg,vggface2_balanced_100_100/n000095/0058_01.jpg
VGGFace2,n000095,Adriean_Videanu,0059_01.jpg,vggface2_balanced_100_100/n000095/0059_01.jpg
VGGFace2,n000095,Adriean_Videanu,0060_01.jpg,vggface2_balanced_100_100/n000095/0060_01.jpg
VGGFace2,n000095,Adriean_Videanu,0061_01.jpg,vggface2_balanced_100_100/n000095/0061_01.jpg
VGGFace2,n000095,Adriean_Videanu,0062_02.jpg,vggface2_balanced_100_100/n000095/0062_02.jpg
VGGFace2,n000095,Adriean_Videanu,0063_01.jpg,vggface2_balanced_100_100/n000095/0063_01.jpg
VGGFace2,n000095,Adriean_Videanu,0064_01.jpg,vggface2_balanced_100_100/n000095/0064_01.jpg
VGGFace2,n000095,Adriean_Videanu,0065_01.jpg,vggface2_balanced_100_100/n000095/0065_01.jpg
VGGFace2,n000095,Adriean_Videanu,0066_02.jpg,vggface2_balanced_100_100/n000095/0066_02.jpg
VGGFace2,n000095,Adriean_Videanu,0067_01.jpg,vggface2_balanced_100_100/n000095/0067_01.jpg
VGGFace2,n000095,Adriean_Videanu,0068_01.jpg,vggface2_balanced_100_100/n000095/0068_01.jpg
VGGFace2,n000095,Adriean_Videanu,0069_01.jpg,vggface2_balanced_100_100/n000095/0069_01.jpg
VGGFace2,n000095,Adriean_Videanu,0070_01.jpg,vggface2_balanced_100_100/n000095/0070_01.jpg
VGGFace2,n000095,Adriean_Videanu,0071_01.jpg,vggface2_balanced_100_100/n000095/0071_01.jpg
VGGFace2,n000095,Adriean_Videanu,0072_01.jpg,vggface2_balanced_100_100/n000095/0072_01.jpg
VGGFace2,n000095,Adriean_Videanu,0073_02.jpg,vggface2_balanced_100_100/n000095/0073_02.jpg
VGGFace2,n000095,Adriean_Videanu,0074_03.jpg,vggface2_balanced_100_100/n000095/0074_03.jpg
VGGFace2,n000095,Adriean_Videanu,0074_04.jpg,vggface2_balanced_100_100/n000095/0074_04.jpg
VGGFace2,n000095,Adriean_Videanu,0075_02.jpg,vggface2_balanced_100_100/n000095/0075_02.jpg
VGGFace2,n000095,Adriean_Videanu,0076_01.jpg,vggface2_balanced_100_100/n000095/0076_01.jpg
VGGFace2,n000095,Adriean_Videanu,0077_01.jpg,vggface2_balanced_100_100/n000095/0077_01.jpg
VGGFace2,n000095,Adriean_Videanu,0078_01.jpg,vggface2_balanced_100_100/n000095/0078_01.jpg
VGGFace2,n000095,Adriean_Videanu,0079_01.jpg,vggface2_balanced_100_100/n000095/0079_01.jpg
VGGFace2,n000095,Adriean_Videanu,0080_01.jpg,vggface2_balanced_100_100/n000095/0080_01.jpg
VGGFace2,n000095,Adriean_Videanu,0081_01.jpg,vggface2_balanced_100_100/n000095/0081_01.jpg
VGGFace2,n000095,Adriean_Videanu,0082_01.jpg,vggface2_balanced_100_100/n000095/0082_01.jpg
VGGFace2,n000095,Adriean_Videanu,0083_01.jpg,vggface2_balanced_100_100/n000095/0083_01.jpg
VGGFace2,n000095,Adriean_Videanu,0083_02.jpg,vggface2_balanced_100_100/n000095/0083_02.jpg
VGGFace2,n000095,Adriean_Videanu,0084_02.jpg,vggface2_balanced_100_100/n000095/0084_02.jpg
VGGFace2,n000095,Adriean_Videanu,0085_02.jpg,vggface2_balanced_100_100/n000095/0085_02.jpg
VGGFace2,n000095,Adriean_Videanu,0086_01.jpg,vggface2_balanced_100_100/n000095/0086_01.jpg
VGGFace2,n000095,Adriean_Videanu,0087_01.jpg,vggface2_balanced_100_100/n000095/0087_01.jpg
VGGFace2,n000095,Adriean_Videanu,0088_01.jpg,vggface2_balanced_100_100/n000095/0088_01.jpg
VGGFace2,n000095,Adriean_Videanu,0089_01.jpg,vggface2_balanced_100_100/n000095/0089_01.jpg
VGGFace2,n000095,Adriean_Videanu,0090_01.jpg,vggface2_balanced_100_100/n000095/0090_01.jpg
VGGFace2,n000095,Adriean_Videanu,0090_03.jpg,vggface2_balanced_100_100/n000095/0090_03.jpg
VGGFace2,n000095,Adriean_Videanu,0091_01.jpg,vggface2_balanced_100_100/n000095/0091_01.jpg
VGGFace2,n000095,Adriean_Videanu,0092_02.jpg,vggface2_balanced_100_100/n000095/0092_02.jpg
VGGFace2,n000095,Adriean_Videanu,0093_02.jpg,vggface2_balanced_100_100/n000095/0093_02.jpg
VGGFace2,n000095,Adriean_Videanu,0094_01.jpg,vggface2_balanced_100_100/n000095/0094_01.jpg
VGGFace2,n000096,Adrien_Broner,0001_01.jpg,vggface2_balanced_100_100/n000096/0001_01.jpg
VGGFace2,n000096,Adrien_Broner,0002_01.jpg,vggface2_balanced_100_100/n000096/0002_01.jpg
VGGFace2,n000096,Adrien_Broner,0003_01.jpg,vggface2_balanced_100_100/n000096/0003_01.jpg
VGGFace2,n000096,Adrien_Broner,0004_01.jpg,vggface2_balanced_100_100/n000096/0004_01.jpg
VGGFace2,n000096,Adrien_Broner,0005_01.jpg,vggface2_balanced_100_100/n000096/0005_01.jpg
VGGFace2,n000096,Adrien_Broner,0005_02.jpg,vggface2_balanced_100_100/n000096/0005_02.jpg
VGGFace2,n000096,Adrien_Broner,0006_01.jpg,vggface2_balanced_100_100/n000096/0006_01.jpg
VGGFace2,n000096,Adrien_Broner,0007_01.jpg,vggface2_balanced_100_100/n000096/0007_01.jpg
VGGFace2,n000096,Adrien_Broner,0008_01.jpg,vggface2_balanced_100_100/n000096/0008_01.jpg
VGGFace2,n000096,Adrien_Broner,0009_01.jpg,vggface2_balanced_100_100/n000096/0009_01.jpg
VGGFace2,n000096,Adrien_Broner,0010_02.jpg,vggface2_balanced_100_100/n000096/0010_02.jpg
VGGFace2,n000096,Adrien_Broner,0011_01.jpg,vggface2_balanced_100_100/n000096/0011_01.jpg
VGGFace2,n000096,Adrien_Broner,0012_01.jpg,vggface2_balanced_100_100/n000096/0012_01.jpg
VGGFace2,n000096,Adrien_Broner,0013_01.jpg,vggface2_balanced_100_100/n000096/0013_01.jpg
VGGFace2,n000096,Adrien_Broner,0014_01.jpg,vggface2_balanced_100_100/n000096/0014_01.jpg
VGGFace2,n000096,Adrien_Broner,0015_01.jpg,vggface2_balanced_100_100/n000096/0015_01.jpg
VGGFace2,n000096,Adrien_Broner,0016_01.jpg,vggface2_balanced_100_100/n000096/0016_01.jpg
VGGFace2,n000096,Adrien_Broner,0017_01.jpg,vggface2_balanced_100_100/n000096/0017_01.jpg
VGGFace2,n000096,Adrien_Broner,0018_01.jpg,vggface2_balanced_100_100/n000096/0018_01.jpg
VGGFace2,n000096,Adrien_Broner,0019_01.jpg,vggface2_balanced_100_100/n000096/0019_01.jpg
VGGFace2,n000096,Adrien_Broner,0020_01.jpg,vggface2_balanced_100_100/n000096/0020_01.jpg
VGGFace2,n000096,Adrien_Broner,0021_01.jpg,vggface2_balanced_100_100/n000096/0021_01.jpg
VGGFace2,n000096,Adrien_Broner,0022_01.jpg,vggface2_balanced_100_100/n000096/0022_01.jpg
VGGFace2,n000096,Adrien_Broner,0023_01.jpg,vggface2_balanced_100_100/n000096/0023_01.jpg
VGGFace2,n000096,Adrien_Broner,0024_01.jpg,vggface2_balanced_100_100/n000096/0024_01.jpg
VGGFace2,n000096,Adrien_Broner,0025_01.jpg,vggface2_balanced_100_100/n000096/0025_01.jpg
VGGFace2,n000096,Adrien_Broner,0026_01.jpg,vggface2_balanced_100_100/n000096/0026_01.jpg
VGGFace2,n000096,Adrien_Broner,0027_01.jpg,vggface2_balanced_100_100/n000096/0027_01.jpg
VGGFace2,n000096,Adrien_Broner,0028_02.jpg,vggface2_balanced_100_100/n000096/0028_02.jpg
VGGFace2,n000096,Adrien_Broner,0029_01.jpg,vggface2_balanced_100_100/n000096/0029_01.jpg
VGGFace2,n000096,Adrien_Broner,0030_02.jpg,vggface2_balanced_100_100/n000096/0030_02.jpg
VGGFace2,n000096,Adrien_Broner,0031_01.jpg,vggface2_balanced_100_100/n000096/0031_01.jpg
VGGFace2,n000096,Adrien_Broner,0031_02.jpg,vggface2_balanced_100_100/n000096/0031_02.jpg
VGGFace2,n000096,Adrien_Broner,0032_01.jpg,vggface2_balanced_100_100/n000096/0032_01.jpg
VGGFace2,n000096,Adrien_Broner,0033_02.jpg,vggface2_balanced_100_100/n000096/0033_02.jpg
VGGFace2,n000096,Adrien_Broner,0034_01.jpg,vggface2_balanced_100_100/n000096/0034_01.jpg
VGGFace2,n000096,Adrien_Broner,0035_01.jpg,vggface2_balanced_100_100/n000096/0035_01.jpg
VGGFace2,n000096,Adrien_Broner,0036_01.jpg,vggface2_balanced_100_100/n000096/0036_01.jpg
VGGFace2,n000096,Adrien_Broner,0037_01.jpg,vggface2_balanced_100_100/n000096/0037_01.jpg
VGGFace2,n000096,Adrien_Broner,0038_01.jpg,vggface2_balanced_100_100/n000096/0038_01.jpg
VGGFace2,n000096,Adrien_Broner,0039_03.jpg,vggface2_balanced_100_100/n000096/0039_03.jpg
VGGFace2,n000096,Adrien_Broner,0040_01.jpg,vggface2_balanced_100_100/n000096/0040_01.jpg
VGGFace2,n000096,Adrien_Broner,0040_02.jpg,vggface2_balanced_100_100/n000096/0040_02.jpg
VGGFace2,n000096,Adrien_Broner,0041_01.jpg,vggface2_balanced_100_100/n000096/0041_01.jpg
VGGFace2,n000096,Adrien_Broner,0042_02.jpg,vggface2_balanced_100_100/n000096/0042_02.jpg
VGGFace2,n000096,Adrien_Broner,0043_02.jpg,vggface2_balanced_100_100/n000096/0043_02.jpg
VGGFace2,n000096,Adrien_Broner,0044_01.jpg,vggface2_balanced_100_100/n000096/0044_01.jpg
VGGFace2,n000096,Adrien_Broner,0044_02.jpg,vggface2_balanced_100_100/n000096/0044_02.jpg
VGGFace2,n000096,Adrien_Broner,0044_04.jpg,vggface2_balanced_100_100/n000096/0044_04.jpg
VGGFace2,n000096,Adrien_Broner,0044_06.jpg,vggface2_balanced_100_100/n000096/0044_06.jpg
VGGFace2,n000096,Adrien_Broner,0045_01.jpg,vggface2_balanced_100_100/n000096/0045_01.jpg
VGGFace2,n000096,Adrien_Broner,0046_02.jpg,vggface2_balanced_100_100/n000096/0046_02.jpg
VGGFace2,n000096,Adrien_Broner,0047_01.jpg,vggface2_balanced_100_100/n000096/0047_01.jpg
VGGFace2,n000096,Adrien_Broner,0048_01.jpg,vggface2_balanced_100_100/n000096/0048_01.jpg
VGGFace2,n000096,Adrien_Broner,0049_01.jpg,vggface2_balanced_100_100/n000096/0049_01.jpg
VGGFace2,n000096,Adrien_Broner,0050_02.jpg,vggface2_balanced_100_100/n000096/0050_02.jpg
VGGFace2,n000096,Adrien_Broner,0051_01.jpg,vggface2_balanced_100_100/n000096/0051_01.jpg
VGGFace2,n000096,Adrien_Broner,0052_01.jpg,vggface2_balanced_100_100/n000096/0052_01.jpg
VGGFace2,n000096,Adrien_Broner,0053_02.jpg,vggface2_balanced_100_100/n000096/0053_02.jpg
VGGFace2,n000096,Adrien_Broner,0054_01.jpg,vggface2_balanced_100_100/n000096/0054_01.jpg
VGGFace2,n000096,Adrien_Broner,0055_01.jpg,vggface2_balanced_100_100/n000096/0055_01.jpg
VGGFace2,n000096,Adrien_Broner,0056_02.jpg,vggface2_balanced_100_100/n000096/0056_02.jpg
VGGFace2,n000096,Adrien_Broner,0056_05.jpg,vggface2_balanced_100_100/n000096/0056_05.jpg
VGGFace2,n000096,Adrien_Broner,0057_02.jpg,vggface2_balanced_100_100/n000096/0057_02.jpg
VGGFace2,n000096,Adrien_Broner,0058_01.jpg,vggface2_balanced_100_100/n000096/0058_01.jpg
VGGFace2,n000096,Adrien_Broner,0059_02.jpg,vggface2_balanced_100_100/n000096/0059_02.jpg
VGGFace2,n000096,Adrien_Broner,0060_01.jpg,vggface2_balanced_100_100/n000096/0060_01.jpg
VGGFace2,n000096,Adrien_Broner,0061_01.jpg,vggface2_balanced_100_100/n000096/0061_01.jpg
VGGFace2,n000096,Adrien_Broner,0062_01.jpg,vggface2_balanced_100_100/n000096/0062_01.jpg
VGGFace2,n000096,Adrien_Broner,0063_01.jpg,vggface2_balanced_100_100/n000096/0063_01.jpg
VGGFace2,n000096,Adrien_Broner,0064_02.jpg,vggface2_balanced_100_100/n000096/0064_02.jpg
VGGFace2,n000096,Adrien_Broner,0065_01.jpg,vggface2_balanced_100_100/n000096/0065_01.jpg
VGGFace2,n000096,Adrien_Broner,0066_02.jpg,vggface2_balanced_100_100/n000096/0066_02.jpg
VGGFace2,n000096,Adrien_Broner,0067_01.jpg,vggface2_balanced_100_100/n000096/0067_01.jpg
VGGFace2,n000096,Adrien_Broner,0068_01.jpg,vggface2_balanced_100_100/n000096/0068_01.jpg
VGGFace2,n000096,Adrien_Broner,0069_01.jpg,vggface2_balanced_100_100/n000096/0069_01.jpg
VGGFace2,n000096,Adrien_Broner,0070_01.jpg,vggface2_balanced_100_100/n000096/0070_01.jpg
VGGFace2,n000096,Adrien_Broner,0071_01.jpg,vggface2_balanced_100_100/n000096/0071_01.jpg
VGGFace2,n000096,Adrien_Broner,0072_01.jpg,vggface2_balanced_100_100/n000096/0072_01.jpg
VGGFace2,n000096,Adrien_Broner,0073_01.jpg,vggface2_balanced_100_100/n000096/0073_01.jpg
VGGFace2,n000096,Adrien_Broner,0074_01.jpg,vggface2_balanced_100_100/n000096/0074_01.jpg
VGGFace2,n000096,Adrien_Broner,0074_02.jpg,vggface2_balanced_100_100/n000096/0074_02.jpg
VGGFace2,n000096,Adrien_Broner,0075_01.jpg,vggface2_balanced_100_100/n000096/0075_01.jpg
VGGFace2,n000096,Adrien_Broner,0076_02.jpg,vggface2_balanced_100_100/n000096/0076_02.jpg
VGGFace2,n000096,Adrien_Broner,0077_01.jpg,vggface2_balanced_100_100/n000096/0077_01.jpg
VGGFace2,n000096,Adrien_Broner,0078_02.jpg,vggface2_balanced_100_100/n000096/0078_02.jpg
VGGFace2,n000096,Adrien_Broner,0079_01.jpg,vggface2_balanced_100_100/n000096/0079_01.jpg
VGGFace2,n000096,Adrien_Broner,0080_01.jpg,vggface2_balanced_100_100/n000096/0080_01.jpg
VGGFace2,n000096,Adrien_Broner,0081_02.jpg,vggface2_balanced_100_100/n000096/0081_02.jpg
VGGFace2,n000096,Adrien_Broner,0082_01.jpg,vggface2_balanced_100_100/n000096/0082_01.jpg
VGGFace2,n000096,Adrien_Broner,0083_01.jpg,vggface2_balanced_100_100/n000096/0083_01.jpg
VGGFace2,n000096,Adrien_Broner,0084_01.jpg,vggface2_balanced_100_100/n000096/0084_01.jpg
VGGFace2,n000096,Adrien_Broner,0084_02.jpg,vggface2_balanced_100_100/n000096/0084_02.jpg
VGGFace2,n000096,Adrien_Broner,0085_01.jpg,vggface2_balanced_100_100/n000096/0085_01.jpg
VGGFace2,n000096,Adrien_Broner,0086_01.jpg,vggface2_balanced_100_100/n000096/0086_01.jpg
VGGFace2,n000096,Adrien_Broner,0087_04.jpg,vggface2_balanced_100_100/n000096/0087_04.jpg
VGGFace2,n000096,Adrien_Broner,0088_02.jpg,vggface2_balanced_100_100/n000096/0088_02.jpg
VGGFace2,n000096,Adrien_Broner,0089_01.jpg,vggface2_balanced_100_100/n000096/0089_01.jpg
VGGFace2,n000096,Adrien_Broner,0090_01.jpg,vggface2_balanced_100_100/n000096/0090_01.jpg
VGGFace2,n000096,Adrien_Broner,0090_02.jpg,vggface2_balanced_100_100/n000096/0090_02.jpg
VGGFace2,n000097,Adrienne_Bailon,0001_01.jpg,vggface2_balanced_100_100/n000097/0001_01.jpg
VGGFace2,n000097,Adrienne_Bailon,0002_01.jpg,vggface2_balanced_100_100/n000097/0002_01.jpg
VGGFace2,n000097,Adrienne_Bailon,0002_02.jpg,vggface2_balanced_100_100/n000097/0002_02.jpg
VGGFace2,n000097,Adrienne_Bailon,0003_01.jpg,vggface2_balanced_100_100/n000097/0003_01.jpg
VGGFace2,n000097,Adrienne_Bailon,0003_02.jpg,vggface2_balanced_100_100/n000097/0003_02.jpg
VGGFace2,n000097,Adrienne_Bailon,0004_01.jpg,vggface2_balanced_100_100/n000097/0004_01.jpg
VGGFace2,n000097,Adrienne_Bailon,0005_01.jpg,vggface2_balanced_100_100/n000097/0005_01.jpg
VGGFace2,n000097,Adrienne_Bailon,0006_02.jpg,vggface2_balanced_100_100/n000097/0006_02.jpg
VGGFace2,n000097,Adrienne_Bailon,0007_01.jpg,vggface2_balanced_100_100/n000097/0007_01.jpg
VGGFace2,n000097,Adrienne_Bailon,0008_01.jpg,vggface2_balanced_100_100/n000097/0008_01.jpg
VGGFace2,n000097,Adrienne_Bailon,0008_02.jpg,vggface2_balanced_100_100/n000097/0008_02.jpg
VGGFace2,n000097,Adrienne_Bailon,0009_01.jpg,vggface2_balanced_100_100/n000097/0009_01.jpg
VGGFace2,n000097,Adrienne_Bailon,0010_01.jpg,vggface2_balanced_100_100/n000097/0010_01.jpg
VGGFace2,n000097,Adrienne_Bailon,0011_01.jpg,vggface2_balanced_100_100/n000097/0011_01.jpg
VGGFace2,n000097,Adrienne_Bailon,0012_02.jpg,vggface2_balanced_100_100/n000097/0012_02.jpg
VGGFace2,n000097,Adrienne_Bailon,0013_01.jpg,vggface2_balanced_100_100/n000097/0013_01.jpg
VGGFace2,n000097,Adrienne_Bailon,0014_01.jpg,vggface2_balanced_100_100/n000097/0014_01.jpg
VGGFace2,n000097,Adrienne_Bailon,0015_01.jpg,vggface2_balanced_100_100/n000097/0015_01.jpg
VGGFace2,n000097,Adrienne_Bailon,0016_01.jpg,vggface2_balanced_100_100/n000097/0016_01.jpg
VGGFace2,n000097,Adrienne_Bailon,0017_01.jpg,vggface2_balanced_100_100/n000097/0017_01.jpg
VGGFace2,n000097,Adrienne_Bailon,0018_02.jpg,vggface2_balanced_100_100/n000097/0018_02.jpg
VGGFace2,n000097,Adrienne_Bailon,0019_02.jpg,vggface2_balanced_100_100/n000097/0019_02.jpg
VGGFace2,n000097,Adrienne_Bailon,0020_01.jpg,vggface2_balanced_100_100/n000097/0020_01.jpg
VGGFace2,n000097,Adrienne_Bailon,0021_02.jpg,vggface2_balanced_100_100/n000097/0021_02.jpg
VGGFace2,n000097,Adrienne_Bailon,0022_01.jpg,vggface2_balanced_100_100/n000097/0022_01.jpg
VGGFace2,n000097,Adrienne_Bailon,0023_01.jpg,vggface2_balanced_100_100/n000097/0023_01.jpg
VGGFace2,n000097,Adrienne_Bailon,0024_01.jpg,vggface2_balanced_100_100/n000097/0024_01.jpg
VGGFace2,n000097,Adrienne_Bailon,0025_01.jpg,vggface2_balanced_100_100/n000097/0025_01.jpg
VGGFace2,n000097,Adrienne_Bailon,0026_01.jpg,vggface2_balanced_100_100/n000097/0026_01.jpg
VGGFace2,n000097,Adrienne_Bailon,0027_01.jpg,vggface2_balanced_100_100/n000097/0027_01.jpg
VGGFace2,n000097,Adrienne_Bailon,0028_01.jpg,vggface2_balanced_100_100/n000097/0028_01.jpg
VGGFace2,n000097,Adrienne_Bailon,0028_02.jpg,vggface2_balanced_100_100/n000097/0028_02.jpg
VGGFace2,n000097,Adrienne_Bailon,0029_01.jpg,vggface2_balanced_100_100/n000097/0029_01.jpg
VGGFace2,n000097,Adrienne_Bailon,0030_02.jpg,vggface2_balanced_100_100/n000097/0030_02.jpg
VGGFace2,n000097,Adrienne_Bailon,0031_01.jpg,vggface2_balanced_100_100/n000097/0031_01.jpg
VGGFace2,n000097,Adrienne_Bailon,0032_01.jpg,vggface2_balanced_100_100/n000097/0032_01.jpg
VGGFace2,n000097,Adrienne_Bailon,0033_02.jpg,vggface2_balanced_100_100/n000097/0033_02.jpg
VGGFace2,n000097,Adrienne_Bailon,0034_01.jpg,vggface2_balanced_100_100/n000097/0034_01.jpg
VGGFace2,n000097,Adrienne_Bailon,0035_02.jpg,vggface2_balanced_100_100/n000097/0035_02.jpg
VGGFace2,n000097,Adrienne_Bailon,0036_01.jpg,vggface2_balanced_100_100/n000097/0036_01.jpg
VGGFace2,n000097,Adrienne_Bailon,0037_01.jpg,vggface2_balanced_100_100/n000097/0037_01.jpg
VGGFace2,n000097,Adrienne_Bailon,0039_01.jpg,vggface2_balanced_100_100/n000097/0039_01.jpg
VGGFace2,n000097,Adrienne_Bailon,0040_03.jpg,vggface2_balanced_100_100/n000097/0040_03.jpg
VGGFace2,n000097,Adrienne_Bailon,0041_01.jpg,vggface2_balanced_100_100/n000097/0041_01.jpg
VGGFace2,n000097,Adrienne_Bailon,0042_01.jpg,vggface2_balanced_100_100/n000097/0042_01.jpg
VGGFace2,n000097,Adrienne_Bailon,0043_01.jpg,vggface2_balanced_100_100/n000097/0043_01.jpg
VGGFace2,n000097,Adrienne_Bailon,0044_01.jpg,vggface2_balanced_100_100/n000097/0044_01.jpg
VGGFace2,n000097,Adrienne_Bailon,0044_02.jpg,vggface2_balanced_100_100/n000097/0044_02.jpg
VGGFace2,n000097,Adrienne_Bailon,0045_01.jpg,vggface2_balanced_100_100/n000097/0045_01.jpg
VGGFace2,n000097,Adrienne_Bailon,0046_01.jpg,vggface2_balanced_100_100/n000097/0046_01.jpg
VGGFace2,n000097,Adrienne_Bailon,0047_01.jpg,vggface2_balanced_100_100/n000097/0047_01.jpg
VGGFace2,n000097,Adrienne_Bailon,0048_01.jpg,vggface2_balanced_100_100/n000097/0048_01.jpg
VGGFace2,n000097,Adrienne_Bailon,0049_01.jpg,vggface2_balanced_100_100/n000097/0049_01.jpg
VGGFace2,n000097,Adrienne_Bailon,0050_01.jpg,vggface2_balanced_100_100/n000097/0050_01.jpg
VGGFace2,n000097,Adrienne_Bailon,0051_01.jpg,vggface2_balanced_100_100/n000097/0051_01.jpg
VGGFace2,n000097,Adrienne_Bailon,0052_01.jpg,vggface2_balanced_100_100/n000097/0052_01.jpg
VGGFace2,n000097,Adrienne_Bailon,0053_01.jpg,vggface2_balanced_100_100/n000097/0053_01.jpg
VGGFace2,n000097,Adrienne_Bailon,0054_01.jpg,vggface2_balanced_100_100/n000097/0054_01.jpg
VGGFace2,n000097,Adrienne_Bailon,0055_01.jpg,vggface2_balanced_100_100/n000097/0055_01.jpg
VGGFace2,n000097,Adrienne_Bailon,0057_01.jpg,vggface2_balanced_100_100/n000097/0057_01.jpg
VGGFace2,n000097,Adrienne_Bailon,0058_01.jpg,vggface2_balanced_100_100/n000097/0058_01.jpg
VGGFace2,n000097,Adrienne_Bailon,0059_01.jpg,vggface2_balanced_100_100/n000097/0059_01.jpg
VGGFace2,n000097,Adrienne_Bailon,0060_01.jpg,vggface2_balanced_100_100/n000097/0060_01.jpg
VGGFace2,n000097,Adrienne_Bailon,0061_01.jpg,vggface2_balanced_100_100/n000097/0061_01.jpg
VGGFace2,n000097,Adrienne_Bailon,0062_01.jpg,vggface2_balanced_100_100/n000097/0062_01.jpg
VGGFace2,n000097,Adrienne_Bailon,0063_01.jpg,vggface2_balanced_100_100/n000097/0063_01.jpg
VGGFace2,n000097,Adrienne_Bailon,0064_01.jpg,vggface2_balanced_100_100/n000097/0064_01.jpg
VGGFace2,n000097,Adrienne_Bailon,0065_01.jpg,vggface2_balanced_100_100/n000097/0065_01.jpg
VGGFace2,n000097,Adrienne_Bailon,0066_02.jpg,vggface2_balanced_100_100/n000097/0066_02.jpg
VGGFace2,n000097,Adrienne_Bailon,0067_01.jpg,vggface2_balanced_100_100/n000097/0067_01.jpg
VGGFace2,n000097,Adrienne_Bailon,0068_01.jpg,vggface2_balanced_100_100/n000097/0068_01.jpg
VGGFace2,n000097,Adrienne_Bailon,0069_01.jpg,vggface2_balanced_100_100/n000097/0069_01.jpg
VGGFace2,n000097,Adrienne_Bailon,0070_01.jpg,vggface2_balanced_100_100/n000097/0070_01.jpg
VGGFace2,n000097,Adrienne_Bailon,0070_02.jpg,vggface2_balanced_100_100/n000097/0070_02.jpg
VGGFace2,n000097,Adrienne_Bailon,0070_03.jpg,vggface2_balanced_100_100/n000097/0070_03.jpg
VGGFace2,n000097,Adrienne_Bailon,0071_01.jpg,vggface2_balanced_100_100/n000097/0071_01.jpg
VGGFace2,n000097,Adrienne_Bailon,0072_01.jpg,vggface2_balanced_100_100/n000097/0072_01.jpg
VGGFace2,n000097,Adrienne_Bailon,0073_01.jpg,vggface2_balanced_100_100/n000097/0073_01.jpg
VGGFace2,n000097,Adrienne_Bailon,0074_01.jpg,vggface2_balanced_100_100/n000097/0074_01.jpg
VGGFace2,n000097,Adrienne_Bailon,0074_02.jpg,vggface2_balanced_100_100/n000097/0074_02.jpg
VGGFace2,n000097,Adrienne_Bailon,0075_01.jpg,vggface2_balanced_100_100/n000097/0075_01.jpg
VGGFace2,n000097,Adrienne_Bailon,0076_01.jpg,vggface2_balanced_100_100/n000097/0076_01.jpg
VGGFace2,n000097,Adrienne_Bailon,0077_01.jpg,vggface2_balanced_100_100/n000097/0077_01.jpg
VGGFace2,n000097,Adrienne_Bailon,0078_01.jpg,vggface2_balanced_100_100/n000097/0078_01.jpg
VGGFace2,n000097,Adrienne_Bailon,0079_01.jpg,vggface2_balanced_100_100/n000097/0079_01.jpg
VGGFace2,n000097,Adrienne_Bailon,0081_01.jpg,vggface2_balanced_100_100/n000097/0081_01.jpg
VGGFace2,n000097,Adrienne_Bailon,0082_01.jpg,vggface2_balanced_100_100/n000097/0082_01.jpg
VGGFace2,n000097,Adrienne_Bailon,0083_01.jpg,vggface2_balanced_100_100/n000097/0083_01.jpg
VGGFace2,n000097,Adrienne_Bailon,0084_01.jpg,vggface2_balanced_100_100/n000097/0084_01.jpg
VGGFace2,n000097,Adrienne_Bailon,0085_01.jpg,vggface2_balanced_100_100/n000097/0085_01.jpg
VGGFace2,n000097,Adrienne_Bailon,0086_01.jpg,vggface2_balanced_100_100/n000097/0086_01.jpg
VGGFace2,n000097,Adrienne_Bailon,0087_02.jpg,vggface2_balanced_100_100/n000097/0087_02.jpg
VGGFace2,n000097,Adrienne_Bailon,0088_01.jpg,vggface2_balanced_100_100/n000097/0088_01.jpg
VGGFace2,n000097,Adrienne_Bailon,0089_01.jpg,vggface2_balanced_100_100/n000097/0089_01.jpg
VGGFace2,n000097,Adrienne_Bailon,0090_01.jpg,vggface2_balanced_100_100/n000097/0090_01.jpg
VGGFace2,n000097,Adrienne_Bailon,0090_02.jpg,vggface2_balanced_100_100/n000097/0090_02.jpg
VGGFace2,n000097,Adrienne_Bailon,0091_01.jpg,vggface2_balanced_100_100/n000097/0091_01.jpg
VGGFace2,n000097,Adrienne_Bailon,0092_01.jpg,vggface2_balanced_100_100/n000097/0092_01.jpg
VGGFace2,n000097,Adrienne_Bailon,0093_02.jpg,vggface2_balanced_100_100/n000097/0093_02.jpg
VGGFace2,n000097,Adrienne_Bailon,0094_01.jpg,vggface2_balanced_100_100/n000097/0094_01.jpg
VGGFace2,n000098,Adrienne_Frantz,0001_01.jpg,vggface2_balanced_100_100/n000098/0001_01.jpg
VGGFace2,n000098,Adrienne_Frantz,0002_01.jpg,vggface2_balanced_100_100/n000098/0002_01.jpg
VGGFace2,n000098,Adrienne_Frantz,0003_01.jpg,vggface2_balanced_100_100/n000098/0003_01.jpg
VGGFace2,n000098,Adrienne_Frantz,0004_01.jpg,vggface2_balanced_100_100/n000098/0004_01.jpg
VGGFace2,n000098,Adrienne_Frantz,0005_01.jpg,vggface2_balanced_100_100/n000098/0005_01.jpg
VGGFace2,n000098,Adrienne_Frantz,0006_01.jpg,vggface2_balanced_100_100/n000098/0006_01.jpg
VGGFace2,n000098,Adrienne_Frantz,0007_01.jpg,vggface2_balanced_100_100/n000098/0007_01.jpg
VGGFace2,n000098,Adrienne_Frantz,0008_01.jpg,vggface2_balanced_100_100/n000098/0008_01.jpg
VGGFace2,n000098,Adrienne_Frantz,0009_01.jpg,vggface2_balanced_100_100/n000098/0009_01.jpg
VGGFace2,n000098,Adrienne_Frantz,0010_01.jpg,vggface2_balanced_100_100/n000098/0010_01.jpg
VGGFace2,n000098,Adrienne_Frantz,0011_01.jpg,vggface2_balanced_100_100/n000098/0011_01.jpg
VGGFace2,n000098,Adrienne_Frantz,0012_01.jpg,vggface2_balanced_100_100/n000098/0012_01.jpg
VGGFace2,n000098,Adrienne_Frantz,0013_01.jpg,vggface2_balanced_100_100/n000098/0013_01.jpg
VGGFace2,n000098,Adrienne_Frantz,0014_01.jpg,vggface2_balanced_100_100/n000098/0014_01.jpg
VGGFace2,n000098,Adrienne_Frantz,0015_01.jpg,vggface2_balanced_100_100/n000098/0015_01.jpg
VGGFace2,n000098,Adrienne_Frantz,0016_02.jpg,vggface2_balanced_100_100/n000098/0016_02.jpg
VGGFace2,n000098,Adrienne_Frantz,0017_01.jpg,vggface2_balanced_100_100/n000098/0017_01.jpg
VGGFace2,n000098,Adrienne_Frantz,0018_01.jpg,vggface2_balanced_100_100/n000098/0018_01.jpg
VGGFace2,n000098,Adrienne_Frantz,0019_01.jpg,vggface2_balanced_100_100/n000098/0019_01.jpg
VGGFace2,n000098,Adrienne_Frantz,0020_01.jpg,vggface2_balanced_100_100/n000098/0020_01.jpg
VGGFace2,n000098,Adrienne_Frantz,0021_01.jpg,vggface2_balanced_100_100/n000098/0021_01.jpg
VGGFace2,n000098,Adrienne_Frantz,0022_01.jpg,vggface2_balanced_100_100/n000098/0022_01.jpg
VGGFace2,n000098,Adrienne_Frantz,0023_01.jpg,vggface2_balanced_100_100/n000098/0023_01.jpg
VGGFace2,n000098,Adrienne_Frantz,0024_01.jpg,vggface2_balanced_100_100/n000098/0024_01.jpg
VGGFace2,n000098,Adrienne_Frantz,0025_01.jpg,vggface2_balanced_100_100/n000098/0025_01.jpg
VGGFace2,n000098,Adrienne_Frantz,0026_01.jpg,vggface2_balanced_100_100/n000098/0026_01.jpg
VGGFace2,n000098,Adrienne_Frantz,0027_01.jpg,vggface2_balanced_100_100/n000098/0027_01.jpg
VGGFace2,n000098,Adrienne_Frantz,0028_01.jpg,vggface2_balanced_100_100/n000098/0028_01.jpg
VGGFace2,n000098,Adrienne_Frantz,0029_01.jpg,vggface2_balanced_100_100/n000098/0029_01.jpg
VGGFace2,n000098,Adrienne_Frantz,0031_01.jpg,vggface2_balanced_100_100/n000098/0031_01.jpg
VGGFace2,n000098,Adrienne_Frantz,0032_01.jpg,vggface2_balanced_100_100/n000098/0032_01.jpg
VGGFace2,n000098,Adrienne_Frantz,0033_01.jpg,vggface2_balanced_100_100/n000098/0033_01.jpg
VGGFace2,n000098,Adrienne_Frantz,0034_01.jpg,vggface2_balanced_100_100/n000098/0034_01.jpg
VGGFace2,n000098,Adrienne_Frantz,0035_01.jpg,vggface2_balanced_100_100/n000098/0035_01.jpg
VGGFace2,n000098,Adrienne_Frantz,0036_01.jpg,vggface2_balanced_100_100/n000098/0036_01.jpg
VGGFace2,n000098,Adrienne_Frantz,0037_01.jpg,vggface2_balanced_100_100/n000098/0037_01.jpg
VGGFace2,n000098,Adrienne_Frantz,0038_01.jpg,vggface2_balanced_100_100/n000098/0038_01.jpg
VGGFace2,n000098,Adrienne_Frantz,0039_01.jpg,vggface2_balanced_100_100/n000098/0039_01.jpg
VGGFace2,n000098,Adrienne_Frantz,0040_01.jpg,vggface2_balanced_100_100/n000098/0040_01.jpg
VGGFace2,n000098,Adrienne_Frantz,0041_01.jpg,vggface2_balanced_100_100/n000098/0041_01.jpg
VGGFace2,n000098,Adrienne_Frantz,0042_02.jpg,vggface2_balanced_100_100/n000098/0042_02.jpg
VGGFace2,n000098,Adrienne_Frantz,0043_01.jpg,vggface2_balanced_100_100/n000098/0043_01.jpg
VGGFace2,n000098,Adrienne_Frantz,0044_01.jpg,vggface2_balanced_100_100/n000098/0044_01.jpg
VGGFace2,n000098,Adrienne_Frantz,0045_01.jpg,vggface2_balanced_100_100/n000098/0045_01.jpg
VGGFace2,n000098,Adrienne_Frantz,0046_01.jpg,vggface2_balanced_100_100/n000098/0046_01.jpg
VGGFace2,n000098,Adrienne_Frantz,0047_01.jpg,vggface2_balanced_100_100/n000098/0047_01.jpg
VGGFace2,n000098,Adrienne_Frantz,0048_01.jpg,vggface2_balanced_100_100/n000098/0048_01.jpg
VGGFace2,n000098,Adrienne_Frantz,0049_02.jpg,vggface2_balanced_100_100/n000098/0049_02.jpg
VGGFace2,n000098,Adrienne_Frantz,0050_01.jpg,vggface2_balanced_100_100/n000098/0050_01.jpg
VGGFace2,n000098,Adrienne_Frantz,0051_01.jpg,vggface2_balanced_100_100/n000098/0051_01.jpg
VGGFace2,n000098,Adrienne_Frantz,0052_01.jpg,vggface2_balanced_100_100/n000098/0052_01.jpg
VGGFace2,n000098,Adrienne_Frantz,0053_02.jpg,vggface2_balanced_100_100/n000098/0053_02.jpg
VGGFace2,n000098,Adrienne_Frantz,0054_01.jpg,vggface2_balanced_100_100/n000098/0054_01.jpg
VGGFace2,n000098,Adrienne_Frantz,0055_01.jpg,vggface2_balanced_100_100/n000098/0055_01.jpg
VGGFace2,n000098,Adrienne_Frantz,0056_02.jpg,vggface2_balanced_100_100/n000098/0056_02.jpg
VGGFace2,n000098,Adrienne_Frantz,0057_01.jpg,vggface2_balanced_100_100/n000098/0057_01.jpg
VGGFace2,n000098,Adrienne_Frantz,0058_01.jpg,vggface2_balanced_100_100/n000098/0058_01.jpg
VGGFace2,n000098,Adrienne_Frantz,0059_02.jpg,vggface2_balanced_100_100/n000098/0059_02.jpg
VGGFace2,n000098,Adrienne_Frantz,0060_02.jpg,vggface2_balanced_100_100/n000098/0060_02.jpg
VGGFace2,n000098,Adrienne_Frantz,0061_01.jpg,vggface2_balanced_100_100/n000098/0061_01.jpg
VGGFace2,n000098,Adrienne_Frantz,0062_01.jpg,vggface2_balanced_100_100/n000098/0062_01.jpg
VGGFace2,n000098,Adrienne_Frantz,0063_02.jpg,vggface2_balanced_100_100/n000098/0063_02.jpg
VGGFace2,n000098,Adrienne_Frantz,0064_01.jpg,vggface2_balanced_100_100/n000098/0064_01.jpg
VGGFace2,n000098,Adrienne_Frantz,0065_01.jpg,vggface2_balanced_100_100/n000098/0065_01.jpg
VGGFace2,n000098,Adrienne_Frantz,0066_03.jpg,vggface2_balanced_100_100/n000098/0066_03.jpg
VGGFace2,n000098,Adrienne_Frantz,0068_01.jpg,vggface2_balanced_100_100/n000098/0068_01.jpg
VGGFace2,n000098,Adrienne_Frantz,0069_01.jpg,vggface2_balanced_100_100/n000098/0069_01.jpg
VGGFace2,n000098,Adrienne_Frantz,0070_01.jpg,vggface2_balanced_100_100/n000098/0070_01.jpg
VGGFace2,n000098,Adrienne_Frantz,0071_02.jpg,vggface2_balanced_100_100/n000098/0071_02.jpg
VGGFace2,n000098,Adrienne_Frantz,0072_02.jpg,vggface2_balanced_100_100/n000098/0072_02.jpg
VGGFace2,n000098,Adrienne_Frantz,0073_01.jpg,vggface2_balanced_100_100/n000098/0073_01.jpg
VGGFace2,n000098,Adrienne_Frantz,0074_01.jpg,vggface2_balanced_100_100/n000098/0074_01.jpg
VGGFace2,n000098,Adrienne_Frantz,0075_01.jpg,vggface2_balanced_100_100/n000098/0075_01.jpg
VGGFace2,n000098,Adrienne_Frantz,0076_02.jpg,vggface2_balanced_100_100/n000098/0076_02.jpg
VGGFace2,n000098,Adrienne_Frantz,0077_02.jpg,vggface2_balanced_100_100/n000098/0077_02.jpg
VGGFace2,n000098,Adrienne_Frantz,0078_01.jpg,vggface2_balanced_100_100/n000098/0078_01.jpg
VGGFace2,n000098,Adrienne_Frantz,0079_01.jpg,vggface2_balanced_100_100/n000098/0079_01.jpg
VGGFace2,n000098,Adrienne_Frantz,0080_01.jpg,vggface2_balanced_100_100/n000098/0080_01.jpg
VGGFace2,n000098,Adrienne_Frantz,0081_02.jpg,vggface2_balanced_100_100/n000098/0081_02.jpg
VGGFace2,n000098,Adrienne_Frantz,0082_01.jpg,vggface2_balanced_100_100/n000098/0082_01.jpg
VGGFace2,n000098,Adrienne_Frantz,0083_01.jpg,vggface2_balanced_100_100/n000098/0083_01.jpg
VGGFace2,n000098,Adrienne_Frantz,0084_01.jpg,vggface2_balanced_100_100/n000098/0084_01.jpg
VGGFace2,n000098,Adrienne_Frantz,0085_01.jpg,vggface2_balanced_100_100/n000098/0085_01.jpg
VGGFace2,n000098,Adrienne_Frantz,0086_01.jpg,vggface2_balanced_100_100/n000098/0086_01.jpg
VGGFace2,n000098,Adrienne_Frantz,0087_01.jpg,vggface2_balanced_100_100/n000098/0087_01.jpg
VGGFace2,n000098,Adrienne_Frantz,0088_01.jpg,vggface2_balanced_100_100/n000098/0088_01.jpg
VGGFace2,n000098,Adrienne_Frantz,0089_01.jpg,vggface2_balanced_100_100/n000098/0089_01.jpg
VGGFace2,n000098,Adrienne_Frantz,0090_02.jpg,vggface2_balanced_100_100/n000098/0090_02.jpg
VGGFace2,n000098,Adrienne_Frantz,0091_01.jpg,vggface2_balanced_100_100/n000098/0091_01.jpg
VGGFace2,n000098,Adrienne_Frantz,0092_04.jpg,vggface2_balanced_100_100/n000098/0092_04.jpg
VGGFace2,n000098,Adrienne_Frantz,0093_03.jpg,vggface2_balanced_100_100/n000098/0093_03.jpg
VGGFace2,n000098,Adrienne_Frantz,0094_01.jpg,vggface2_balanced_100_100/n000098/0094_01.jpg
VGGFace2,n000098,Adrienne_Frantz,0095_01.jpg,vggface2_balanced_100_100/n000098/0095_01.jpg
VGGFace2,n000098,Adrienne_Frantz,0096_01.jpg,vggface2_balanced_100_100/n000098/0096_01.jpg
VGGFace2,n000098,Adrienne_Frantz,0097_05.jpg,vggface2_balanced_100_100/n000098/0097_05.jpg
VGGFace2,n000098,Adrienne_Frantz,0098_01.jpg,vggface2_balanced_100_100/n000098/0098_01.jpg
VGGFace2,n000098,Adrienne_Frantz,0099_01.jpg,vggface2_balanced_100_100/n000098/0099_01.jpg
VGGFace2,n000098,Adrienne_Frantz,0100_01.jpg,vggface2_balanced_100_100/n000098/0100_01.jpg
VGGFace2,n000098,Adrienne_Frantz,0101_01.jpg,vggface2_balanced_100_100/n000098/0101_01.jpg
VGGFace2,n000098,Adrienne_Frantz,0102_01.jpg,vggface2_balanced_100_100/n000098/0102_01.jpg
VGGFace2,n000099,Adrienne_Janic,0001_01.jpg,vggface2_balanced_100_100/n000099/0001_01.jpg
VGGFace2,n000099,Adrienne_Janic,0002_02.jpg,vggface2_balanced_100_100/n000099/0002_02.jpg
VGGFace2,n000099,Adrienne_Janic,0003_01.jpg,vggface2_balanced_100_100/n000099/0003_01.jpg
VGGFace2,n000099,Adrienne_Janic,0004_01.jpg,vggface2_balanced_100_100/n000099/0004_01.jpg
VGGFace2,n000099,Adrienne_Janic,0005_01.jpg,vggface2_balanced_100_100/n000099/0005_01.jpg
VGGFace2,n000099,Adrienne_Janic,0006_01.jpg,vggface2_balanced_100_100/n000099/0006_01.jpg
VGGFace2,n000099,Adrienne_Janic,0007_01.jpg,vggface2_balanced_100_100/n000099/0007_01.jpg
VGGFace2,n000099,Adrienne_Janic,0008_01.jpg,vggface2_balanced_100_100/n000099/0008_01.jpg
VGGFace2,n000099,Adrienne_Janic,0009_01.jpg,vggface2_balanced_100_100/n000099/0009_01.jpg
VGGFace2,n000099,Adrienne_Janic,0010_01.jpg,vggface2_balanced_100_100/n000099/0010_01.jpg
VGGFace2,n000099,Adrienne_Janic,0011_01.jpg,vggface2_balanced_100_100/n000099/0011_01.jpg
VGGFace2,n000099,Adrienne_Janic,0012_02.jpg,vggface2_balanced_100_100/n000099/0012_02.jpg
VGGFace2,n000099,Adrienne_Janic,0013_01.jpg,vggface2_balanced_100_100/n000099/0013_01.jpg
VGGFace2,n000099,Adrienne_Janic,0014_01.jpg,vggface2_balanced_100_100/n000099/0014_01.jpg
VGGFace2,n000099,Adrienne_Janic,0015_01.jpg,vggface2_balanced_100_100/n000099/0015_01.jpg
VGGFace2,n000099,Adrienne_Janic,0016_01.jpg,vggface2_balanced_100_100/n000099/0016_01.jpg
VGGFace2,n000099,Adrienne_Janic,0017_01.jpg,vggface2_balanced_100_100/n000099/0017_01.jpg
VGGFace2,n000099,Adrienne_Janic,0018_01.jpg,vggface2_balanced_100_100/n000099/0018_01.jpg
VGGFace2,n000099,Adrienne_Janic,0019_01.jpg,vggface2_balanced_100_100/n000099/0019_01.jpg
VGGFace2,n000099,Adrienne_Janic,0020_03.jpg,vggface2_balanced_100_100/n000099/0020_03.jpg
VGGFace2,n000099,Adrienne_Janic,0021_01.jpg,vggface2_balanced_100_100/n000099/0021_01.jpg
VGGFace2,n000099,Adrienne_Janic,0022_01.jpg,vggface2_balanced_100_100/n000099/0022_01.jpg
VGGFace2,n000099,Adrienne_Janic,0023_01.jpg,vggface2_balanced_100_100/n000099/0023_01.jpg
VGGFace2,n000099,Adrienne_Janic,0024_01.jpg,vggface2_balanced_100_100/n000099/0024_01.jpg
VGGFace2,n000099,Adrienne_Janic,0025_01.jpg,vggface2_balanced_100_100/n000099/0025_01.jpg
VGGFace2,n000099,Adrienne_Janic,0026_01.jpg,vggface2_balanced_100_100/n000099/0026_01.jpg
VGGFace2,n000099,Adrienne_Janic,0027_01.jpg,vggface2_balanced_100_100/n000099/0027_01.jpg
VGGFace2,n000099,Adrienne_Janic,0028_01.jpg,vggface2_balanced_100_100/n000099/0028_01.jpg
VGGFace2,n000099,Adrienne_Janic,0029_01.jpg,vggface2_balanced_100_100/n000099/0029_01.jpg
VGGFace2,n000099,Adrienne_Janic,0030_01.jpg,vggface2_balanced_100_100/n000099/0030_01.jpg
VGGFace2,n000099,Adrienne_Janic,0031_01.jpg,vggface2_balanced_100_100/n000099/0031_01.jpg
VGGFace2,n000099,Adrienne_Janic,0032_01.jpg,vggface2_balanced_100_100/n000099/0032_01.jpg
VGGFace2,n000099,Adrienne_Janic,0033_01.jpg,vggface2_balanced_100_100/n000099/0033_01.jpg
VGGFace2,n000099,Adrienne_Janic,0034_01.jpg,vggface2_balanced_100_100/n000099/0034_01.jpg
VGGFace2,n000099,Adrienne_Janic,0035_01.jpg,vggface2_balanced_100_100/n000099/0035_01.jpg
VGGFace2,n000099,Adrienne_Janic,0036_01.jpg,vggface2_balanced_100_100/n000099/0036_01.jpg
VGGFace2,n000099,Adrienne_Janic,0037_01.jpg,vggface2_balanced_100_100/n000099/0037_01.jpg
VGGFace2,n000099,Adrienne_Janic,0038_01.jpg,vggface2_balanced_100_100/n000099/0038_01.jpg
VGGFace2,n000099,Adrienne_Janic,0039_01.jpg,vggface2_balanced_100_100/n000099/0039_01.jpg
VGGFace2,n000099,Adrienne_Janic,0040_02.jpg,vggface2_balanced_100_100/n000099/0040_02.jpg
VGGFace2,n000099,Adrienne_Janic,0041_01.jpg,vggface2_balanced_100_100/n000099/0041_01.jpg
VGGFace2,n000099,Adrienne_Janic,0042_02.jpg,vggface2_balanced_100_100/n000099/0042_02.jpg
VGGFace2,n000099,Adrienne_Janic,0043_01.jpg,vggface2_balanced_100_100/n000099/0043_01.jpg
VGGFace2,n000099,Adrienne_Janic,0044_01.jpg,vggface2_balanced_100_100/n000099/0044_01.jpg
VGGFace2,n000099,Adrienne_Janic,0045_01.jpg,vggface2_balanced_100_100/n000099/0045_01.jpg
VGGFace2,n000099,Adrienne_Janic,0046_01.jpg,vggface2_balanced_100_100/n000099/0046_01.jpg
VGGFace2,n000099,Adrienne_Janic,0047_01.jpg,vggface2_balanced_100_100/n000099/0047_01.jpg
VGGFace2,n000099,Adrienne_Janic,0048_01.jpg,vggface2_balanced_100_100/n000099/0048_01.jpg
VGGFace2,n000099,Adrienne_Janic,0049_01.jpg,vggface2_balanced_100_100/n000099/0049_01.jpg
VGGFace2,n000099,Adrienne_Janic,0050_01.jpg,vggface2_balanced_100_100/n000099/0050_01.jpg
VGGFace2,n000099,Adrienne_Janic,0051_01.jpg,vggface2_balanced_100_100/n000099/0051_01.jpg
VGGFace2,n000099,Adrienne_Janic,0052_01.jpg,vggface2_balanced_100_100/n000099/0052_01.jpg
VGGFace2,n000099,Adrienne_Janic,0053_01.jpg,vggface2_balanced_100_100/n000099/0053_01.jpg
VGGFace2,n000099,Adrienne_Janic,0054_01.jpg,vggface2_balanced_100_100/n000099/0054_01.jpg
VGGFace2,n000099,Adrienne_Janic,0055_01.jpg,vggface2_balanced_100_100/n000099/0055_01.jpg
VGGFace2,n000099,Adrienne_Janic,0056_01.jpg,vggface2_balanced_100_100/n000099/0056_01.jpg
VGGFace2,n000099,Adrienne_Janic,0057_01.jpg,vggface2_balanced_100_100/n000099/0057_01.jpg
VGGFace2,n000099,Adrienne_Janic,0058_01.jpg,vggface2_balanced_100_100/n000099/0058_01.jpg
VGGFace2,n000099,Adrienne_Janic,0059_01.jpg,vggface2_balanced_100_100/n000099/0059_01.jpg
VGGFace2,n000099,Adrienne_Janic,0060_01.jpg,vggface2_balanced_100_100/n000099/0060_01.jpg
VGGFace2,n000099,Adrienne_Janic,0061_01.jpg,vggface2_balanced_100_100/n000099/0061_01.jpg
VGGFace2,n000099,Adrienne_Janic,0062_01.jpg,vggface2_balanced_100_100/n000099/0062_01.jpg
VGGFace2,n000099,Adrienne_Janic,0063_01.jpg,vggface2_balanced_100_100/n000099/0063_01.jpg
VGGFace2,n000099,Adrienne_Janic,0064_01.jpg,vggface2_balanced_100_100/n000099/0064_01.jpg
VGGFace2,n000099,Adrienne_Janic,0065_01.jpg,vggface2_balanced_100_100/n000099/0065_01.jpg
VGGFace2,n000099,Adrienne_Janic,0066_01.jpg,vggface2_balanced_100_100/n000099/0066_01.jpg
VGGFace2,n000099,Adrienne_Janic,0067_01.jpg,vggface2_balanced_100_100/n000099/0067_01.jpg
VGGFace2,n000099,Adrienne_Janic,0068_01.jpg,vggface2_balanced_100_100/n000099/0068_01.jpg
VGGFace2,n000099,Adrienne_Janic,0069_01.jpg,vggface2_balanced_100_100/n000099/0069_01.jpg
VGGFace2,n000099,Adrienne_Janic,0070_01.jpg,vggface2_balanced_100_100/n000099/0070_01.jpg
VGGFace2,n000099,Adrienne_Janic,0071_01.jpg,vggface2_balanced_100_100/n000099/0071_01.jpg
VGGFace2,n000099,Adrienne_Janic,0072_01.jpg,vggface2_balanced_100_100/n000099/0072_01.jpg
VGGFace2,n000099,Adrienne_Janic,0073_01.jpg,vggface2_balanced_100_100/n000099/0073_01.jpg
VGGFace2,n000099,Adrienne_Janic,0074_01.jpg,vggface2_balanced_100_100/n000099/0074_01.jpg
VGGFace2,n000099,Adrienne_Janic,0075_01.jpg,vggface2_balanced_100_100/n000099/0075_01.jpg
VGGFace2,n000099,Adrienne_Janic,0076_01.jpg,vggface2_balanced_100_100/n000099/0076_01.jpg
VGGFace2,n000099,Adrienne_Janic,0077_01.jpg,vggface2_balanced_100_100/n000099/0077_01.jpg
VGGFace2,n000099,Adrienne_Janic,0078_01.jpg,vggface2_balanced_100_100/n000099/0078_01.jpg
VGGFace2,n000099,Adrienne_Janic,0079_01.jpg,vggface2_balanced_100_100/n000099/0079_01.jpg
VGGFace2,n000099,Adrienne_Janic,0080_01.jpg,vggface2_balanced_100_100/n000099/0080_01.jpg
VGGFace2,n000099,Adrienne_Janic,0081_01.jpg,vggface2_balanced_100_100/n000099/0081_01.jpg
VGGFace2,n000099,Adrienne_Janic,0082_01.jpg,vggface2_balanced_100_100/n000099/0082_01.jpg
VGGFace2,n000099,Adrienne_Janic,0083_02.jpg,vggface2_balanced_100_100/n000099/0083_02.jpg
VGGFace2,n000099,Adrienne_Janic,0084_01.jpg,vggface2_balanced_100_100/n000099/0084_01.jpg
VGGFace2,n000099,Adrienne_Janic,0085_02.jpg,vggface2_balanced_100_100/n000099/0085_02.jpg
VGGFace2,n000099,Adrienne_Janic,0086_01.jpg,vggface2_balanced_100_100/n000099/0086_01.jpg
VGGFace2,n000099,Adrienne_Janic,0087_01.jpg,vggface2_balanced_100_100/n000099/0087_01.jpg
VGGFace2,n000099,Adrienne_Janic,0088_01.jpg,vggface2_balanced_100_100/n000099/0088_01.jpg
VGGFace2,n000099,Adrienne_Janic,0089_01.jpg,vggface2_balanced_100_100/n000099/0089_01.jpg
VGGFace2,n000099,Adrienne_Janic,0090_01.jpg,vggface2_balanced_100_100/n000099/0090_01.jpg
VGGFace2,n000099,Adrienne_Janic,0091_01.jpg,vggface2_balanced_100_100/n000099/0091_01.jpg
VGGFace2,n000099,Adrienne_Janic,0092_01.jpg,vggface2_balanced_100_100/n000099/0092_01.jpg
VGGFace2,n000099,Adrienne_Janic,0093_01.jpg,vggface2_balanced_100_100/n000099/0093_01.jpg
VGGFace2,n000099,Adrienne_Janic,0094_02.jpg,vggface2_balanced_100_100/n000099/0094_02.jpg
VGGFace2,n000099,Adrienne_Janic,0095_01.jpg,vggface2_balanced_100_100/n000099/0095_01.jpg
VGGFace2,n000099,Adrienne_Janic,0096_03.jpg,vggface2_balanced_100_100/n000099/0096_03.jpg
VGGFace2,n000099,Adrienne_Janic,0097_01.jpg,vggface2_balanced_100_100/n000099/0097_01.jpg
VGGFace2,n000099,Adrienne_Janic,0098_01.jpg,vggface2_balanced_100_100/n000099/0098_01.jpg
VGGFace2,n000099,Adrienne_Janic,0099_01.jpg,vggface2_balanced_100_100/n000099/0099_01.jpg
VGGFace2,n000099,Adrienne_Janic,0100_03.jpg,vggface2_balanced_100_100/n000099/0100_03.jpg
VGGFace2,n000100,Adrienne_Maloof,0001_01.jpg,vggface2_balanced_100_100/n000100/0001_01.jpg
VGGFace2,n000100,Adrienne_Maloof,0002_02.jpg,vggface2_balanced_100_100/n000100/0002_02.jpg
VGGFace2,n000100,Adrienne_Maloof,0003_01.jpg,vggface2_balanced_100_100/n000100/0003_01.jpg
VGGFace2,n000100,Adrienne_Maloof,0003_02.jpg,vggface2_balanced_100_100/n000100/0003_02.jpg
VGGFace2,n000100,Adrienne_Maloof,0004_01.jpg,vggface2_balanced_100_100/n000100/0004_01.jpg
VGGFace2,n000100,Adrienne_Maloof,0005_01.jpg,vggface2_balanced_100_100/n000100/0005_01.jpg
VGGFace2,n000100,Adrienne_Maloof,0006_01.jpg,vggface2_balanced_100_100/n000100/0006_01.jpg
VGGFace2,n000100,Adrienne_Maloof,0007_01.jpg,vggface2_balanced_100_100/n000100/0007_01.jpg
VGGFace2,n000100,Adrienne_Maloof,0008_01.jpg,vggface2_balanced_100_100/n000100/0008_01.jpg
VGGFace2,n000100,Adrienne_Maloof,0009_01.jpg,vggface2_balanced_100_100/n000100/0009_01.jpg
VGGFace2,n000100,Adrienne_Maloof,0010_01.jpg,vggface2_balanced_100_100/n000100/0010_01.jpg
VGGFace2,n000100,Adrienne_Maloof,0011_01.jpg,vggface2_balanced_100_100/n000100/0011_01.jpg
VGGFace2,n000100,Adrienne_Maloof,0011_02.jpg,vggface2_balanced_100_100/n000100/0011_02.jpg
VGGFace2,n000100,Adrienne_Maloof,0012_02.jpg,vggface2_balanced_100_100/n000100/0012_02.jpg
VGGFace2,n000100,Adrienne_Maloof,0013_01.jpg,vggface2_balanced_100_100/n000100/0013_01.jpg
VGGFace2,n000100,Adrienne_Maloof,0014_01.jpg,vggface2_balanced_100_100/n000100/0014_01.jpg
VGGFace2,n000100,Adrienne_Maloof,0015_01.jpg,vggface2_balanced_100_100/n000100/0015_01.jpg
VGGFace2,n000100,Adrienne_Maloof,0016_01.jpg,vggface2_balanced_100_100/n000100/0016_01.jpg
VGGFace2,n000100,Adrienne_Maloof,0017_01.jpg,vggface2_balanced_100_100/n000100/0017_01.jpg
VGGFace2,n000100,Adrienne_Maloof,0018_02.jpg,vggface2_balanced_100_100/n000100/0018_02.jpg
VGGFace2,n000100,Adrienne_Maloof,0019_01.jpg,vggface2_balanced_100_100/n000100/0019_01.jpg
VGGFace2,n000100,Adrienne_Maloof,0020_01.jpg,vggface2_balanced_100_100/n000100/0020_01.jpg
VGGFace2,n000100,Adrienne_Maloof,0021_02.jpg,vggface2_balanced_100_100/n000100/0021_02.jpg
VGGFace2,n000100,Adrienne_Maloof,0022_01.jpg,vggface2_balanced_100_100/n000100/0022_01.jpg
VGGFace2,n000100,Adrienne_Maloof,0023_01.jpg,vggface2_balanced_100_100/n000100/0023_01.jpg
VGGFace2,n000100,Adrienne_Maloof,0023_02.jpg,vggface2_balanced_100_100/n000100/0023_02.jpg
VGGFace2,n000100,Adrienne_Maloof,0024_01.jpg,vggface2_balanced_100_100/n000100/0024_01.jpg
VGGFace2,n000100,Adrienne_Maloof,0025_02.jpg,vggface2_balanced_100_100/n000100/0025_02.jpg
VGGFace2,n000100,Adrienne_Maloof,0026_01.jpg,vggface2_balanced_100_100/n000100/0026_01.jpg
VGGFace2,n000100,Adrienne_Maloof,0027_01.jpg,vggface2_balanced_100_100/n000100/0027_01.jpg
VGGFace2,n000100,Adrienne_Maloof,0028_01.jpg,vggface2_balanced_100_100/n000100/0028_01.jpg
VGGFace2,n000100,Adrienne_Maloof,0029_01.jpg,vggface2_balanced_100_100/n000100/0029_01.jpg
VGGFace2,n000100,Adrienne_Maloof,0030_01.jpg,vggface2_balanced_100_100/n000100/0030_01.jpg
VGGFace2,n000100,Adrienne_Maloof,0031_01.jpg,vggface2_balanced_100_100/n000100/0031_01.jpg
VGGFace2,n000100,Adrienne_Maloof,0032_03.jpg,vggface2_balanced_100_100/n000100/0032_03.jpg
VGGFace2,n000100,Adrienne_Maloof,0033_01.jpg,vggface2_balanced_100_100/n000100/0033_01.jpg
VGGFace2,n000100,Adrienne_Maloof,0034_01.jpg,vggface2_balanced_100_100/n000100/0034_01.jpg
VGGFace2,n000100,Adrienne_Maloof,0035_01.jpg,vggface2_balanced_100_100/n000100/0035_01.jpg
VGGFace2,n000100,Adrienne_Maloof,0035_02.jpg,vggface2_balanced_100_100/n000100/0035_02.jpg
VGGFace2,n000100,Adrienne_Maloof,0036_01.jpg,vggface2_balanced_100_100/n000100/0036_01.jpg
VGGFace2,n000100,Adrienne_Maloof,0037_01.jpg,vggface2_balanced_100_100/n000100/0037_01.jpg
VGGFace2,n000100,Adrienne_Maloof,0038_01.jpg,vggface2_balanced_100_100/n000100/0038_01.jpg
VGGFace2,n000100,Adrienne_Maloof,0039_01.jpg,vggface2_balanced_100_100/n000100/0039_01.jpg
VGGFace2,n000100,Adrienne_Maloof,0040_02.jpg,vggface2_balanced_100_100/n000100/0040_02.jpg
VGGFace2,n000100,Adrienne_Maloof,0041_01.jpg,vggface2_balanced_100_100/n000100/0041_01.jpg
VGGFace2,n000100,Adrienne_Maloof,0042_01.jpg,vggface2_balanced_100_100/n000100/0042_01.jpg
VGGFace2,n000100,Adrienne_Maloof,0043_01.jpg,vggface2_balanced_100_100/n000100/0043_01.jpg
VGGFace2,n000100,Adrienne_Maloof,0044_01.jpg,vggface2_balanced_100_100/n000100/0044_01.jpg
VGGFace2,n000100,Adrienne_Maloof,0045_02.jpg,vggface2_balanced_100_100/n000100/0045_02.jpg
VGGFace2,n000100,Adrienne_Maloof,0046_01.jpg,vggface2_balanced_100_100/n000100/0046_01.jpg
VGGFace2,n000100,Adrienne_Maloof,0047_01.jpg,vggface2_balanced_100_100/n000100/0047_01.jpg
VGGFace2,n000100,Adrienne_Maloof,0048_01.jpg,vggface2_balanced_100_100/n000100/0048_01.jpg
VGGFace2,n000100,Adrienne_Maloof,0049_01.jpg,vggface2_balanced_100_100/n000100/0049_01.jpg
VGGFace2,n000100,Adrienne_Maloof,0050_01.jpg,vggface2_balanced_100_100/n000100/0050_01.jpg
VGGFace2,n000100,Adrienne_Maloof,0051_02.jpg,vggface2_balanced_100_100/n000100/0051_02.jpg
VGGFace2,n000100,Adrienne_Maloof,0051_03.jpg,vggface2_balanced_100_100/n000100/0051_03.jpg
VGGFace2,n000100,Adrienne_Maloof,0052_01.jpg,vggface2_balanced_100_100/n000100/0052_01.jpg
VGGFace2,n000100,Adrienne_Maloof,0053_01.jpg,vggface2_balanced_100_100/n000100/0053_01.jpg
VGGFace2,n000100,Adrienne_Maloof,0054_01.jpg,vggface2_balanced_100_100/n000100/0054_01.jpg
VGGFace2,n000100,Adrienne_Maloof,0055_01.jpg,vggface2_balanced_100_100/n000100/0055_01.jpg
VGGFace2,n000100,Adrienne_Maloof,0055_02.jpg,vggface2_balanced_100_100/n000100/0055_02.jpg
VGGFace2,n000100,Adrienne_Maloof,0056_03.jpg,vggface2_balanced_100_100/n000100/0056_03.jpg
VGGFace2,n000100,Adrienne_Maloof,0056_05.jpg,vggface2_balanced_100_100/n000100/0056_05.jpg
VGGFace2,n000100,Adrienne_Maloof,0057_01.jpg,vggface2_balanced_100_100/n000100/0057_01.jpg
VGGFace2,n000100,Adrienne_Maloof,0058_01.jpg,vggface2_balanced_100_100/n000100/0058_01.jpg
VGGFace2,n000100,Adrienne_Maloof,0059_01.jpg,vggface2_balanced_100_100/n000100/0059_01.jpg
VGGFace2,n000100,Adrienne_Maloof,0060_01.jpg,vggface2_balanced_100_100/n000100/0060_01.jpg
VGGFace2,n000100,Adrienne_Maloof,0061_01.jpg,vggface2_balanced_100_100/n000100/0061_01.jpg
VGGFace2,n000100,Adrienne_Maloof,0062_02.jpg,vggface2_balanced_100_100/n000100/0062_02.jpg
VGGFace2,n000100,Adrienne_Maloof,0063_01.jpg,vggface2_balanced_100_100/n000100/0063_01.jpg
VGGFace2,n000100,Adrienne_Maloof,0064_02.jpg,vggface2_balanced_100_100/n000100/0064_02.jpg
VGGFace2,n000100,Adrienne_Maloof,0065_02.jpg,vggface2_balanced_100_100/n000100/0065_02.jpg
VGGFace2,n000100,Adrienne_Maloof,0066_01.jpg,vggface2_balanced_100_100/n000100/0066_01.jpg
VGGFace2,n000100,Adrienne_Maloof,0067_02.jpg,vggface2_balanced_100_100/n000100/0067_02.jpg
VGGFace2,n000100,Adrienne_Maloof,0069_03.jpg,vggface2_balanced_100_100/n000100/0069_03.jpg
VGGFace2,n000100,Adrienne_Maloof,0070_02.jpg,vggface2_balanced_100_100/n000100/0070_02.jpg
VGGFace2,n000100,Adrienne_Maloof,0071_02.jpg,vggface2_balanced_100_100/n000100/0071_02.jpg
VGGFace2,n000100,Adrienne_Maloof,0072_01.jpg,vggface2_balanced_100_100/n000100/0072_01.jpg
VGGFace2,n000100,Adrienne_Maloof,0073_02.jpg,vggface2_balanced_100_100/n000100/0073_02.jpg
VGGFace2,n000100,Adrienne_Maloof,0074_01.jpg,vggface2_balanced_100_100/n000100/0074_01.jpg
VGGFace2,n000100,Adrienne_Maloof,0075_01.jpg,vggface2_balanced_100_100/n000100/0075_01.jpg
VGGFace2,n000100,Adrienne_Maloof,0076_02.jpg,vggface2_balanced_100_100/n000100/0076_02.jpg
VGGFace2,n000100,Adrienne_Maloof,0077_01.jpg,vggface2_balanced_100_100/n000100/0077_01.jpg
VGGFace2,n000100,Adrienne_Maloof,0078_01.jpg,vggface2_balanced_100_100/n000100/0078_01.jpg
VGGFace2,n000100,Adrienne_Maloof,0079_01.jpg,vggface2_balanced_100_100/n000100/0079_01.jpg
VGGFace2,n000100,Adrienne_Maloof,0080_01.jpg,vggface2_balanced_100_100/n000100/0080_01.jpg
VGGFace2,n000100,Adrienne_Maloof,0081_02.jpg,vggface2_balanced_100_100/n000100/0081_02.jpg
VGGFace2,n000100,Adrienne_Maloof,0082_02.jpg,vggface2_balanced_100_100/n000100/0082_02.jpg
VGGFace2,n000100,Adrienne_Maloof,0083_01.jpg,vggface2_balanced_100_100/n000100/0083_01.jpg
VGGFace2,n000100,Adrienne_Maloof,0084_02.jpg,vggface2_balanced_100_100/n000100/0084_02.jpg
VGGFace2,n000100,Adrienne_Maloof,0085_01.jpg,vggface2_balanced_100_100/n000100/0085_01.jpg
VGGFace2,n000100,Adrienne_Maloof,0086_02.jpg,vggface2_balanced_100_100/n000100/0086_02.jpg
VGGFace2,n000100,Adrienne_Maloof,0087_02.jpg,vggface2_balanced_100_100/n000100/0087_02.jpg
VGGFace2,n000100,Adrienne_Maloof,0088_02.jpg,vggface2_balanced_100_100/n000100/0088_02.jpg
VGGFace2,n000100,Adrienne_Maloof,0089_02.jpg,vggface2_balanced_100_100/n000100/0089_02.jpg
VGGFace2,n000100,Adrienne_Maloof,0090_01.jpg,vggface2_balanced_100_100/n000100/0090_01.jpg
VGGFace2,n000100,Adrienne_Maloof,0091_01.jpg,vggface2_balanced_100_100/n000100/0091_01.jpg
VGGFace2,n000100,Adrienne_Maloof,0092_03.jpg,vggface2_balanced_100_100/n000100/0092_03.jpg
VGGFace2,n000100,Adrienne_Maloof,0093_01.jpg,vggface2_balanced_100_100/n000100/0093_01.jpg
VGGFace2,n000100,Adrienne_Maloof,0094_01.jpg,vggface2_balanced_100_100/n000100/0094_01.jpg
VGGFace2,n000101,Adán_Chávez,0001_01.jpg,vggface2_balanced_100_100/n000101/0001_01.jpg
VGGFace2,n000101,Adán_Chávez,0002_01.jpg,vggface2_balanced_100_100/n000101/0002_01.jpg
VGGFace2,n000101,Adán_Chávez,0003_03.jpg,vggface2_balanced_100_100/n000101/0003_03.jpg
VGGFace2,n000101,Adán_Chávez,0004_02.jpg,vggface2_balanced_100_100/n000101/0004_02.jpg
VGGFace2,n000101,Adán_Chávez,0005_01.jpg,vggface2_balanced_100_100/n000101/0005_01.jpg
VGGFace2,n000101,Adán_Chávez,0006_01.jpg,vggface2_balanced_100_100/n000101/0006_01.jpg
VGGFace2,n000101,Adán_Chávez,0007_01.jpg,vggface2_balanced_100_100/n000101/0007_01.jpg
VGGFace2,n000101,Adán_Chávez,0008_02.jpg,vggface2_balanced_100_100/n000101/0008_02.jpg
VGGFace2,n000101,Adán_Chávez,0009_01.jpg,vggface2_balanced_100_100/n000101/0009_01.jpg
VGGFace2,n000101,Adán_Chávez,0010_02.jpg,vggface2_balanced_100_100/n000101/0010_02.jpg
VGGFace2,n000101,Adán_Chávez,0011_01.jpg,vggface2_balanced_100_100/n000101/0011_01.jpg
VGGFace2,n000101,Adán_Chávez,0012_02.jpg,vggface2_balanced_100_100/n000101/0012_02.jpg
VGGFace2,n000101,Adán_Chávez,0013_01.jpg,vggface2_balanced_100_100/n000101/0013_01.jpg
VGGFace2,n000101,Adán_Chávez,0014_01.jpg,vggface2_balanced_100_100/n000101/0014_01.jpg
VGGFace2,n000101,Adán_Chávez,0015_01.jpg,vggface2_balanced_100_100/n000101/0015_01.jpg
VGGFace2,n000101,Adán_Chávez,0016_01.jpg,vggface2_balanced_100_100/n000101/0016_01.jpg
VGGFace2,n000101,Adán_Chávez,0017_01.jpg,vggface2_balanced_100_100/n000101/0017_01.jpg
VGGFace2,n000101,Adán_Chávez,0018_01.jpg,vggface2_balanced_100_100/n000101/0018_01.jpg
VGGFace2,n000101,Adán_Chávez,0018_02.jpg,vggface2_balanced_100_100/n000101/0018_02.jpg
VGGFace2,n000101,Adán_Chávez,0019_01.jpg,vggface2_balanced_100_100/n000101/0019_01.jpg
VGGFace2,n000101,Adán_Chávez,0020_03.jpg,vggface2_balanced_100_100/n000101/0020_03.jpg
VGGFace2,n000101,Adán_Chávez,0021_01.jpg,vggface2_balanced_100_100/n000101/0021_01.jpg
VGGFace2,n000101,Adán_Chávez,0022_03.jpg,vggface2_balanced_100_100/n000101/0022_03.jpg
VGGFace2,n000101,Adán_Chávez,0023_02.jpg,vggface2_balanced_100_100/n000101/0023_02.jpg
VGGFace2,n000101,Adán_Chávez,0024_03.jpg,vggface2_balanced_100_100/n000101/0024_03.jpg
VGGFace2,n000101,Adán_Chávez,0025_01.jpg,vggface2_balanced_100_100/n000101/0025_01.jpg
VGGFace2,n000101,Adán_Chávez,0026_03.jpg,vggface2_balanced_100_100/n000101/0026_03.jpg
VGGFace2,n000101,Adán_Chávez,0027_01.jpg,vggface2_balanced_100_100/n000101/0027_01.jpg
VGGFace2,n000101,Adán_Chávez,0028_05.jpg,vggface2_balanced_100_100/n000101/0028_05.jpg
VGGFace2,n000101,Adán_Chávez,0029_01.jpg,vggface2_balanced_100_100/n000101/0029_01.jpg
VGGFace2,n000101,Adán_Chávez,0030_01.jpg,vggface2_balanced_100_100/n000101/0030_01.jpg
VGGFace2,n000101,Adán_Chávez,0031_03.jpg,vggface2_balanced_100_100/n000101/0031_03.jpg
VGGFace2,n000101,Adán_Chávez,0032_01.jpg,vggface2_balanced_100_100/n000101/0032_01.jpg
VGGFace2,n000101,Adán_Chávez,0032_02.jpg,vggface2_balanced_100_100/n000101/0032_02.jpg
VGGFace2,n000101,Adán_Chávez,0033_01.jpg,vggface2_balanced_100_100/n000101/0033_01.jpg
VGGFace2,n000101,Adán_Chávez,0034_05.jpg,vggface2_balanced_100_100/n000101/0034_05.jpg
VGGFace2,n000101,Adán_Chávez,0035_01.jpg,vggface2_balanced_100_100/n000101/0035_01.jpg
VGGFace2,n000101,Adán_Chávez,0036_01.jpg,vggface2_balanced_100_100/n000101/0036_01.jpg
VGGFace2,n000101,Adán_Chávez,0037_01.jpg,vggface2_balanced_100_100/n000101/0037_01.jpg
VGGFace2,n000101,Adán_Chávez,0038_01.jpg,vggface2_balanced_100_100/n000101/0038_01.jpg
VGGFace2,n000101,Adán_Chávez,0039_01.jpg,vggface2_balanced_100_100/n000101/0039_01.jpg
VGGFace2,n000101,Adán_Chávez,0039_02.jpg,vggface2_balanced_100_100/n000101/0039_02.jpg
VGGFace2,n000101,Adán_Chávez,0040_01.jpg,vggface2_balanced_100_100/n000101/0040_01.jpg
VGGFace2,n000101,Adán_Chávez,0040_02.jpg,vggface2_balanced_100_100/n000101/0040_02.jpg
VGGFace2,n000101,Adán_Chávez,0041_01.jpg,vggface2_balanced_100_100/n000101/0041_01.jpg
VGGFace2,n000101,Adán_Chávez,0042_01.jpg,vggface2_balanced_100_100/n000101/0042_01.jpg
VGGFace2,n000101,Adán_Chávez,0043_01.jpg,vggface2_balanced_100_100/n000101/0043_01.jpg
VGGFace2,n000101,Adán_Chávez,0044_01.jpg,vggface2_balanced_100_100/n000101/0044_01.jpg
VGGFace2,n000101,Adán_Chávez,0045_01.jpg,vggface2_balanced_100_100/n000101/0045_01.jpg
VGGFace2,n000101,Adán_Chávez,0046_02.jpg,vggface2_balanced_100_100/n000101/0046_02.jpg
VGGFace2,n000101,Adán_Chávez,0047_04.jpg,vggface2_balanced_100_100/n000101/0047_04.jpg
VGGFace2,n000101,Adán_Chávez,0048_01.jpg,vggface2_balanced_100_100/n000101/0048_01.jpg
VGGFace2,n000101,Adán_Chávez,0049_01.jpg,vggface2_balanced_100_100/n000101/0049_01.jpg
VGGFace2,n000101,Adán_Chávez,0050_01.jpg,vggface2_balanced_100_100/n000101/0050_01.jpg
VGGFace2,n000101,Adán_Chávez,0050_02.jpg,vggface2_balanced_100_100/n000101/0050_02.jpg
VGGFace2,n000101,Adán_Chávez,0051_03.jpg,vggface2_balanced_100_100/n000101/0051_03.jpg
VGGFace2,n000101,Adán_Chávez,0052_06.jpg,vggface2_balanced_100_100/n000101/0052_06.jpg
VGGFace2,n000101,Adán_Chávez,0053_01.jpg,vggface2_balanced_100_100/n000101/0053_01.jpg
VGGFace2,n000101,Adán_Chávez,0054_01.jpg,vggface2_balanced_100_100/n000101/0054_01.jpg
VGGFace2,n000101,Adán_Chávez,0054_02.jpg,vggface2_balanced_100_100/n000101/0054_02.jpg
VGGFace2,n000101,Adán_Chávez,0055_01.jpg,vggface2_balanced_100_100/n000101/0055_01.jpg
VGGFace2,n000101,Adán_Chávez,0056_01.jpg,vggface2_balanced_100_100/n000101/0056_01.jpg
VGGFace2,n000101,Adán_Chávez,0057_01.jpg,vggface2_balanced_100_100/n000101/0057_01.jpg
VGGFace2,n000101,Adán_Chávez,0058_01.jpg,vggface2_balanced_100_100/n000101/0058_01.jpg
VGGFace2,n000101,Adán_Chávez,0059_02.jpg,vggface2_balanced_100_100/n000101/0059_02.jpg
VGGFace2,n000101,Adán_Chávez,0060_02.jpg,vggface2_balanced_100_100/n000101/0060_02.jpg
VGGFace2,n000101,Adán_Chávez,0061_01.jpg,vggface2_balanced_100_100/n000101/0061_01.jpg
VGGFace2,n000101,Adán_Chávez,0061_02.jpg,vggface2_balanced_100_100/n000101/0061_02.jpg
VGGFace2,n000101,Adán_Chávez,0062_01.jpg,vggface2_balanced_100_100/n000101/0062_01.jpg
VGGFace2,n000101,Adán_Chávez,0063_02.jpg,vggface2_balanced_100_100/n000101/0063_02.jpg
VGGFace2,n000101,Adán_Chávez,0064_01.jpg,vggface2_balanced_100_100/n000101/0064_01.jpg
VGGFace2,n000101,Adán_Chávez,0065_05.jpg,vggface2_balanced_100_100/n000101/0065_05.jpg
VGGFace2,n000101,Adán_Chávez,0066_01.jpg,vggface2_balanced_100_100/n000101/0066_01.jpg
VGGFace2,n000101,Adán_Chávez,0067_01.jpg,vggface2_balanced_100_100/n000101/0067_01.jpg
VGGFace2,n000101,Adán_Chávez,0068_01.jpg,vggface2_balanced_100_100/n000101/0068_01.jpg
VGGFace2,n000101,Adán_Chávez,0069_01.jpg,vggface2_balanced_100_100/n000101/0069_01.jpg
VGGFace2,n000101,Adán_Chávez,0070_01.jpg,vggface2_balanced_100_100/n000101/0070_01.jpg
VGGFace2,n000101,Adán_Chávez,0071_01.jpg,vggface2_balanced_100_100/n000101/0071_01.jpg
VGGFace2,n000101,Adán_Chávez,0072_03.jpg,vggface2_balanced_100_100/n000101/0072_03.jpg
VGGFace2,n000101,Adán_Chávez,0073_02.jpg,vggface2_balanced_100_100/n000101/0073_02.jpg
VGGFace2,n000101,Adán_Chávez,0074_01.jpg,vggface2_balanced_100_100/n000101/0074_01.jpg
VGGFace2,n000101,Adán_Chávez,0075_02.jpg,vggface2_balanced_100_100/n000101/0075_02.jpg
VGGFace2,n000101,Adán_Chávez,0076_03.jpg,vggface2_balanced_100_100/n000101/0076_03.jpg
VGGFace2,n000101,Adán_Chávez,0077_01.jpg,vggface2_balanced_100_100/n000101/0077_01.jpg
VGGFace2,n000101,Adán_Chávez,0078_03.jpg,vggface2_balanced_100_100/n000101/0078_03.jpg
VGGFace2,n000101,Adán_Chávez,0079_01.jpg,vggface2_balanced_100_100/n000101/0079_01.jpg
VGGFace2,n000101,Adán_Chávez,0080_01.jpg,vggface2_balanced_100_100/n000101/0080_01.jpg
VGGFace2,n000101,Adán_Chávez,0081_02.jpg,vggface2_balanced_100_100/n000101/0081_02.jpg
VGGFace2,n000101,Adán_Chávez,0082_01.jpg,vggface2_balanced_100_100/n000101/0082_01.jpg
VGGFace2,n000101,Adán_Chávez,0083_01.jpg,vggface2_balanced_100_100/n000101/0083_01.jpg
VGGFace2,n000101,Adán_Chávez,0084_05.jpg,vggface2_balanced_100_100/n000101/0084_05.jpg
VGGFace2,n000101,Adán_Chávez,0085_02.jpg,vggface2_balanced_100_100/n000101/0085_02.jpg
VGGFace2,n000101,Adán_Chávez,0086_02.jpg,vggface2_balanced_100_100/n000101/0086_02.jpg
VGGFace2,n000101,Adán_Chávez,0087_01.jpg,vggface2_balanced_100_100/n000101/0087_01.jpg
VGGFace2,n000101,Adán_Chávez,0088_01.jpg,vggface2_balanced_100_100/n000101/0088_01.jpg
VGGFace2,n000101,Adán_Chávez,0088_02.jpg,vggface2_balanced_100_100/n000101/0088_02.jpg
VGGFace2,n000101,Adán_Chávez,0088_03.jpg,vggface2_balanced_100_100/n000101/0088_03.jpg
VGGFace2,n000101,Adán_Chávez,0089_01.jpg,vggface2_balanced_100_100/n000101/0089_01.jpg
VGGFace2,n000101,Adán_Chávez,0089_02.jpg,vggface2_balanced_100_100/n000101/0089_02.jpg
VGGFace2,n000101,Adán_Chávez,0089_04.jpg,vggface2_balanced_100_100/n000101/0089_04.jpg
VGGFace2,n000102,Adílson_Batista,0001_01.jpg,vggface2_balanced_100_100/n000102/0001_01.jpg
VGGFace2,n000102,Adílson_Batista,0002_01.jpg,vggface2_balanced_100_100/n000102/0002_01.jpg
VGGFace2,n000102,Adílson_Batista,0003_01.jpg,vggface2_balanced_100_100/n000102/0003_01.jpg
VGGFace2,n000102,Adílson_Batista,0004_01.jpg,vggface2_balanced_100_100/n000102/0004_01.jpg
VGGFace2,n000102,Adílson_Batista,0005_01.jpg,vggface2_balanced_100_100/n000102/0005_01.jpg
VGGFace2,n000102,Adílson_Batista,0006_01.jpg,vggface2_balanced_100_100/n000102/0006_01.jpg
VGGFace2,n000102,Adílson_Batista,0007_01.jpg,vggface2_balanced_100_100/n000102/0007_01.jpg
VGGFace2,n000102,Adílson_Batista,0008_01.jpg,vggface2_balanced_100_100/n000102/0008_01.jpg
VGGFace2,n000102,Adílson_Batista,0009_01.jpg,vggface2_balanced_100_100/n000102/0009_01.jpg
VGGFace2,n000102,Adílson_Batista,0010_03.jpg,vggface2_balanced_100_100/n000102/0010_03.jpg
VGGFace2,n000102,Adílson_Batista,0011_01.jpg,vggface2_balanced_100_100/n000102/0011_01.jpg
VGGFace2,n000102,Adílson_Batista,0012_01.jpg,vggface2_balanced_100_100/n000102/0012_01.jpg
VGGFace2,n000102,Adílson_Batista,0013_01.jpg,vggface2_balanced_100_100/n000102/0013_01.jpg
VGGFace2,n000102,Adílson_Batista,0014_01.jpg,vggface2_balanced_100_100/n000102/0014_01.jpg
VGGFace2,n000102,Adílson_Batista,0015_01.jpg,vggface2_balanced_100_100/n000102/0015_01.jpg
VGGFace2,n000102,Adílson_Batista,0015_02.jpg,vggface2_balanced_100_100/n000102/0015_02.jpg
VGGFace2,n000102,Adílson_Batista,0015_03.jpg,vggface2_balanced_100_100/n000102/0015_03.jpg
VGGFace2,n000102,Adílson_Batista,0015_04.jpg,vggface2_balanced_100_100/n000102/0015_04.jpg
VGGFace2,n000102,Adílson_Batista,0015_05.jpg,vggface2_balanced_100_100/n000102/0015_05.jpg
VGGFace2,n000102,Adílson_Batista,0015_06.jpg,vggface2_balanced_100_100/n000102/0015_06.jpg
VGGFace2,n000102,Adílson_Batista,0016_01.jpg,vggface2_balanced_100_100/n000102/0016_01.jpg
VGGFace2,n000102,Adílson_Batista,0017_01.jpg,vggface2_balanced_100_100/n000102/0017_01.jpg
VGGFace2,n000102,Adílson_Batista,0018_01.jpg,vggface2_balanced_100_100/n000102/0018_01.jpg
VGGFace2,n000102,Adílson_Batista,0019_01.jpg,vggface2_balanced_100_100/n000102/0019_01.jpg
VGGFace2,n000102,Adílson_Batista,0020_01.jpg,vggface2_balanced_100_100/n000102/0020_01.jpg
VGGFace2,n000102,Adílson_Batista,0021_01.jpg,vggface2_balanced_100_100/n000102/0021_01.jpg
VGGFace2,n000102,Adílson_Batista,0022_01.jpg,vggface2_balanced_100_100/n000102/0022_01.jpg
VGGFace2,n000102,Adílson_Batista,0023_01.jpg,vggface2_balanced_100_100/n000102/0023_01.jpg
VGGFace2,n000102,Adílson_Batista,0024_01.jpg,vggface2_balanced_100_100/n000102/0024_01.jpg
VGGFace2,n000102,Adílson_Batista,0025_02.jpg,vggface2_balanced_100_100/n000102/0025_02.jpg
VGGFace2,n000102,Adílson_Batista,0026_02.jpg,vggface2_balanced_100_100/n000102/0026_02.jpg
VGGFace2,n000102,Adílson_Batista,0027_01.jpg,vggface2_balanced_100_100/n000102/0027_01.jpg
VGGFace2,n000102,Adílson_Batista,0028_02.jpg,vggface2_balanced_100_100/n000102/0028_02.jpg
VGGFace2,n000102,Adílson_Batista,0029_01.jpg,vggface2_balanced_100_100/n000102/0029_01.jpg
VGGFace2,n000102,Adílson_Batista,0030_01.jpg,vggface2_balanced_100_100/n000102/0030_01.jpg
VGGFace2,n000102,Adílson_Batista,0031_01.jpg,vggface2_balanced_100_100/n000102/0031_01.jpg
VGGFace2,n000102,Adílson_Batista,0032_01.jpg,vggface2_balanced_100_100/n000102/0032_01.jpg
VGGFace2,n000102,Adílson_Batista,0033_01.jpg,vggface2_balanced_100_100/n000102/0033_01.jpg
VGGFace2,n000102,Adílson_Batista,0034_01.jpg,vggface2_balanced_100_100/n000102/0034_01.jpg
VGGFace2,n000102,Adílson_Batista,0034_02.jpg,vggface2_balanced_100_100/n000102/0034_02.jpg
VGGFace2,n000102,Adílson_Batista,0034_03.jpg,vggface2_balanced_100_100/n000102/0034_03.jpg
VGGFace2,n000102,Adílson_Batista,0034_04.jpg,vggface2_balanced_100_100/n000102/0034_04.jpg
VGGFace2,n000102,Adílson_Batista,0034_05.jpg,vggface2_balanced_100_100/n000102/0034_05.jpg
VGGFace2,n000102,Adílson_Batista,0034_06.jpg,vggface2_balanced_100_100/n000102/0034_06.jpg
VGGFace2,n000102,Adílson_Batista,0035_01.jpg,vggface2_balanced_100_100/n000102/0035_01.jpg
VGGFace2,n000102,Adílson_Batista,0036_01.jpg,vggface2_balanced_100_100/n000102/0036_01.jpg
VGGFace2,n000102,Adílson_Batista,0036_02.jpg,vggface2_balanced_100_100/n000102/0036_02.jpg
VGGFace2,n000102,Adílson_Batista,0037_01.jpg,vggface2_balanced_100_100/n000102/0037_01.jpg
VGGFace2,n000102,Adílson_Batista,0038_02.jpg,vggface2_balanced_100_100/n000102/0038_02.jpg
VGGFace2,n000102,Adílson_Batista,0039_01.jpg,vggface2_balanced_100_100/n000102/0039_01.jpg
VGGFace2,n000102,Adílson_Batista,0040_01.jpg,vggface2_balanced_100_100/n000102/0040_01.jpg
VGGFace2,n000102,Adílson_Batista,0041_01.jpg,vggface2_balanced_100_100/n000102/0041_01.jpg
VGGFace2,n000102,Adílson_Batista,0042_01.jpg,vggface2_balanced_100_100/n000102/0042_01.jpg
VGGFace2,n000102,Adílson_Batista,0043_01.jpg,vggface2_balanced_100_100/n000102/0043_01.jpg
VGGFace2,n000102,Adílson_Batista,0044_01.jpg,vggface2_balanced_100_100/n000102/0044_01.jpg
VGGFace2,n000102,Adílson_Batista,0045_02.jpg,vggface2_balanced_100_100/n000102/0045_02.jpg
VGGFace2,n000102,Adílson_Batista,0046_01.jpg,vggface2_balanced_100_100/n000102/0046_01.jpg
VGGFace2,n000102,Adílson_Batista,0047_01.jpg,vggface2_balanced_100_100/n000102/0047_01.jpg
VGGFace2,n000102,Adílson_Batista,0048_03.jpg,vggface2_balanced_100_100/n000102/0048_03.jpg
VGGFace2,n000102,Adílson_Batista,0049_01.jpg,vggface2_balanced_100_100/n000102/0049_01.jpg
VGGFace2,n000102,Adílson_Batista,0050_01.jpg,vggface2_balanced_100_100/n000102/0050_01.jpg
VGGFace2,n000102,Adílson_Batista,0051_01.jpg,vggface2_balanced_100_100/n000102/0051_01.jpg
VGGFace2,n000102,Adílson_Batista,0052_01.jpg,vggface2_balanced_100_100/n000102/0052_01.jpg
VGGFace2,n000102,Adílson_Batista,0053_01.jpg,vggface2_balanced_100_100/n000102/0053_01.jpg
VGGFace2,n000102,Adílson_Batista,0054_01.jpg,vggface2_balanced_100_100/n000102/0054_01.jpg
VGGFace2,n000102,Adílson_Batista,0055_01.jpg,vggface2_balanced_100_100/n000102/0055_01.jpg
VGGFace2,n000102,Adílson_Batista,0056_01.jpg,vggface2_balanced_100_100/n000102/0056_01.jpg
VGGFace2,n000102,Adílson_Batista,0057_01.jpg,vggface2_balanced_100_100/n000102/0057_01.jpg
VGGFace2,n000102,Adílson_Batista,0058_01.jpg,vggface2_balanced_100_100/n000102/0058_01.jpg
VGGFace2,n000102,Adílson_Batista,0059_01.jpg,vggface2_balanced_100_100/n000102/0059_01.jpg
VGGFace2,n000102,Adílson_Batista,0060_01.jpg,vggface2_balanced_100_100/n000102/0060_01.jpg
VGGFace2,n000102,Adílson_Batista,0061_01.jpg,vggface2_balanced_100_100/n000102/0061_01.jpg
VGGFace2,n000102,Adílson_Batista,0062_01.jpg,vggface2_balanced_100_100/n000102/0062_01.jpg
VGGFace2,n000102,Adílson_Batista,0063_01.jpg,vggface2_balanced_100_100/n000102/0063_01.jpg
VGGFace2,n000102,Adílson_Batista,0064_01.jpg,vggface2_balanced_100_100/n000102/0064_01.jpg
VGGFace2,n000102,Adílson_Batista,0065_01.jpg,vggface2_balanced_100_100/n000102/0065_01.jpg
VGGFace2,n000102,Adílson_Batista,0066_01.jpg,vggface2_balanced_100_100/n000102/0066_01.jpg
VGGFace2,n000102,Adílson_Batista,0067_01.jpg,vggface2_balanced_100_100/n000102/0067_01.jpg
VGGFace2,n000102,Adílson_Batista,0068_01.jpg,vggface2_balanced_100_100/n000102/0068_01.jpg
VGGFace2,n000102,Adílson_Batista,0069_01.jpg,vggface2_balanced_100_100/n000102/0069_01.jpg
VGGFace2,n000102,Adílson_Batista,0070_01.jpg,vggface2_balanced_100_100/n000102/0070_01.jpg
VGGFace2,n000102,Adílson_Batista,0071_01.jpg,vggface2_balanced_100_100/n000102/0071_01.jpg
VGGFace2,n000102,Adílson_Batista,0072_01.jpg,vggface2_balanced_100_100/n000102/0072_01.jpg
VGGFace2,n000102,Adílson_Batista,0073_01.jpg,vggface2_balanced_100_100/n000102/0073_01.jpg
VGGFace2,n000102,Adílson_Batista,0074_01.jpg,vggface2_balanced_100_100/n000102/0074_01.jpg
VGGFace2,n000102,Adílson_Batista,0075_01.jpg,vggface2_balanced_100_100/n000102/0075_01.jpg
VGGFace2,n000102,Adílson_Batista,0076_01.jpg,vggface2_balanced_100_100/n000102/0076_01.jpg
VGGFace2,n000102,Adílson_Batista,0078_01.jpg,vggface2_balanced_100_100/n000102/0078_01.jpg
VGGFace2,n000102,Adílson_Batista,0079_01.jpg,vggface2_balanced_100_100/n000102/0079_01.jpg
VGGFace2,n000102,Adílson_Batista,0080_02.jpg,vggface2_balanced_100_100/n000102/0080_02.jpg
VGGFace2,n000102,Adílson_Batista,0081_01.jpg,vggface2_balanced_100_100/n000102/0081_01.jpg
VGGFace2,n000102,Adílson_Batista,0082_01.jpg,vggface2_balanced_100_100/n000102/0082_01.jpg
VGGFace2,n000102,Adílson_Batista,0083_01.jpg,vggface2_balanced_100_100/n000102/0083_01.jpg
VGGFace2,n000102,Adílson_Batista,0084_01.jpg,vggface2_balanced_100_100/n000102/0084_01.jpg
VGGFace2,n000102,Adílson_Batista,0085_02.jpg,vggface2_balanced_100_100/n000102/0085_02.jpg
VGGFace2,n000102,Adílson_Batista,0086_01.jpg,vggface2_balanced_100_100/n000102/0086_01.jpg
VGGFace2,n000102,Adílson_Batista,0087_01.jpg,vggface2_balanced_100_100/n000102/0087_01.jpg
VGGFace2,n000102,Adílson_Batista,0088_01.jpg,vggface2_balanced_100_100/n000102/0088_01.jpg
VGGFace2,n000102,Adílson_Batista,0089_01.jpg,vggface2_balanced_100_100/n000102/0089_01.jpg
VGGFace2,n000102,Adílson_Batista,0090_01.jpg,vggface2_balanced_100_100/n000102/0090_01.jpg
VGGFace2,n000103,Aftab_Shivdasani,0001_01.jpg,vggface2_balanced_100_100/n000103/0001_01.jpg
VGGFace2,n000103,Aftab_Shivdasani,0002_01.jpg,vggface2_balanced_100_100/n000103/0002_01.jpg
VGGFace2,n000103,Aftab_Shivdasani,0003_01.jpg,vggface2_balanced_100_100/n000103/0003_01.jpg
VGGFace2,n000103,Aftab_Shivdasani,0004_02.jpg,vggface2_balanced_100_100/n000103/0004_02.jpg
VGGFace2,n000103,Aftab_Shivdasani,0005_01.jpg,vggface2_balanced_100_100/n000103/0005_01.jpg
VGGFace2,n000103,Aftab_Shivdasani,0006_01.jpg,vggface2_balanced_100_100/n000103/0006_01.jpg
VGGFace2,n000103,Aftab_Shivdasani,0007_01.jpg,vggface2_balanced_100_100/n000103/0007_01.jpg
VGGFace2,n000103,Aftab_Shivdasani,0008_01.jpg,vggface2_balanced_100_100/n000103/0008_01.jpg
VGGFace2,n000103,Aftab_Shivdasani,0009_01.jpg,vggface2_balanced_100_100/n000103/0009_01.jpg
VGGFace2,n000103,Aftab_Shivdasani,0010_01.jpg,vggface2_balanced_100_100/n000103/0010_01.jpg
VGGFace2,n000103,Aftab_Shivdasani,0011_01.jpg,vggface2_balanced_100_100/n000103/0011_01.jpg
VGGFace2,n000103,Aftab_Shivdasani,0012_01.jpg,vggface2_balanced_100_100/n000103/0012_01.jpg
VGGFace2,n000103,Aftab_Shivdasani,0013_01.jpg,vggface2_balanced_100_100/n000103/0013_01.jpg
VGGFace2,n000103,Aftab_Shivdasani,0014_01.jpg,vggface2_balanced_100_100/n000103/0014_01.jpg
VGGFace2,n000103,Aftab_Shivdasani,0015_01.jpg,vggface2_balanced_100_100/n000103/0015_01.jpg
VGGFace2,n000103,Aftab_Shivdasani,0016_01.jpg,vggface2_balanced_100_100/n000103/0016_01.jpg
VGGFace2,n000103,Aftab_Shivdasani,0017_01.jpg,vggface2_balanced_100_100/n000103/0017_01.jpg
VGGFace2,n000103,Aftab_Shivdasani,0018_01.jpg,vggface2_balanced_100_100/n000103/0018_01.jpg
VGGFace2,n000103,Aftab_Shivdasani,0019_02.jpg,vggface2_balanced_100_100/n000103/0019_02.jpg
VGGFace2,n000103,Aftab_Shivdasani,0020_01.jpg,vggface2_balanced_100_100/n000103/0020_01.jpg
VGGFace2,n000103,Aftab_Shivdasani,0021_01.jpg,vggface2_balanced_100_100/n000103/0021_01.jpg
VGGFace2,n000103,Aftab_Shivdasani,0022_01.jpg,vggface2_balanced_100_100/n000103/0022_01.jpg
VGGFace2,n000103,Aftab_Shivdasani,0023_01.jpg,vggface2_balanced_100_100/n000103/0023_01.jpg
VGGFace2,n000103,Aftab_Shivdasani,0024_01.jpg,vggface2_balanced_100_100/n000103/0024_01.jpg
VGGFace2,n000103,Aftab_Shivdasani,0025_01.jpg,vggface2_balanced_100_100/n000103/0025_01.jpg
VGGFace2,n000103,Aftab_Shivdasani,0026_01.jpg,vggface2_balanced_100_100/n000103/0026_01.jpg
VGGFace2,n000103,Aftab_Shivdasani,0027_01.jpg,vggface2_balanced_100_100/n000103/0027_01.jpg
VGGFace2,n000103,Aftab_Shivdasani,0028_01.jpg,vggface2_balanced_100_100/n000103/0028_01.jpg
VGGFace2,n000103,Aftab_Shivdasani,0029_01.jpg,vggface2_balanced_100_100/n000103/0029_01.jpg
VGGFace2,n000103,Aftab_Shivdasani,0030_03.jpg,vggface2_balanced_100_100/n000103/0030_03.jpg
VGGFace2,n000103,Aftab_Shivdasani,0031_01.jpg,vggface2_balanced_100_100/n000103/0031_01.jpg
VGGFace2,n000103,Aftab_Shivdasani,0032_01.jpg,vggface2_balanced_100_100/n000103/0032_01.jpg
VGGFace2,n000103,Aftab_Shivdasani,0033_01.jpg,vggface2_balanced_100_100/n000103/0033_01.jpg
VGGFace2,n000103,Aftab_Shivdasani,0034_01.jpg,vggface2_balanced_100_100/n000103/0034_01.jpg
VGGFace2,n000103,Aftab_Shivdasani,0035_01.jpg,vggface2_balanced_100_100/n000103/0035_01.jpg
VGGFace2,n000103,Aftab_Shivdasani,0036_01.jpg,vggface2_balanced_100_100/n000103/0036_01.jpg
VGGFace2,n000103,Aftab_Shivdasani,0037_01.jpg,vggface2_balanced_100_100/n000103/0037_01.jpg
VGGFace2,n000103,Aftab_Shivdasani,0038_01.jpg,vggface2_balanced_100_100/n000103/0038_01.jpg
VGGFace2,n000103,Aftab_Shivdasani,0039_01.jpg,vggface2_balanced_100_100/n000103/0039_01.jpg
VGGFace2,n000103,Aftab_Shivdasani,0040_01.jpg,vggface2_balanced_100_100/n000103/0040_01.jpg
VGGFace2,n000103,Aftab_Shivdasani,0041_01.jpg,vggface2_balanced_100_100/n000103/0041_01.jpg
VGGFace2,n000103,Aftab_Shivdasani,0042_01.jpg,vggface2_balanced_100_100/n000103/0042_01.jpg
VGGFace2,n000103,Aftab_Shivdasani,0043_01.jpg,vggface2_balanced_100_100/n000103/0043_01.jpg
VGGFace2,n000103,Aftab_Shivdasani,0044_01.jpg,vggface2_balanced_100_100/n000103/0044_01.jpg
VGGFace2,n000103,Aftab_Shivdasani,0045_01.jpg,vggface2_balanced_100_100/n000103/0045_01.jpg
VGGFace2,n000103,Aftab_Shivdasani,0046_02.jpg,vggface2_balanced_100_100/n000103/0046_02.jpg
VGGFace2,n000103,Aftab_Shivdasani,0047_01.jpg,vggface2_balanced_100_100/n000103/0047_01.jpg
VGGFace2,n000103,Aftab_Shivdasani,0048_01.jpg,vggface2_balanced_100_100/n000103/0048_01.jpg
VGGFace2,n000103,Aftab_Shivdasani,0049_02.jpg,vggface2_balanced_100_100/n000103/0049_02.jpg
VGGFace2,n000103,Aftab_Shivdasani,0050_01.jpg,vggface2_balanced_100_100/n000103/0050_01.jpg
VGGFace2,n000103,Aftab_Shivdasani,0051_02.jpg,vggface2_balanced_100_100/n000103/0051_02.jpg
VGGFace2,n000103,Aftab_Shivdasani,0052_01.jpg,vggface2_balanced_100_100/n000103/0052_01.jpg
VGGFace2,n000103,Aftab_Shivdasani,0053_01.jpg,vggface2_balanced_100_100/n000103/0053_01.jpg
VGGFace2,n000103,Aftab_Shivdasani,0054_01.jpg,vggface2_balanced_100_100/n000103/0054_01.jpg
VGGFace2,n000103,Aftab_Shivdasani,0055_01.jpg,vggface2_balanced_100_100/n000103/0055_01.jpg
VGGFace2,n000103,Aftab_Shivdasani,0056_01.jpg,vggface2_balanced_100_100/n000103/0056_01.jpg
VGGFace2,n000103,Aftab_Shivdasani,0057_01.jpg,vggface2_balanced_100_100/n000103/0057_01.jpg
VGGFace2,n000103,Aftab_Shivdasani,0058_01.jpg,vggface2_balanced_100_100/n000103/0058_01.jpg
VGGFace2,n000103,Aftab_Shivdasani,0059_02.jpg,vggface2_balanced_100_100/n000103/0059_02.jpg
VGGFace2,n000103,Aftab_Shivdasani,0060_01.jpg,vggface2_balanced_100_100/n000103/0060_01.jpg
VGGFace2,n000103,Aftab_Shivdasani,0060_03.jpg,vggface2_balanced_100_100/n000103/0060_03.jpg
VGGFace2,n000103,Aftab_Shivdasani,0061_01.jpg,vggface2_balanced_100_100/n000103/0061_01.jpg
VGGFace2,n000103,Aftab_Shivdasani,0062_01.jpg,vggface2_balanced_100_100/n000103/0062_01.jpg
VGGFace2,n000103,Aftab_Shivdasani,0063_01.jpg,vggface2_balanced_100_100/n000103/0063_01.jpg
VGGFace2,n000103,Aftab_Shivdasani,0064_02.jpg,vggface2_balanced_100_100/n000103/0064_02.jpg
VGGFace2,n000103,Aftab_Shivdasani,0065_01.jpg,vggface2_balanced_100_100/n000103/0065_01.jpg
VGGFace2,n000103,Aftab_Shivdasani,0066_02.jpg,vggface2_balanced_100_100/n000103/0066_02.jpg
VGGFace2,n000103,Aftab_Shivdasani,0067_01.jpg,vggface2_balanced_100_100/n000103/0067_01.jpg
VGGFace2,n000103,Aftab_Shivdasani,0068_02.jpg,vggface2_balanced_100_100/n000103/0068_02.jpg
VGGFace2,n000103,Aftab_Shivdasani,0069_02.jpg,vggface2_balanced_100_100/n000103/0069_02.jpg
VGGFace2,n000103,Aftab_Shivdasani,0070_03.jpg,vggface2_balanced_100_100/n000103/0070_03.jpg
VGGFace2,n000103,Aftab_Shivdasani,0071_01.jpg,vggface2_balanced_100_100/n000103/0071_01.jpg
VGGFace2,n000103,Aftab_Shivdasani,0072_01.jpg,vggface2_balanced_100_100/n000103/0072_01.jpg
VGGFace2,n000103,Aftab_Shivdasani,0073_01.jpg,vggface2_balanced_100_100/n000103/0073_01.jpg
VGGFace2,n000103,Aftab_Shivdasani,0074_02.jpg,vggface2_balanced_100_100/n000103/0074_02.jpg
VGGFace2,n000103,Aftab_Shivdasani,0075_01.jpg,vggface2_balanced_100_100/n000103/0075_01.jpg
VGGFace2,n000103,Aftab_Shivdasani,0076_01.jpg,vggface2_balanced_100_100/n000103/0076_01.jpg
VGGFace2,n000103,Aftab_Shivdasani,0077_01.jpg,vggface2_balanced_100_100/n000103/0077_01.jpg
VGGFace2,n000103,Aftab_Shivdasani,0078_01.jpg,vggface2_balanced_100_100/n000103/0078_01.jpg
VGGFace2,n000103,Aftab_Shivdasani,0079_01.jpg,vggface2_balanced_100_100/n000103/0079_01.jpg
VGGFace2,n000103,Aftab_Shivdasani,0080_01.jpg,vggface2_balanced_100_100/n000103/0080_01.jpg
VGGFace2,n000103,Aftab_Shivdasani,0081_01.jpg,vggface2_balanced_100_100/n000103/0081_01.jpg
VGGFace2,n000103,Aftab_Shivdasani,0082_01.jpg,vggface2_balanced_100_100/n000103/0082_01.jpg
VGGFace2,n000103,Aftab_Shivdasani,0083_01.jpg,vggface2_balanced_100_100/n000103/0083_01.jpg
VGGFace2,n000103,Aftab_Shivdasani,0084_01.jpg,vggface2_balanced_100_100/n000103/0084_01.jpg
VGGFace2,n000103,Aftab_Shivdasani,0085_01.jpg,vggface2_balanced_100_100/n000103/0085_01.jpg
VGGFace2,n000103,Aftab_Shivdasani,0086_01.jpg,vggface2_balanced_100_100/n000103/0086_01.jpg
VGGFace2,n000103,Aftab_Shivdasani,0087_01.jpg,vggface2_balanced_100_100/n000103/0087_01.jpg
VGGFace2,n000103,Aftab_Shivdasani,0088_01.jpg,vggface2_balanced_100_100/n000103/0088_01.jpg
VGGFace2,n000103,Aftab_Shivdasani,0089_04.jpg,vggface2_balanced_100_100/n000103/0089_04.jpg
VGGFace2,n000103,Aftab_Shivdasani,0090_01.jpg,vggface2_balanced_100_100/n000103/0090_01.jpg
VGGFace2,n000103,Aftab_Shivdasani,0091_01.jpg,vggface2_balanced_100_100/n000103/0091_01.jpg
VGGFace2,n000103,Aftab_Shivdasani,0092_02.jpg,vggface2_balanced_100_100/n000103/0092_02.jpg
VGGFace2,n000103,Aftab_Shivdasani,0093_01.jpg,vggface2_balanced_100_100/n000103/0093_01.jpg
VGGFace2,n000103,Aftab_Shivdasani,0094_02.jpg,vggface2_balanced_100_100/n000103/0094_02.jpg
VGGFace2,n000103,Aftab_Shivdasani,0095_01.jpg,vggface2_balanced_100_100/n000103/0095_01.jpg
VGGFace2,n000103,Aftab_Shivdasani,0096_01.jpg,vggface2_balanced_100_100/n000103/0096_01.jpg
VGGFace2,n000103,Aftab_Shivdasani,0097_01.jpg,vggface2_balanced_100_100/n000103/0097_01.jpg
VGGFace2,n000103,Aftab_Shivdasani,0098_01.jpg,vggface2_balanced_100_100/n000103/0098_01.jpg
VGGFace2,n000103,Aftab_Shivdasani,0099_01.jpg,vggface2_balanced_100_100/n000103/0099_01.jpg
VGGFace2,n000104,Agata_Buzek,0001_01.jpg,vggface2_balanced_100_100/n000104/0001_01.jpg
VGGFace2,n000104,Agata_Buzek,0002_01.jpg,vggface2_balanced_100_100/n000104/0002_01.jpg
VGGFace2,n000104,Agata_Buzek,0003_01.jpg,vggface2_balanced_100_100/n000104/0003_01.jpg
VGGFace2,n000104,Agata_Buzek,0004_01.jpg,vggface2_balanced_100_100/n000104/0004_01.jpg
VGGFace2,n000104,Agata_Buzek,0005_01.jpg,vggface2_balanced_100_100/n000104/0005_01.jpg
VGGFace2,n000104,Agata_Buzek,0006_01.jpg,vggface2_balanced_100_100/n000104/0006_01.jpg
VGGFace2,n000104,Agata_Buzek,0007_01.jpg,vggface2_balanced_100_100/n000104/0007_01.jpg
VGGFace2,n000104,Agata_Buzek,0008_01.jpg,vggface2_balanced_100_100/n000104/0008_01.jpg
VGGFace2,n000104,Agata_Buzek,0009_02.jpg,vggface2_balanced_100_100/n000104/0009_02.jpg
VGGFace2,n000104,Agata_Buzek,0010_01.jpg,vggface2_balanced_100_100/n000104/0010_01.jpg
VGGFace2,n000104,Agata_Buzek,0010_02.jpg,vggface2_balanced_100_100/n000104/0010_02.jpg
VGGFace2,n000104,Agata_Buzek,0011_01.jpg,vggface2_balanced_100_100/n000104/0011_01.jpg
VGGFace2,n000104,Agata_Buzek,0012_01.jpg,vggface2_balanced_100_100/n000104/0012_01.jpg
VGGFace2,n000104,Agata_Buzek,0013_01.jpg,vggface2_balanced_100_100/n000104/0013_01.jpg
VGGFace2,n000104,Agata_Buzek,0014_01.jpg,vggface2_balanced_100_100/n000104/0014_01.jpg
VGGFace2,n000104,Agata_Buzek,0015_01.jpg,vggface2_balanced_100_100/n000104/0015_01.jpg
VGGFace2,n000104,Agata_Buzek,0016_01.jpg,vggface2_balanced_100_100/n000104/0016_01.jpg
VGGFace2,n000104,Agata_Buzek,0017_01.jpg,vggface2_balanced_100_100/n000104/0017_01.jpg
VGGFace2,n000104,Agata_Buzek,0018_01.jpg,vggface2_balanced_100_100/n000104/0018_01.jpg
VGGFace2,n000104,Agata_Buzek,0019_02.jpg,vggface2_balanced_100_100/n000104/0019_02.jpg
VGGFace2,n000104,Agata_Buzek,0020_01.jpg,vggface2_balanced_100_100/n000104/0020_01.jpg
VGGFace2,n000104,Agata_Buzek,0021_01.jpg,vggface2_balanced_100_100/n000104/0021_01.jpg
VGGFace2,n000104,Agata_Buzek,0022_02.jpg,vggface2_balanced_100_100/n000104/0022_02.jpg
VGGFace2,n000104,Agata_Buzek,0023_01.jpg,vggface2_balanced_100_100/n000104/0023_01.jpg
VGGFace2,n000104,Agata_Buzek,0024_01.jpg,vggface2_balanced_100_100/n000104/0024_01.jpg
VGGFace2,n000104,Agata_Buzek,0025_01.jpg,vggface2_balanced_100_100/n000104/0025_01.jpg
VGGFace2,n000104,Agata_Buzek,0026_01.jpg,vggface2_balanced_100_100/n000104/0026_01.jpg
VGGFace2,n000104,Agata_Buzek,0027_01.jpg,vggface2_balanced_100_100/n000104/0027_01.jpg
VGGFace2,n000104,Agata_Buzek,0028_04.jpg,vggface2_balanced_100_100/n000104/0028_04.jpg
VGGFace2,n000104,Agata_Buzek,0029_02.jpg,vggface2_balanced_100_100/n000104/0029_02.jpg
VGGFace2,n000104,Agata_Buzek,0030_04.jpg,vggface2_balanced_100_100/n000104/0030_04.jpg
VGGFace2,n000104,Agata_Buzek,0031_01.jpg,vggface2_balanced_100_100/n000104/0031_01.jpg
VGGFace2,n000104,Agata_Buzek,0032_01.jpg,vggface2_balanced_100_100/n000104/0032_01.jpg
VGGFace2,n000104,Agata_Buzek,0033_05.jpg,vggface2_balanced_100_100/n000104/0033_05.jpg
VGGFace2,n000104,Agata_Buzek,0034_01.jpg,vggface2_balanced_100_100/n000104/0034_01.jpg
VGGFace2,n000104,Agata_Buzek,0035_01.jpg,vggface2_balanced_100_100/n000104/0035_01.jpg
VGGFace2,n000104,Agata_Buzek,0036_01.jpg,vggface2_balanced_100_100/n000104/0036_01.jpg
VGGFace2,n000104,Agata_Buzek,0037_01.jpg,vggface2_balanced_100_100/n000104/0037_01.jpg
VGGFace2,n000104,Agata_Buzek,0038_01.jpg,vggface2_balanced_100_100/n000104/0038_01.jpg
VGGFace2,n000104,Agata_Buzek,0039_01.jpg,vggface2_balanced_100_100/n000104/0039_01.jpg
VGGFace2,n000104,Agata_Buzek,0040_01.jpg,vggface2_balanced_100_100/n000104/0040_01.jpg
VGGFace2,n000104,Agata_Buzek,0041_01.jpg,vggface2_balanced_100_100/n000104/0041_01.jpg
VGGFace2,n000104,Agata_Buzek,0042_01.jpg,vggface2_balanced_100_100/n000104/0042_01.jpg
VGGFace2,n000104,Agata_Buzek,0043_01.jpg,vggface2_balanced_100_100/n000104/0043_01.jpg
VGGFace2,n000104,Agata_Buzek,0044_01.jpg,vggface2_balanced_100_100/n000104/0044_01.jpg
VGGFace2,n000104,Agata_Buzek,0045_01.jpg,vggface2_balanced_100_100/n000104/0045_01.jpg
VGGFace2,n000104,Agata_Buzek,0046_01.jpg,vggface2_balanced_100_100/n000104/0046_01.jpg
VGGFace2,n000104,Agata_Buzek,0047_01.jpg,vggface2_balanced_100_100/n000104/0047_01.jpg
VGGFace2,n000104,Agata_Buzek,0048_01.jpg,vggface2_balanced_100_100/n000104/0048_01.jpg
VGGFace2,n000104,Agata_Buzek,0049_01.jpg,vggface2_balanced_100_100/n000104/0049_01.jpg
VGGFace2,n000104,Agata_Buzek,0050_01.jpg,vggface2_balanced_100_100/n000104/0050_01.jpg
VGGFace2,n000104,Agata_Buzek,0051_01.jpg,vggface2_balanced_100_100/n000104/0051_01.jpg
VGGFace2,n000104,Agata_Buzek,0052_01.jpg,vggface2_balanced_100_100/n000104/0052_01.jpg
VGGFace2,n000104,Agata_Buzek,0052_02.jpg,vggface2_balanced_100_100/n000104/0052_02.jpg
VGGFace2,n000104,Agata_Buzek,0053_01.jpg,vggface2_balanced_100_100/n000104/0053_01.jpg
VGGFace2,n000104,Agata_Buzek,0054_01.jpg,vggface2_balanced_100_100/n000104/0054_01.jpg
VGGFace2,n000104,Agata_Buzek,0055_01.jpg,vggface2_balanced_100_100/n000104/0055_01.jpg
VGGFace2,n000104,Agata_Buzek,0056_01.jpg,vggface2_balanced_100_100/n000104/0056_01.jpg
VGGFace2,n000104,Agata_Buzek,0057_01.jpg,vggface2_balanced_100_100/n000104/0057_01.jpg
VGGFace2,n000104,Agata_Buzek,0058_01.jpg,vggface2_balanced_100_100/n000104/0058_01.jpg
VGGFace2,n000104,Agata_Buzek,0059_01.jpg,vggface2_balanced_100_100/n000104/0059_01.jpg
VGGFace2,n000104,Agata_Buzek,0060_01.jpg,vggface2_balanced_100_100/n000104/0060_01.jpg
VGGFace2,n000104,Agata_Buzek,0061_01.jpg,vggface2_balanced_100_100/n000104/0061_01.jpg
VGGFace2,n000104,Agata_Buzek,0062_01.jpg,vggface2_balanced_100_100/n000104/0062_01.jpg
VGGFace2,n000104,Agata_Buzek,0063_02.jpg,vggface2_balanced_100_100/n000104/0063_02.jpg
VGGFace2,n000104,Agata_Buzek,0064_03.jpg,vggface2_balanced_100_100/n000104/0064_03.jpg
VGGFace2,n000104,Agata_Buzek,0065_01.jpg,vggface2_balanced_100_100/n000104/0065_01.jpg
VGGFace2,n000104,Agata_Buzek,0066_03.jpg,vggface2_balanced_100_100/n000104/0066_03.jpg
VGGFace2,n000104,Agata_Buzek,0067_01.jpg,vggface2_balanced_100_100/n000104/0067_01.jpg
VGGFace2,n000104,Agata_Buzek,0068_02.jpg,vggface2_balanced_100_100/n000104/0068_02.jpg
VGGFace2,n000104,Agata_Buzek,0069_01.jpg,vggface2_balanced_100_100/n000104/0069_01.jpg
VGGFace2,n000104,Agata_Buzek,0070_01.jpg,vggface2_balanced_100_100/n000104/0070_01.jpg
VGGFace2,n000104,Agata_Buzek,0070_02.jpg,vggface2_balanced_100_100/n000104/0070_02.jpg
VGGFace2,n000104,Agata_Buzek,0070_03.jpg,vggface2_balanced_100_100/n000104/0070_03.jpg
VGGFace2,n000104,Agata_Buzek,0071_01.jpg,vggface2_balanced_100_100/n000104/0071_01.jpg
VGGFace2,n000104,Agata_Buzek,0071_02.jpg,vggface2_balanced_100_100/n000104/0071_02.jpg
VGGFace2,n000104,Agata_Buzek,0072_01.jpg,vggface2_balanced_100_100/n000104/0072_01.jpg
VGGFace2,n000104,Agata_Buzek,0073_01.jpg,vggface2_balanced_100_100/n000104/0073_01.jpg
VGGFace2,n000104,Agata_Buzek,0074_01.jpg,vggface2_balanced_100_100/n000104/0074_01.jpg
VGGFace2,n000104,Agata_Buzek,0075_01.jpg,vggface2_balanced_100_100/n000104/0075_01.jpg
VGGFace2,n000104,Agata_Buzek,0076_03.jpg,vggface2_balanced_100_100/n000104/0076_03.jpg
VGGFace2,n000104,Agata_Buzek,0077_01.jpg,vggface2_balanced_100_100/n000104/0077_01.jpg
VGGFace2,n000104,Agata_Buzek,0078_01.jpg,vggface2_balanced_100_100/n000104/0078_01.jpg
VGGFace2,n000104,Agata_Buzek,0079_01.jpg,vggface2_balanced_100_100/n000104/0079_01.jpg
VGGFace2,n000104,Agata_Buzek,0080_01.jpg,vggface2_balanced_100_100/n000104/0080_01.jpg
VGGFace2,n000104,Agata_Buzek,0081_02.jpg,vggface2_balanced_100_100/n000104/0081_02.jpg
VGGFace2,n000104,Agata_Buzek,0082_01.jpg,vggface2_balanced_100_100/n000104/0082_01.jpg
VGGFace2,n000104,Agata_Buzek,0083_01.jpg,vggface2_balanced_100_100/n000104/0083_01.jpg
VGGFace2,n000104,Agata_Buzek,0083_02.jpg,vggface2_balanced_100_100/n000104/0083_02.jpg
VGGFace2,n000104,Agata_Buzek,0084_01.jpg,vggface2_balanced_100_100/n000104/0084_01.jpg
VGGFace2,n000104,Agata_Buzek,0085_01.jpg,vggface2_balanced_100_100/n000104/0085_01.jpg
VGGFace2,n000104,Agata_Buzek,0086_01.jpg,vggface2_balanced_100_100/n000104/0086_01.jpg
VGGFace2,n000104,Agata_Buzek,0087_01.jpg,vggface2_balanced_100_100/n000104/0087_01.jpg
VGGFace2,n000104,Agata_Buzek,0088_02.jpg,vggface2_balanced_100_100/n000104/0088_02.jpg
VGGFace2,n000104,Agata_Buzek,0089_02.jpg,vggface2_balanced_100_100/n000104/0089_02.jpg
VGGFace2,n000104,Agata_Buzek,0090_03.jpg,vggface2_balanced_100_100/n000104/0090_03.jpg
VGGFace2,n000104,Agata_Buzek,0091_01.jpg,vggface2_balanced_100_100/n000104/0091_01.jpg
VGGFace2,n000104,Agata_Buzek,0092_01.jpg,vggface2_balanced_100_100/n000104/0092_01.jpg
VGGFace2,n000104,Agata_Buzek,0093_01.jpg,vggface2_balanced_100_100/n000104/0093_01.jpg
VGGFace2,n000104,Agata_Buzek,0094_01.jpg,vggface2_balanced_100_100/n000104/0094_01.jpg
VGGFace2,n000105,Agata_Kulesza,0001_02.jpg,vggface2_balanced_100_100/n000105/0001_02.jpg
VGGFace2,n000105,Agata_Kulesza,0002_01.jpg,vggface2_balanced_100_100/n000105/0002_01.jpg
VGGFace2,n000105,Agata_Kulesza,0003_01.jpg,vggface2_balanced_100_100/n000105/0003_01.jpg
VGGFace2,n000105,Agata_Kulesza,0004_01.jpg,vggface2_balanced_100_100/n000105/0004_01.jpg
VGGFace2,n000105,Agata_Kulesza,0005_01.jpg,vggface2_balanced_100_100/n000105/0005_01.jpg
VGGFace2,n000105,Agata_Kulesza,0006_01.jpg,vggface2_balanced_100_100/n000105/0006_01.jpg
VGGFace2,n000105,Agata_Kulesza,0006_02.jpg,vggface2_balanced_100_100/n000105/0006_02.jpg
VGGFace2,n000105,Agata_Kulesza,0007_01.jpg,vggface2_balanced_100_100/n000105/0007_01.jpg
VGGFace2,n000105,Agata_Kulesza,0008_01.jpg,vggface2_balanced_100_100/n000105/0008_01.jpg
VGGFace2,n000105,Agata_Kulesza,0009_01.jpg,vggface2_balanced_100_100/n000105/0009_01.jpg
VGGFace2,n000105,Agata_Kulesza,0010_01.jpg,vggface2_balanced_100_100/n000105/0010_01.jpg
VGGFace2,n000105,Agata_Kulesza,0011_01.jpg,vggface2_balanced_100_100/n000105/0011_01.jpg
VGGFace2,n000105,Agata_Kulesza,0012_02.jpg,vggface2_balanced_100_100/n000105/0012_02.jpg
VGGFace2,n000105,Agata_Kulesza,0013_01.jpg,vggface2_balanced_100_100/n000105/0013_01.jpg
VGGFace2,n000105,Agata_Kulesza,0014_01.jpg,vggface2_balanced_100_100/n000105/0014_01.jpg
VGGFace2,n000105,Agata_Kulesza,0015_01.jpg,vggface2_balanced_100_100/n000105/0015_01.jpg
VGGFace2,n000105,Agata_Kulesza,0016_02.jpg,vggface2_balanced_100_100/n000105/0016_02.jpg
VGGFace2,n000105,Agata_Kulesza,0017_01.jpg,vggface2_balanced_100_100/n000105/0017_01.jpg
VGGFace2,n000105,Agata_Kulesza,0018_01.jpg,vggface2_balanced_100_100/n000105/0018_01.jpg
VGGFace2,n000105,Agata_Kulesza,0019_01.jpg,vggface2_balanced_100_100/n000105/0019_01.jpg
VGGFace2,n000105,Agata_Kulesza,0020_01.jpg,vggface2_balanced_100_100/n000105/0020_01.jpg
VGGFace2,n000105,Agata_Kulesza,0021_01.jpg,vggface2_balanced_100_100/n000105/0021_01.jpg
VGGFace2,n000105,Agata_Kulesza,0022_01.jpg,vggface2_balanced_100_100/n000105/0022_01.jpg
VGGFace2,n000105,Agata_Kulesza,0022_02.jpg,vggface2_balanced_100_100/n000105/0022_02.jpg
VGGFace2,n000105,Agata_Kulesza,0023_01.jpg,vggface2_balanced_100_100/n000105/0023_01.jpg
VGGFace2,n000105,Agata_Kulesza,0024_01.jpg,vggface2_balanced_100_100/n000105/0024_01.jpg
VGGFace2,n000105,Agata_Kulesza,0025_01.jpg,vggface2_balanced_100_100/n000105/0025_01.jpg
VGGFace2,n000105,Agata_Kulesza,0026_01.jpg,vggface2_balanced_100_100/n000105/0026_01.jpg
VGGFace2,n000105,Agata_Kulesza,0027_01.jpg,vggface2_balanced_100_100/n000105/0027_01.jpg
VGGFace2,n000105,Agata_Kulesza,0028_01.jpg,vggface2_balanced_100_100/n000105/0028_01.jpg
VGGFace2,n000105,Agata_Kulesza,0029_02.jpg,vggface2_balanced_100_100/n000105/0029_02.jpg
VGGFace2,n000105,Agata_Kulesza,0030_01.jpg,vggface2_balanced_100_100/n000105/0030_01.jpg
VGGFace2,n000105,Agata_Kulesza,0031_01.jpg,vggface2_balanced_100_100/n000105/0031_01.jpg
VGGFace2,n000105,Agata_Kulesza,0032_01.jpg,vggface2_balanced_100_100/n000105/0032_01.jpg
VGGFace2,n000105,Agata_Kulesza,0033_02.jpg,vggface2_balanced_100_100/n000105/0033_02.jpg
VGGFace2,n000105,Agata_Kulesza,0034_01.jpg,vggface2_balanced_100_100/n000105/0034_01.jpg
VGGFace2,n000105,Agata_Kulesza,0035_01.jpg,vggface2_balanced_100_100/n000105/0035_01.jpg
VGGFace2,n000105,Agata_Kulesza,0036_01.jpg,vggface2_balanced_100_100/n000105/0036_01.jpg
VGGFace2,n000105,Agata_Kulesza,0037_01.jpg,vggface2_balanced_100_100/n000105/0037_01.jpg
VGGFace2,n000105,Agata_Kulesza,0038_01.jpg,vggface2_balanced_100_100/n000105/0038_01.jpg
VGGFace2,n000105,Agata_Kulesza,0039_01.jpg,vggface2_balanced_100_100/n000105/0039_01.jpg
VGGFace2,n000105,Agata_Kulesza,0040_01.jpg,vggface2_balanced_100_100/n000105/0040_01.jpg
VGGFace2,n000105,Agata_Kulesza,0041_01.jpg,vggface2_balanced_100_100/n000105/0041_01.jpg
VGGFace2,n000105,Agata_Kulesza,0042_01.jpg,vggface2_balanced_100_100/n000105/0042_01.jpg
VGGFace2,n000105,Agata_Kulesza,0043_01.jpg,vggface2_balanced_100_100/n000105/0043_01.jpg
VGGFace2,n000105,Agata_Kulesza,0044_01.jpg,vggface2_balanced_100_100/n000105/0044_01.jpg
VGGFace2,n000105,Agata_Kulesza,0045_01.jpg,vggface2_balanced_100_100/n000105/0045_01.jpg
VGGFace2,n000105,Agata_Kulesza,0046_01.jpg,vggface2_balanced_100_100/n000105/0046_01.jpg
VGGFace2,n000105,Agata_Kulesza,0047_02.jpg,vggface2_balanced_100_100/n000105/0047_02.jpg
VGGFace2,n000105,Agata_Kulesza,0048_01.jpg,vggface2_balanced_100_100/n000105/0048_01.jpg
VGGFace2,n000105,Agata_Kulesza,0049_01.jpg,vggface2_balanced_100_100/n000105/0049_01.jpg
VGGFace2,n000105,Agata_Kulesza,0050_01.jpg,vggface2_balanced_100_100/n000105/0050_01.jpg
VGGFace2,n000105,Agata_Kulesza,0051_01.jpg,vggface2_balanced_100_100/n000105/0051_01.jpg
VGGFace2,n000105,Agata_Kulesza,0052_01.jpg,vggface2_balanced_100_100/n000105/0052_01.jpg
VGGFace2,n000105,Agata_Kulesza,0053_01.jpg,vggface2_balanced_100_100/n000105/0053_01.jpg
VGGFace2,n000105,Agata_Kulesza,0054_01.jpg,vggface2_balanced_100_100/n000105/0054_01.jpg
VGGFace2,n000105,Agata_Kulesza,0055_01.jpg,vggface2_balanced_100_100/n000105/0055_01.jpg
VGGFace2,n000105,Agata_Kulesza,0056_01.jpg,vggface2_balanced_100_100/n000105/0056_01.jpg
VGGFace2,n000105,Agata_Kulesza,0057_02.jpg,vggface2_balanced_100_100/n000105/0057_02.jpg
VGGFace2,n000105,Agata_Kulesza,0058_01.jpg,vggface2_balanced_100_100/n000105/0058_01.jpg
VGGFace2,n000105,Agata_Kulesza,0059_01.jpg,vggface2_balanced_100_100/n000105/0059_01.jpg
VGGFace2,n000105,Agata_Kulesza,0060_01.jpg,vggface2_balanced_100_100/n000105/0060_01.jpg
VGGFace2,n000105,Agata_Kulesza,0061_01.jpg,vggface2_balanced_100_100/n000105/0061_01.jpg
VGGFace2,n000105,Agata_Kulesza,0062_01.jpg,vggface2_balanced_100_100/n000105/0062_01.jpg
VGGFace2,n000105,Agata_Kulesza,0062_02.jpg,vggface2_balanced_100_100/n000105/0062_02.jpg
VGGFace2,n000105,Agata_Kulesza,0063_01.jpg,vggface2_balanced_100_100/n000105/0063_01.jpg
VGGFace2,n000105,Agata_Kulesza,0064_03.jpg,vggface2_balanced_100_100/n000105/0064_03.jpg
VGGFace2,n000105,Agata_Kulesza,0065_01.jpg,vggface2_balanced_100_100/n000105/0065_01.jpg
VGGFace2,n000105,Agata_Kulesza,0066_01.jpg,vggface2_balanced_100_100/n000105/0066_01.jpg
VGGFace2,n000105,Agata_Kulesza,0067_01.jpg,vggface2_balanced_100_100/n000105/0067_01.jpg
VGGFace2,n000105,Agata_Kulesza,0068_02.jpg,vggface2_balanced_100_100/n000105/0068_02.jpg
VGGFace2,n000105,Agata_Kulesza,0069_01.jpg,vggface2_balanced_100_100/n000105/0069_01.jpg
VGGFace2,n000105,Agata_Kulesza,0070_01.jpg,vggface2_balanced_100_100/n000105/0070_01.jpg
VGGFace2,n000105,Agata_Kulesza,0071_03.jpg,vggface2_balanced_100_100/n000105/0071_03.jpg
VGGFace2,n000105,Agata_Kulesza,0072_01.jpg,vggface2_balanced_100_100/n000105/0072_01.jpg
VGGFace2,n000105,Agata_Kulesza,0073_01.jpg,vggface2_balanced_100_100/n000105/0073_01.jpg
VGGFace2,n000105,Agata_Kulesza,0074_01.jpg,vggface2_balanced_100_100/n000105/0074_01.jpg
VGGFace2,n000105,Agata_Kulesza,0075_01.jpg,vggface2_balanced_100_100/n000105/0075_01.jpg
VGGFace2,n000105,Agata_Kulesza,0076_01.jpg,vggface2_balanced_100_100/n000105/0076_01.jpg
VGGFace2,n000105,Agata_Kulesza,0077_01.jpg,vggface2_balanced_100_100/n000105/0077_01.jpg
VGGFace2,n000105,Agata_Kulesza,0078_01.jpg,vggface2_balanced_100_100/n000105/0078_01.jpg
VGGFace2,n000105,Agata_Kulesza,0079_01.jpg,vggface2_balanced_100_100/n000105/0079_01.jpg
VGGFace2,n000105,Agata_Kulesza,0080_01.jpg,vggface2_balanced_100_100/n000105/0080_01.jpg
VGGFace2,n000105,Agata_Kulesza,0081_01.jpg,vggface2_balanced_100_100/n000105/0081_01.jpg
VGGFace2,n000105,Agata_Kulesza,0081_02.jpg,vggface2_balanced_100_100/n000105/0081_02.jpg
VGGFace2,n000105,Agata_Kulesza,0082_01.jpg,vggface2_balanced_100_100/n000105/0082_01.jpg
VGGFace2,n000105,Agata_Kulesza,0083_01.jpg,vggface2_balanced_100_100/n000105/0083_01.jpg
VGGFace2,n000105,Agata_Kulesza,0084_01.jpg,vggface2_balanced_100_100/n000105/0084_01.jpg
VGGFace2,n000105,Agata_Kulesza,0084_02.jpg,vggface2_balanced_100_100/n000105/0084_02.jpg
VGGFace2,n000105,Agata_Kulesza,0085_01.jpg,vggface2_balanced_100_100/n000105/0085_01.jpg
VGGFace2,n000105,Agata_Kulesza,0086_01.jpg,vggface2_balanced_100_100/n000105/0086_01.jpg
VGGFace2,n000105,Agata_Kulesza,0087_01.jpg,vggface2_balanced_100_100/n000105/0087_01.jpg
VGGFace2,n000105,Agata_Kulesza,0089_01.jpg,vggface2_balanced_100_100/n000105/0089_01.jpg
VGGFace2,n000105,Agata_Kulesza,0090_01.jpg,vggface2_balanced_100_100/n000105/0090_01.jpg
VGGFace2,n000105,Agata_Kulesza,0091_01.jpg,vggface2_balanced_100_100/n000105/0091_01.jpg
VGGFace2,n000105,Agata_Kulesza,0092_02.jpg,vggface2_balanced_100_100/n000105/0092_02.jpg
VGGFace2,n000105,Agata_Kulesza,0093_01.jpg,vggface2_balanced_100_100/n000105/0093_01.jpg
VGGFace2,n000105,Agata_Kulesza,0094_01.jpg,vggface2_balanced_100_100/n000105/0094_01.jpg
VGGFace2,n000105,Agata_Kulesza,0095_02.jpg,vggface2_balanced_100_100/n000105/0095_02.jpg
VGGFace2,n000105,Agata_Kulesza,0096_01.jpg,vggface2_balanced_100_100/n000105/0096_01.jpg
VGGFace2,n000107,Agnes_Zawadzki,0001_01.jpg,vggface2_balanced_100_100/n000107/0001_01.jpg
VGGFace2,n000107,Agnes_Zawadzki,0002_01.jpg,vggface2_balanced_100_100/n000107/0002_01.jpg
VGGFace2,n000107,Agnes_Zawadzki,0003_02.jpg,vggface2_balanced_100_100/n000107/0003_02.jpg
VGGFace2,n000107,Agnes_Zawadzki,0003_03.jpg,vggface2_balanced_100_100/n000107/0003_03.jpg
VGGFace2,n000107,Agnes_Zawadzki,0004_02.jpg,vggface2_balanced_100_100/n000107/0004_02.jpg
VGGFace2,n000107,Agnes_Zawadzki,0005_02.jpg,vggface2_balanced_100_100/n000107/0005_02.jpg
VGGFace2,n000107,Agnes_Zawadzki,0005_03.jpg,vggface2_balanced_100_100/n000107/0005_03.jpg
VGGFace2,n000107,Agnes_Zawadzki,0006_01.jpg,vggface2_balanced_100_100/n000107/0006_01.jpg
VGGFace2,n000107,Agnes_Zawadzki,0007_01.jpg,vggface2_balanced_100_100/n000107/0007_01.jpg
VGGFace2,n000107,Agnes_Zawadzki,0007_02.jpg,vggface2_balanced_100_100/n000107/0007_02.jpg
VGGFace2,n000107,Agnes_Zawadzki,0008_01.jpg,vggface2_balanced_100_100/n000107/0008_01.jpg
VGGFace2,n000107,Agnes_Zawadzki,0009_01.jpg,vggface2_balanced_100_100/n000107/0009_01.jpg
VGGFace2,n000107,Agnes_Zawadzki,0010_01.jpg,vggface2_balanced_100_100/n000107/0010_01.jpg
VGGFace2,n000107,Agnes_Zawadzki,0011_01.jpg,vggface2_balanced_100_100/n000107/0011_01.jpg
VGGFace2,n000107,Agnes_Zawadzki,0012_01.jpg,vggface2_balanced_100_100/n000107/0012_01.jpg
VGGFace2,n000107,Agnes_Zawadzki,0013_01.jpg,vggface2_balanced_100_100/n000107/0013_01.jpg
VGGFace2,n000107,Agnes_Zawadzki,0014_01.jpg,vggface2_balanced_100_100/n000107/0014_01.jpg
VGGFace2,n000107,Agnes_Zawadzki,0015_01.jpg,vggface2_balanced_100_100/n000107/0015_01.jpg
VGGFace2,n000107,Agnes_Zawadzki,0016_01.jpg,vggface2_balanced_100_100/n000107/0016_01.jpg
VGGFace2,n000107,Agnes_Zawadzki,0017_01.jpg,vggface2_balanced_100_100/n000107/0017_01.jpg
VGGFace2,n000107,Agnes_Zawadzki,0018_01.jpg,vggface2_balanced_100_100/n000107/0018_01.jpg
VGGFace2,n000107,Agnes_Zawadzki,0019_01.jpg,vggface2_balanced_100_100/n000107/0019_01.jpg
VGGFace2,n000107,Agnes_Zawadzki,0020_01.jpg,vggface2_balanced_100_100/n000107/0020_01.jpg
VGGFace2,n000107,Agnes_Zawadzki,0021_01.jpg,vggface2_balanced_100_100/n000107/0021_01.jpg
VGGFace2,n000107,Agnes_Zawadzki,0021_02.jpg,vggface2_balanced_100_100/n000107/0021_02.jpg
VGGFace2,n000107,Agnes_Zawadzki,0022_01.jpg,vggface2_balanced_100_100/n000107/0022_01.jpg
VGGFace2,n000107,Agnes_Zawadzki,0023_01.jpg,vggface2_balanced_100_100/n000107/0023_01.jpg
VGGFace2,n000107,Agnes_Zawadzki,0024_01.jpg,vggface2_balanced_100_100/n000107/0024_01.jpg
VGGFace2,n000107,Agnes_Zawadzki,0025_01.jpg,vggface2_balanced_100_100/n000107/0025_01.jpg
VGGFace2,n000107,Agnes_Zawadzki,0026_01.jpg,vggface2_balanced_100_100/n000107/0026_01.jpg
VGGFace2,n000107,Agnes_Zawadzki,0027_01.jpg,vggface2_balanced_100_100/n000107/0027_01.jpg
VGGFace2,n000107,Agnes_Zawadzki,0028_01.jpg,vggface2_balanced_100_100/n000107/0028_01.jpg
VGGFace2,n000107,Agnes_Zawadzki,0029_01.jpg,vggface2_balanced_100_100/n000107/0029_01.jpg
VGGFace2,n000107,Agnes_Zawadzki,0030_01.jpg,vggface2_balanced_100_100/n000107/0030_01.jpg
VGGFace2,n000107,Agnes_Zawadzki,0031_01.jpg,vggface2_balanced_100_100/n000107/0031_01.jpg
VGGFace2,n000107,Agnes_Zawadzki,0032_01.jpg,vggface2_balanced_100_100/n000107/0032_01.jpg
VGGFace2,n000107,Agnes_Zawadzki,0033_01.jpg,vggface2_balanced_100_100/n000107/0033_01.jpg
VGGFace2,n000107,Agnes_Zawadzki,0034_01.jpg,vggface2_balanced_100_100/n000107/0034_01.jpg
VGGFace2,n000107,Agnes_Zawadzki,0035_03.jpg,vggface2_balanced_100_100/n000107/0035_03.jpg
VGGFace2,n000107,Agnes_Zawadzki,0036_01.jpg,vggface2_balanced_100_100/n000107/0036_01.jpg
VGGFace2,n000107,Agnes_Zawadzki,0037_03.jpg,vggface2_balanced_100_100/n000107/0037_03.jpg
VGGFace2,n000107,Agnes_Zawadzki,0038_01.jpg,vggface2_balanced_100_100/n000107/0038_01.jpg
VGGFace2,n000107,Agnes_Zawadzki,0039_01.jpg,vggface2_balanced_100_100/n000107/0039_01.jpg
VGGFace2,n000107,Agnes_Zawadzki,0040_01.jpg,vggface2_balanced_100_100/n000107/0040_01.jpg
VGGFace2,n000107,Agnes_Zawadzki,0041_01.jpg,vggface2_balanced_100_100/n000107/0041_01.jpg
VGGFace2,n000107,Agnes_Zawadzki,0042_01.jpg,vggface2_balanced_100_100/n000107/0042_01.jpg
VGGFace2,n000107,Agnes_Zawadzki,0043_01.jpg,vggface2_balanced_100_100/n000107/0043_01.jpg
VGGFace2,n000107,Agnes_Zawadzki,0044_02.jpg,vggface2_balanced_100_100/n000107/0044_02.jpg
VGGFace2,n000107,Agnes_Zawadzki,0045_01.jpg,vggface2_balanced_100_100/n000107/0045_01.jpg
VGGFace2,n000107,Agnes_Zawadzki,0046_01.jpg,vggface2_balanced_100_100/n000107/0046_01.jpg
VGGFace2,n000107,Agnes_Zawadzki,0047_01.jpg,vggface2_balanced_100_100/n000107/0047_01.jpg
VGGFace2,n000107,Agnes_Zawadzki,0048_01.jpg,vggface2_balanced_100_100/n000107/0048_01.jpg
VGGFace2,n000107,Agnes_Zawadzki,0048_02.jpg,vggface2_balanced_100_100/n000107/0048_02.jpg
VGGFace2,n000107,Agnes_Zawadzki,0049_01.jpg,vggface2_balanced_100_100/n000107/0049_01.jpg
VGGFace2,n000107,Agnes_Zawadzki,0050_01.jpg,vggface2_balanced_100_100/n000107/0050_01.jpg
VGGFace2,n000107,Agnes_Zawadzki,0051_01.jpg,vggface2_balanced_100_100/n000107/0051_01.jpg
VGGFace2,n000107,Agnes_Zawadzki,0052_01.jpg,vggface2_balanced_100_100/n000107/0052_01.jpg
VGGFace2,n000107,Agnes_Zawadzki,0053_01.jpg,vggface2_balanced_100_100/n000107/0053_01.jpg
VGGFace2,n000107,Agnes_Zawadzki,0054_02.jpg,vggface2_balanced_100_100/n000107/0054_02.jpg
VGGFace2,n000107,Agnes_Zawadzki,0055_01.jpg,vggface2_balanced_100_100/n000107/0055_01.jpg
VGGFace2,n000107,Agnes_Zawadzki,0056_01.jpg,vggface2_balanced_100_100/n000107/0056_01.jpg
VGGFace2,n000107,Agnes_Zawadzki,0057_01.jpg,vggface2_balanced_100_100/n000107/0057_01.jpg
VGGFace2,n000107,Agnes_Zawadzki,0058_02.jpg,vggface2_balanced_100_100/n000107/0058_02.jpg
VGGFace2,n000107,Agnes_Zawadzki,0058_03.jpg,vggface2_balanced_100_100/n000107/0058_03.jpg
VGGFace2,n000107,Agnes_Zawadzki,0059_02.jpg,vggface2_balanced_100_100/n000107/0059_02.jpg
VGGFace2,n000107,Agnes_Zawadzki,0059_03.jpg,vggface2_balanced_100_100/n000107/0059_03.jpg
VGGFace2,n000107,Agnes_Zawadzki,0060_01.jpg,vggface2_balanced_100_100/n000107/0060_01.jpg
VGGFace2,n000107,Agnes_Zawadzki,0061_01.jpg,vggface2_balanced_100_100/n000107/0061_01.jpg
VGGFace2,n000107,Agnes_Zawadzki,0062_01.jpg,vggface2_balanced_100_100/n000107/0062_01.jpg
VGGFace2,n000107,Agnes_Zawadzki,0063_01.jpg,vggface2_balanced_100_100/n000107/0063_01.jpg
VGGFace2,n000107,Agnes_Zawadzki,0064_01.jpg,vggface2_balanced_100_100/n000107/0064_01.jpg
VGGFace2,n000107,Agnes_Zawadzki,0065_01.jpg,vggface2_balanced_100_100/n000107/0065_01.jpg
VGGFace2,n000107,Agnes_Zawadzki,0066_01.jpg,vggface2_balanced_100_100/n000107/0066_01.jpg
VGGFace2,n000107,Agnes_Zawadzki,0067_01.jpg,vggface2_balanced_100_100/n000107/0067_01.jpg
VGGFace2,n000107,Agnes_Zawadzki,0068_03.jpg,vggface2_balanced_100_100/n000107/0068_03.jpg
VGGFace2,n000107,Agnes_Zawadzki,0069_01.jpg,vggface2_balanced_100_100/n000107/0069_01.jpg
VGGFace2,n000107,Agnes_Zawadzki,0070_01.jpg,vggface2_balanced_100_100/n000107/0070_01.jpg
VGGFace2,n000107,Agnes_Zawadzki,0071_01.jpg,vggface2_balanced_100_100/n000107/0071_01.jpg
VGGFace2,n000107,Agnes_Zawadzki,0072_01.jpg,vggface2_balanced_100_100/n000107/0072_01.jpg
VGGFace2,n000107,Agnes_Zawadzki,0073_01.jpg,vggface2_balanced_100_100/n000107/0073_01.jpg
VGGFace2,n000107,Agnes_Zawadzki,0074_03.jpg,vggface2_balanced_100_100/n000107/0074_03.jpg
VGGFace2,n000107,Agnes_Zawadzki,0075_01.jpg,vggface2_balanced_100_100/n000107/0075_01.jpg
VGGFace2,n000107,Agnes_Zawadzki,0076_01.jpg,vggface2_balanced_100_100/n000107/0076_01.jpg
VGGFace2,n000107,Agnes_Zawadzki,0077_04.jpg,vggface2_balanced_100_100/n000107/0077_04.jpg
VGGFace2,n000107,Agnes_Zawadzki,0078_01.jpg,vggface2_balanced_100_100/n000107/0078_01.jpg
VGGFace2,n000107,Agnes_Zawadzki,0079_01.jpg,vggface2_balanced_100_100/n000107/0079_01.jpg
VGGFace2,n000107,Agnes_Zawadzki,0080_01.jpg,vggface2_balanced_100_100/n000107/0080_01.jpg
VGGFace2,n000107,Agnes_Zawadzki,0081_01.jpg,vggface2_balanced_100_100/n000107/0081_01.jpg
VGGFace2,n000107,Agnes_Zawadzki,0082_01.jpg,vggface2_balanced_100_100/n000107/0082_01.jpg
VGGFace2,n000107,Agnes_Zawadzki,0083_02.jpg,vggface2_balanced_100_100/n000107/0083_02.jpg
VGGFace2,n000107,Agnes_Zawadzki,0084_01.jpg,vggface2_balanced_100_100/n000107/0084_01.jpg
VGGFace2,n000107,Agnes_Zawadzki,0085_01.jpg,vggface2_balanced_100_100/n000107/0085_01.jpg
VGGFace2,n000107,Agnes_Zawadzki,0086_02.jpg,vggface2_balanced_100_100/n000107/0086_02.jpg
VGGFace2,n000107,Agnes_Zawadzki,0086_03.jpg,vggface2_balanced_100_100/n000107/0086_03.jpg
VGGFace2,n000107,Agnes_Zawadzki,0088_01.jpg,vggface2_balanced_100_100/n000107/0088_01.jpg
VGGFace2,n000107,Agnes_Zawadzki,0089_01.jpg,vggface2_balanced_100_100/n000107/0089_01.jpg
VGGFace2,n000107,Agnes_Zawadzki,0090_01.jpg,vggface2_balanced_100_100/n000107/0090_01.jpg
VGGFace2,n000107,Agnes_Zawadzki,0091_01.jpg,vggface2_balanced_100_100/n000107/0091_01.jpg
VGGFace2,n000107,Agnes_Zawadzki,0092_01.jpg,vggface2_balanced_100_100/n000107/0092_01.jpg
VGGFace2,n000107,Agnes_Zawadzki,0093_01.jpg,vggface2_balanced_100_100/n000107/0093_01.jpg
