{
  "0": [
    [
      0.05000000074505806,
      0.10000000149011612,
      0.125,
      0.07500000298023224,
      0.17499999701976776,
      0.2750000059604645,
      0.20000000298023224,
      0.22499999403953552,
      0.30000001192092896,
      0.20000000298023224
    ],
    [
      0.07500000298023224,
      0.125,
      0.10000000149011612,
      0.05000000074505806,
      0.125,
      0.15000000596046448,
      0.22499999403953552,
      0.05000000074505806,
      0.125,
      0.25
    ],
    [
      0.05000000074505806,
      0.15000000596046448,
      0.2750000059604645,
      0.22499999403953552,
      0.32499998807907104,
      0.20000000298023224,
      0.20000000298023224,
      0.20000000298023224,
      0.3499999940395355,
      0.22499999403953552
    ]
  ],
  "0.5": [
    [
      0.17499999701976776,
      0.05000000074505806,
      0.125,
      0.07500000298023224,
      0.10000000149011612,
      0.22499999403953552,
      0.20000000298023224,
      0.15000000596046448,
      0.02500000037252903,
      0.125
    ],
    [
      0.15000000596046448,
      0.125,
      0.15000000596046448,
      0.02500000037252903,
      0.07500000298023224,
      0.17499999701976776,
      0.10000000149011612,
      0.07500000298023224,
      0.05000000074505806,
      0.15000000596046448
    ],
    [
      0.10000000149011612,
      0.05000000074505806,
      0.07500000298023224,
      0.125,
      0.15000000596046448,
      0.10000000149011612,
      0.15000000596046448,
      0.20000000298023224,
      0.125,
      0.07500000298023224
    ]
  ],
  "5": [
    [
      0.07500000298023224,
      0.05000000074505806,
      0.05000000074505806,
      0.05000000074505806,
      0.05000000074505806,
      0.125,
      0.125,
      0.10000000149011612,
      0.125,
      0.20000000298023224
    ],
    [
      0.07500000298023224,
      0.07500000298023224,
      0.125,
      0.125,
      0.125,
      0.05000000074505806,
      0.07500000298023224,
      0.125,
      0.17499999701976776,
      0.10000000149011612
    ],
    [
      0.02500000037252903,
      0.02500000037252903,
      0.05000000074505806,
      0.07500000298023224,
      0.07500000298023224,
      0.07500000298023224,
      0.20000000298023224,
      0.15000000596046448,
      0.125,
      0.05000000074505806
    ]
  ]
}