{
  "0": [
    [
      0.6871564984321594,
      0.5906150937080383,
      0.5424011945724487,
      0.5833598971366882,
      0.4854668080806732,
      0.44626522064208984,
      0.43565940856933594,
      0.4404713213443756,
      0.40457993745803833,
      0.36897602677345276
    ],
    [
      0.7378615140914917,
      0.6689528226852417,
      0.6224426627159119,
      0.5950696468353271,
      0.5723886489868164,
      0.4981030523777008,
      0.529299259185791,
      0.5076230764389038,
      0.476754754781723,
      0.4405565857887268
    ],
    [
      0.7475510239601135,
      0.649928092956543,
      0.5695474147796631,
      0.5677899718284607,
      0.5091085433959961,
      0.4732073247432709,
      0.446399450302124,
      0.44443434476852417,
      0.36197295784950256,
      0.4135192930698395
    ]
  ],
  "0.5": [
    [
      0.7514419555664062,
      0.7962232232093811,
      0.645034909248352,
      0.6690613031387329,
      0.5787795186042786,
      0.5583114624023438,
      0.5258243083953857,
      0.5120032429695129,
      0.4895230233669281,
      0.49052366614341736
    ],
    [
      0.8869212865829468,
      0.8968809247016907,
      0.7724944353103638,
      0.7229864597320557,
      0.7678391933441162,
      0.6380256414413452,
      0.629349946975708,
      0.6145200133323669,
      0.5645116567611694,
      0.5892873406410217
    ],
    [
      0.8439979553222656,
      0.8415895700454712,
      0.8407293558120728,
      0.7351678609848022,
      0.7514151334762573,
      0.6532254219055176,
      0.6518738865852356,
      0.5400368571281433,
      0.5396018028259277,
      0.5447524785995483
    ]
  ],
  "5": [
    [
      3.4148316383361816,
      3.4849085807800293,
      3.243837356567383,
      3.139164447784424,
      2.415371894836426,
      2.595961332321167,
      2.4946656227111816,
      2.6748549938201904,
      2.222771167755127,
      1.767754316329956
    ],
    [
      4.2031660079956055,
      4.1129631996154785,
      4.202166557312012,
      3.4646096229553223,
      3.3524909019470215,
      3.188927173614502,
      3.4831008911132812,
      3.1828293800354004,
      2.9321324825286865,
      2.8728504180908203
    ],
    [
      7.418544769287109,
      6.429913520812988,
      6.601995944976807,
      6.412196159362793,
      5.44783878326416,
      5.068958759307861,
      5.702942371368408,
      4.777085781097412,
      3.44317364692688,
      3.7065072059631348
    ]
  ]
}