{
  "0": [
    [
      0.7133954763412476,
      0.6225612759590149,
      0.5572648644447327,
      0.5252557992935181,
      0.5025743246078491,
      0.547575831413269,
      0.46367931365966797,
      0.42341548204421997,
      0.46145111322402954,
      0.4117855429649353
    ]
  ],
  "0.5": [
    [
      0.9544923901557922,
      1.0105241537094116,
      0.9159910082817078,
      0.8345806002616882,
      0.7782010436058044,
      0.718718409538269,
      0.6841100454330444,
      0.6760722994804382,
      0.6307885646820068,
      0.5753141641616821
    ]
  ],
  "5": [
    [
      4.031276702880859,
      4.432800769805908,
      3.9528000354766846,
      4.02560567855835,
      3.37579607963562,
      3.4735214710235596,
      2.7680487632751465,
      3.1308300495147705,
      3.1530537605285645,
      2.7096896171569824
    ]
  ]
}