{
  "0": [
    [
      0.07500000298023224,
      0.15000000596046448,
      0.15000000596046448,
      0.17499999701976776,
      0.10000000149011612,
      0.10000000149011612,
      0.15000000596046448,
      0.25,
      0.15000000596046448,
      0.32499998807907104
    ]
  ],
  "0.5": [
    [
      0.125,
      0.02500000037252903,
      0.07500000298023224,
      0.05000000074505806,
      0.05000000074505806,
      0.10000000149011612,
      0.125,
      0.125,
      0.125,
      0.17499999701976776
    ]
  ],
  "5": [
    [
      0.15000000596046448,
      0.10000000149011612,
      0.125,
      0.10000000149011612,
      0.17499999701976776,
      0.125,
      0.17499999701976776,
      0.125,
      0.07500000298023224,
      0.15000000596046448
    ]
  ]
}