{
  "0": [
    [
      0.6916513442993164,
      0.6898303627967834,
      0.687816321849823,
      0.6859142184257507,
      0.684253990650177,
      0.6827043294906616,
      0.6812301278114319,
      0.6797372698783875,
      0.6783296465873718,
      0.6765608191490173
    ]
  ],
  "0.5": [
    [
      0.6922010779380798,
      0.6912744641304016,
      0.6902490854263306,
      0.6891125440597534,
      0.6879990696907043,
      0.6867542862892151,
      0.6854358911514282,
      0.6840014457702637,
      0.6826168298721313,
      0.6812252402305603
    ]
  ],
  "5": [
    [
      0.6916227340698242,
      0.6900830268859863,
      0.6884370446205139,
      0.686771035194397,
      0.6850196123123169,
      0.683200478553772,
      0.6813315153121948,
      0.679423451423645,
      0.6774674654006958,
      0.675418496131897
    ]
  ]
}