{
  "0": [
    [
      0.691836953163147,
      0.6900159120559692,
      0.6879823803901672,
      0.6864064335823059,
      0.6847339868545532,
      0.6826854944229126,
      0.6803761720657349,
      0.6778087615966797,
      0.675436794757843,
      0.6733925938606262
    ],
    [
      0.6919122934341431,
      0.6902816295623779,
      0.6885777711868286,
      0.6868901252746582,
      0.6851671934127808,
      0.6832279562950134,
      0.6816480755805969,
      0.6798961758613586,
      0.6783373951911926,
      0.6763738393783569
    ],
    [
      0.6919540762901306,
      0.6902467012405396,
      0.6883917450904846,
      0.686418890953064,
      0.6843324303627014,
      0.682418704032898,
      0.6811227798461914,
      0.6799445152282715,
      0.6784124374389648,
      0.6763083338737488
    ]
  ],
  "0.5": [
    [
      0.691403865814209,
      0.6900650858879089,
      0.6885446906089783,
      0.6869000196456909,
      0.685202419757843,
      0.6833269000053406,
      0.681323230266571,
      0.6792738437652588,
      0.6772679686546326,
      0.6755557060241699
    ],
    [
      0.6918678283691406,
      0.6906646490097046,
      0.6892597675323486,
      0.6877492666244507,
      0.686260998249054,
      0.6846623420715332,
      0.683143138885498,
      0.6816825866699219,
      0.6802037358283997,
      0.6788212060928345
    ],
    [
      0.6919179558753967,
      0.6907147169113159,
      0.6894699335098267,
      0.6881497502326965,
      0.6867520213127136,
      0.6852978467941284,
      0.6837862730026245,
      0.6821994185447693,
      0.6805804967880249,
      0.6789907217025757
    ]
  ],
  "5": [
    [
      0.6917120814323425,
      0.6901400089263916,
      0.6883931159973145,
      0.6865958571434021,
      0.684837818145752,
      0.6829986572265625,
      0.6810700297355652,
      0.6790341138839722,
      0.6769336462020874,
      0.674723207950592
    ],
    [
      0.6917859315872192,
      0.6905449628829956,
      0.6893063187599182,
      0.6879875659942627,
      0.6865290999412537,
      0.6849972605705261,
      0.6834573745727539,
      0.6818490028381348,
      0.6802318096160889,
      0.6785548329353333
    ],
    [
      0.6925508379936218,
      0.691931962966919,
      0.6912049651145935,
      0.6904622912406921,
      0.6896848678588867,
      0.688860297203064,
      0.6879860758781433,
      0.6870690584182739,
      0.6860988140106201,
      0.6851040720939636
    ]
  ]
}